time [s],channel_4_data.input_voltage,channel_4_data.output_voltage,
9.7e-07,5791,12448,
0.00100007,5791,12448,
0.00200006,5791,12434,
0.00300006,5791,12434,
0.00400004,5798,12448,
0.00500002,5798,12448,
0.00600004,5798,12434,
0.00700001,5798,12434,
0.00800001,5791,12448,
0.00900003,5791,12448,
0.01,5787,12448,
0.011,5787,12448,
0.012,5791,12448,
0.013,5791,12448,
0.0140001,5794,12448,
0.015,5794,12448,
0.016,5798,12448,
0.0170001,5798,12448,
0.0184298,5791,12448,
0.0200793,5791,12448,
0.02103,5791,12448,
0.0218662,5791,12448,
0.0227022,5791,12448,
0.0235738,5794,12448,
0.0244106,5794,12448,
0.0252411,5794,12448,
0.0262999,5798,12448,
0.0271345,5798,12448,
0.0282945,5791,12434,
0.0293746,5791,12448,
0.0304919,5791,12448,
0.0313696,5791,12448,
0.032244,5791,12448,
0.0331202,5791,12448,
0.034,5798,12448,
0.035,5798,12448,
0.036,5798,12434,
0.0370001,5798,12434,
0.0380001,5794,12448,
0.039,5794,12448,
0.04,5787,12448,
0.041,5787,12448,
0.042,5791,12434,
0.0430001,5791,12434,
0.044,5794,12448,
0.045,5794,12448,
0.0460751,5794,12434,
0.047,5794,12434,
0.048,5794,12448,
0.049,5794,12448,
0.05,5791,12448,
0.051,5791,12448,
0.052,5791,12434,
0.0530001,5791,12434,
0.0540001,5794,12434,
0.0554219,5794,12448,
0.0570117,5794,12448,
0.0578864,5794,12434,
0.0587456,5794,12434,
0.059621,5791,12434,
0.060493,5791,12434,
0.061375,5791,12434,
0.062246,5791,12448,
0.063123,5791,12448,
0.064,5798,12448,
0.0650001,5798,12448,
0.066,5798,12434,
0.067,5798,12434,
0.0683184,5794,12434,
0.069252,5794,12434,
0.070077,5791,12448,
0.071,5791,12448,
0.0720001,5791,12448,
0.073,5791,12448,
0.074,5798,12434,
0.075,5798,12434,
0.0760001,5798,12448,
0.0770001,5798,12448,
0.078,5798,12434,
0.079,5798,12434,
0.08,5791,12448,
0.081,5791,12448,
0.082,5791,12448,
0.0830005,5791,12448,
0.084,5798,12448,
0.085,5798,12448,
0.0860001,5801,12448,
0.087,5801,12448,
0.088,5794,12448,
0.089,5794,12448,
0.09,5791,12448,
0.091,5791,12448,
0.092,5791,12448,
0.093,5791,12448,
0.094,5798,12448,
0.095,5798,12448,
0.096,5798,12448,
0.097,5798,12448,
0.098,5794,12448,
0.099,5794,12448,
0.100181,5791,12434,
0.101009,5791,12434,
0.102,5794,12434,
0.103,5794,12434,
0.104,5794,12448,
0.105,5794,12448,
0.106,5798,12448,
0.107,5798,12448,
0.108,5794,12434,
0.109,5794,12434,
0.11,5791,12434,
0.111,5791,12434,
0.112,5794,12434,
0.113,5794,12434,
0.114,5798,12448,
0.115,5798,12448,
0.116586,5798,12448,
0.118289,5794,12434,
0.119907,5791,12434,
0.120704,5791,12434,
0.121741,5791,12448,
0.122466,5791,12448,
0.123195,5791,12448,
0.123918,5794,12448,
0.124661,5794,12448,
0.125372,5794,12448,
0.126068,5801,12434,
0.127,5801,12434,
0.128,5798,12448,
0.129,5798,12448,
0.13,5791,12448,
0.131,5791,12448,
0.132,5791,12448,
0.133,5791,12448,
0.134,5794,12434,
0.135,5794,12434,
0.136,5798,12448,
0.137,5798,12448,
0.138,5794,12448,
0.139,5794,12448,
0.14,5791,12448,
0.141,5791,12448,
0.142,5791,12448,
0.143,5791,12448,
0.144,5794,12434,
0.145,5794,12434,
0.146,5801,12448,
0.147,5801,12448,
0.148,5798,12448,
0.149,5798,12448,
0.15,5791,12448,
0.151,5791,12448,
0.152,5791,12448,
0.153,5791,12448,
0.154,5798,12448,
0.155152,5798,12448,
0.156557,5798,12434,
0.157665,5798,12448,
0.158368,5798,12448,
0.159067,5798,12448,
0.16,5791,12448,
0.161,5791,12448,
0.162,5794,12448,
0.163,5794,12448,
0.164301,5798,12448,
0.16565,5798,12448,
0.16649,5798,12448,
0.16727,5798,12448,
0.168079,5794,12448,
0.169,5794,12448,
0.17,5791,12434,
0.171,5791,12434,
0.172,5791,12434,
0.173,5791,12434,
0.174,5798,12434,
0.175,5798,12434,
0.176,5801,12434,
0.177,5801,12434,
0.178,5798,12448,
0.179,5798,12448,
0.18,5791,12448,
0.181622,5791,12434,
0.182531,5791,12434,
0.183295,5791,12434,
0.184122,5794,12448,
0.185,5794,12448,
0.186,5798,12434,
0.187,5798,12434,
0.188,5798,12448,
0.189,5798,12448,
0.19,5791,12448,
0.191,5791,12448,
0.192,5791,12448,
0.193,5791,12448,
0.194,5798,12448,
0.195,5798,12448,
0.196,5801,12448,
0.197,5801,12448,
0.198,5794,12434,
0.199,5794,12434,
0.2,5794,12448,
0.201,5794,12448,
0.202,5794,12434,
0.203186,5794,12434,
0.204478,5798,12448,
0.205581,5798,12434,
0.206406,5798,12434,
0.207249,5798,12434,
0.208106,5794,12434,
0.209,5794,12434,
0.21,5794,12463,
0.211,5794,12463,
0.212,5794,12448,
0.213,5794,12448,
0.214,5794,12434,
0.215,5794,12434,
0.216,5798,12448,
0.217,5798,12448,
0.218,5791,12448,
0.219,5791,12448,
0.22,5787,12448,
0.221,5787,12448,
0.222,5794,12448,
0.223,5794,12448,
0.224,5794,12448,
0.225,5794,12448,
0.226,5801,12448,
0.227,5801,12448,
0.228,5798,12448,
0.229,5798,12448,
0.23,5791,12448,
0.231,5791,12448,
0.232,5791,12448,
0.233,5791,12448,
0.234123,5794,12448,
0.235,5794,12448,
0.236,5794,12448,
0.237,5794,12448,
0.238,5794,12434,
0.239,5794,12434,
0.24,5791,12448,
0.241,5791,12448,
0.242,5787,12434,
0.243,5787,12434,
0.244,5794,12448,
0.245,5794,12448,
0.246,5798,12448,
0.247,5798,12448,
0.248,5794,12448,
0.249,5794,12448,
0.25,5787,12448,
0.251,5787,12448,
0.252,5791,12448,
0.253,5791,12448,
0.254,5794,12448,
0.255,5794,12448,
0.256,5794,12434,
0.257,5794,12434,
0.258,5794,12434,
0.259,5794,12434,
0.26,5791,12448,
0.261,5791,12448,
0.262,5794,12448,
0.263,5794,12448,
0.264,5798,12434,
0.265,5798,12434,
0.266,5798,12448,
0.267,5798,12448,
0.268,5794,12434,
0.269,5794,12434,
0.27,5791,12448,
0.271,5791,12448,
0.272074,5794,12448,
0.273132,5794,12448,
0.274349,5798,12434,
0.275156,5798,12434,
0.276,5798,12448,
0.277,5798,12448,
0.278,5791,12434,
0.279,5791,12434,
0.280004,5794,12448,
0.281,5794,12448,
0.282,5791,12434,
0.283,5791,12434,
0.284,5794,12448,
0.285,5794,12448,
0.286,5794,12448,
0.287,5794,12448,
0.288,5791,12434,
0.289,5791,12434,
0.29,5791,12448,
0.291,5791,12448,
0.292,5791,12434,
0.293,5791,12434,
0.294007,5794,12434,
0.295,5794,12434,
0.296,5798,12448,
0.297,5798,12448,
0.298,5794,12448,
0.299,5794,12448,
0.3,5791,12448,
0.301,5791,12448,
0.302,5787,12448,
0.303,5787,12448,
0.304,5791,12434,
0.305,5791,12434,
0.306,5798,12448,
0.307,5798,12448,
0.308,5794,12448,
0.309,5794,12448,
0.31,5794,12448,
0.311,5794,12448,
0.312,5791,12434,
0.313,5791,12434,
0.314,5798,12434,
0.315,5798,12434,
0.316,5794,12434,
0.31716,5794,12434,
0.318801,5794,12434,
0.320279,5791,12434,
0.321678,5791,12448,
0.322394,5791,12448,
0.323113,5791,12448,
0.323821,5798,12434,
0.324552,5798,12434,
0.32528,5798,12434,
0.326,5798,12448,
0.327,5798,12448,
0.328,5794,12448,
0.329,5794,12448,
0.33,5791,12448,
0.331,5791,12448,
0.332,5791,12448,
0.333,5791,12448,
0.334,5794,12448,
0.335,5794,12448,
0.336,5798,12448,
0.337,5798,12448,
0.338,5794,12448,
0.339,5794,12448,
0.34,5791,12448,
0.341,5791,12448,
0.342,5794,12448,
0.343,5794,12448,
0.344,5794,12434,
0.345,5794,12434,
0.346,5798,12434,
0.347,5798,12434,
0.348,5791,12448,
0.349,5791,12448,
0.35,5787,12448,
0.351,5787,12448,
0.352,5794,12434,
0.353,5794,12434,
0.354,5794,12434,
0.355,5794,12434,
0.356,5798,12434,
0.357,5798,12434,
0.358,5794,12420,
0.359,5794,12420,
0.36,5791,12434,
0.361,5791,12434,
0.362,5791,12434,
0.363,5791,12434,
0.364,5794,12434,
0.365,5794,12434,
0.366,5798,12434,
0.367,5798,12434,
0.368,5794,12448,
0.369,5794,12448,
0.37,5787,12448,
0.371,5787,12448,
0.372,5791,12448,
0.373,5791,12448,
0.374,5794,12448,
0.375,5794,12448,
0.376,5798,12448,
0.377,5798,12448,
0.378,5794,12448,
0.379,5794,12448,
0.38,5791,12448,
0.381,5791,12448,
0.382,5791,12420,
0.383215,5791,12434,
0.384866,5794,12434,
0.385593,5794,12448,
0.386334,5798,12448,
0.387022,5798,12448,
0.388,5794,12448,
0.389,5794,12448,
0.39,5791,12448,
0.391,5791,12448,
0.392,5791,12434,
0.393,5791,12434,
0.394,5794,12434,
0.395,5794,12434,
0.396,5801,12448,
0.397,5801,12448,
0.398,5794,12434,
0.399,5794,12434,
0.4,5791,12448,
0.401,5791,12448,
0.402,5791,12434,
0.403,5791,12434,
0.404,5794,12448,
0.405,5794,12448,
0.406,5798,12434,
0.407,5798,12434,
0.408,5794,12448,
0.409,5794,12448,
0.41,5791,12434,
0.411,5791,12434,
0.412,5791,12434,
0.413,5791,12434,
0.414,5798,12434,
0.415,5798,12434,
0.416,5798,12448,
0.417,5798,12448,
0.418,5791,12434,
0.419,5791,12434,
0.42,5791,12434,
0.421,5791,12434,
0.422,5791,12434,
0.423,5791,12434,
0.424,5794,12434,
0.425,5794,12434,
0.426,5801,12448,
0.427,5801,12448,
0.428,5794,12448,
0.429,5794,12448,
0.43,5791,12420,
0.431,5791,12420,
0.432,5794,12448,
0.433,5794,12448,
0.434,5798,12448,
0.435,5798,12448,
0.436,5801,12434,
0.437,5801,12434,
0.438,5794,12448,
0.439,5794,12448,
0.44,5791,12448,
0.441,5791,12448,
0.44213,5791,12434,
0.443167,5791,12434,
0.444,5794,12448,
0.445,5794,12448,
0.446,5798,12434,
0.447,5798,12434,
0.448,5794,12434,
0.449,5794,12434,
0.45,5791,12448,
0.451,5791,12448,
0.452,5791,12448,
0.453,5791,12448,
0.454,5794,12448,
0.455,5794,12448,
0.456,5798,12448,
0.457,5798,12448,
0.458,5794,12434,
0.459,5794,12434,
0.46,5791,12448,
0.461,5791,12448,
0.462,5791,12434,
0.463,5791,12434,
0.464,5794,12434,
0.465,5794,12434,
0.466,5798,12448,
0.467,5798,12448,
0.468,5794,12448,
0.469,5794,12448,
0.47,5791,12434,
0.471,5791,12434,
0.472,5791,12448,
0.47336,5798,12434,
0.474626,5798,12434,
0.475333,5798,12434,
0.476051,5801,12448,
0.477,5801,12448,
0.478,5794,12448,
0.479,5794,12448,
0.48,5791,12448,
0.481,5791,12448,
0.482,5794,12434,
0.483,5794,12434,
0.484,5794,12448,
0.485,5794,12448,
0.486,5798,12448,
0.487,5798,12448,
0.488,5794,12448,
0.489,5794,12448,
0.49,5791,12448,
0.491,5791,12448,
0.492,5794,12434,
0.493,5794,12434,
0.494,5794,12448,
0.495,5794,12448,
0.496,5798,12448,
0.497,5798,12448,
0.498,5794,12434,
0.499,5794,12434,
0.500145,5791,12448,
0.501,5791,12448,
0.502,5791,12448,
0.503,5791,12448,
0.504005,5798,12448,
0.505607,5794,12434,
0.506589,5794,12434,
0.507381,5794,12434,
0.508744,5791,12434,
0.510352,5791,12448,
0.511573,5791,12434,
0.51237,5791,12434,
0.513293,5791,12434,
0.514051,5794,12448,
0.514897,5794,12448,
0.515763,5801,12434,
0.516669,5801,12434,
0.518151,5794,12434,
0.519789,5791,12448,
0.520988,5791,12448,
0.521703,5791,12434,
0.522425,5791,12434,
0.523122,5791,12434,
0.523846,5798,12434,
0.524546,5798,12434,
0.525415,5798,12434,
0.526661,5798,12448,
0.527629,5794,12448,
0.528501,5794,12448,
0.529357,5794,12448,
0.530208,5791,12448,
0.531085,5791,12448,
0.532,5794,12448,
0.533,5794,12448,
0.534,5794,12448,
0.535,5794,12448,
0.536,5798,12434,
0.537,5798,12434,
0.53868,5794,12434,
0.54064,5791,12448,
0.541999,5791,12434,
0.5427,5791,12434,
0.543391,5791,12434,
0.544169,5798,12434,
0.545367,5798,12434,
0.546359,5798,12434,
0.54715,5798,12434,
0.547941,5794,12434,
0.548716,5794,12434,
0.549521,5794,12448,
0.55038,5791,12448,
0.551156,5791,12448,
0.552007,5791,12434,
0.553,5791,12434,
0.554,5794,12448,
0.555,5794,12448,
0.556,5798,12434,
0.557,5798,12434,
0.558,5794,12448,
0.559,5794,12448,
0.56,5791,12448,
0.561,5791,12448,
0.562,5791,12448,
0.563,5791,12448,
0.564,5798,12448,
0.565,5798,12448,
0.566,5798,12448,
0.567,5798,12448,
0.568,5798,12448,
0.569,5798,12448,
0.57,5791,12448,
0.571,5791,12448,
0.572,5791,12448,
0.573,5791,12448,
0.574,5798,12448,
0.575,5798,12448,
0.576,5798,12434,
0.577,5798,12434,
0.578,5794,12434,
0.579,5794,12434,
0.58,5791,12434,
0.581,5791,12434,
0.582,5794,12434,
0.583,5794,12434,
0.584,5798,12434,
0.585,5798,12434,
0.586,5801,12448,
0.587,5801,12448,
0.588,5791,12448,
0.589,5791,12448,
0.59,5791,12448,
0.591,5791,12448,
0.592,5791,12448,
0.593,5791,12448,
0.594,5794,12448,
0.595,5794,12448,
0.596,5798,12448,
0.597,5798,12448,
0.598,5794,12434,
0.599,5794,12434,
0.6,5787,12434,
0.601,5787,12434,
0.602,5791,12434,
0.603,5791,12434,
0.604,5794,12448,
0.605,5794,12448,
0.606,5798,12448,
0.607,5798,12448,
0.608,5798,12448,
0.609,5798,12448,
0.61,5791,12448,
0.611,5791,12448,
0.612,5791,12448,
0.613,5791,12448,
0.614602,5798,12434,
0.616346,5798,12448,
0.617771,5794,12434,
0.619449,5791,12434,
0.621081,5791,12434,
0.62295,5791,12434,
0.623839,5798,12448,
0.624712,5798,12448,
0.625429,5798,12448,
0.626149,5798,12448,
0.626895,5798,12448,
0.627623,5798,12448,
0.628339,5794,12448,
0.630219,5787,12448,
0.631487,5787,12448,
0.632176,5791,12448,
0.63289,5791,12448,
0.633636,5791,12448,
0.634349,5798,12448,
0.635055,5798,12448,
0.635753,5798,12448,
0.636476,5798,12448,
0.637201,5798,12448,
0.637962,5798,12448,
0.638712,5798,12448,
0.639499,5798,12448,
0.640272,5791,12448,
0.64104,5791,12448,
0.642,5794,12448,
0.643,5794,12448,
0.644,5794,12434,
0.645,5794,12434,
0.646,5798,12448,
0.647,5798,12448,
0.648,5794,12448,
0.649,5794,12448,
0.65,5791,12448,
0.651,5791,12448,
0.652,5791,12448,
0.653,5791,12448,
0.654,5794,12434,
0.655,5794,12434,
0.656,5798,12448,
0.657,5798,12448,
0.658,5794,12434,
0.659,5794,12434,
0.66,5791,12434,
0.661,5791,12434,
0.662,5791,12434,
0.663,5791,12434,
0.664544,5794,12448,
0.665399,5794,12448,
0.666256,5794,12448,
0.667086,5794,12448,
0.668,5794,12448,
0.669,5794,12448,
0.67,5791,12448,
0.671,5791,12448,
0.672,5791,12448,
0.673,5791,12448,
0.674,5798,12448,
0.675,5798,12448,
0.676,5798,12448,
0.677,5798,12448,
0.678,5794,12434,
0.679,5794,12434,
0.68,5791,12448,
0.681,5791,12448,
0.682,5791,12434,
0.683,5791,12434,
0.684,5798,12434,
0.685,5798,12434,
0.686,5794,12434,
0.687,5794,12434,
0.688,5794,12448,
0.689,5794,12448,
0.69,5791,12434,
0.691,5791,12434,
0.692,5791,12434,
0.693,5791,12434,
0.694,5794,12448,
0.695,5794,12448,
0.696,5798,12434,
0.697,5798,12434,
0.698,5798,12434,
0.699001,5798,12434,
0.7,5791,12448,
0.701,5791,12448,
0.702,5794,12448,
0.703,5794,12448,
0.704,5798,12448,
0.705,5798,12448,
0.706,5801,12448,
0.707,5801,12448,
0.708,5794,12434,
0.709,5794,12434,
0.71,5791,12448,
0.711,5791,12448,
0.712,5791,12448,
0.713,5791,12448,
0.714,5798,12463,
0.715,5798,12463,
0.716,5798,12434,
0.717,5798,12434,
0.718,5794,12434,
0.719,5794,12434,
0.72,5791,12448,
0.721,5791,12448,
0.722,5791,12448,
0.723,5791,12448,
0.724,5794,12448,
0.725,5794,12448,
0.726165,5798,12434,
0.727,5798,12434,
0.728,5794,12448,
0.729,5794,12448,
0.73,5791,12448,
0.731,5791,12448,
0.732219,5791,12434,
0.733017,5791,12434,
0.734,5794,12448,
0.735,5794,12448,
0.736,5798,12448,
0.737,5798,12448,
0.738,5794,12434,
0.739,5794,12434,
0.74,5791,12434,
0.741,5791,12434,
0.742,5791,12448,
0.743266,5791,12448,
0.745021,5794,12448,
0.74579,5798,12448,
0.746633,5798,12448,
0.74738,5798,12448,
0.748082,5794,12448,
0.749,5794,12448,
0.75,5787,12434,
0.751,5787,12434,
0.752,5791,12448,
0.753,5791,12448,
0.754,5794,12448,
0.755,5794,12448,
0.756,5801,12448,
0.757,5801,12448,
0.758055,5791,12434,
0.759396,5791,12434,
0.760263,5791,12448,
0.761134,5791,12448,
0.762005,5787,12434,
0.763,5787,12434,
0.764,5798,12448,
0.765,5798,12448,
0.766,5798,12448,
0.767,5798,12448,
0.768,5791,12448,
0.769005,5791,12448,
0.77,5791,12434,
0.771,5791,12434,
0.772,5791,12434,
0.773,5791,12434,
0.774,5794,12434,
0.775,5794,12434,
0.776,5794,12434,
0.777,5794,12434,
0.778,5791,12434,
0.779,5791,12434,
0.78,5791,12448,
0.781,5791,12448,
0.782,5791,12434,
0.783,5791,12434,
0.784,5794,12434,
0.785,5794,12434,
0.786507,5798,12448,
0.787464,5798,12448,
0.788315,5798,12448,
0.789028,5798,12448,
0.79,5791,12448,
0.791,5791,12448,
0.792,5791,12434,
0.793,5791,12434,
0.794,5794,12434,
0.795,5794,12434,
0.796,5798,12434,
0.797,5798,12434,
0.798,5798,12434,
0.799,5798,12434,
0.8,5791,12448,
0.801,5791,12448,
0.802,5791,12448,
0.803,5791,12448,
0.804,0,12448,
0.805,0,12448,
0.806,0,12448,
0.807,0,12448,
0.808,0,12448,
0.809,0,12448,
0.81,0,12448,
0.811,0,12448,
0.812,0,12448,
0.813,0,12448,
0.814,0,12448,
0.815,0,12448,
0.816,0,12448,
0.817,0,12448,
0.818,0,12448,
0.819,0,12448,
0.82,0,12434,
0.821,0,12434,
0.822,0,12448,
0.823,0,12448,
0.824,93,12434,
0.825,93,12434,
0.826,485,12448,
0.827,485,12448,
0.828,870,12434,
0.829,870,12434,
0.83,1242,12434,
0.831,1242,12434,
0.832,1617,12434,
0.833,1617,12434,
0.834,1991,12434,
0.835,1991,12434,
0.836,2370,12448,
0.837,2370,12448,
0.838,2734,12448,
0.839,2734,12448,
0.84,3102,12434,
0.841,3102,12434,
0.842,3459,12448,
0.843,3459,12448,
0.844,3827,12434,
0.845,3827,12434,
0.846,4191,12448,
0.847,4191,12448,
0.848059,4556,12448,
0.849,4556,12448,
0.85,4913,12448,
0.851,4913,12448,
0.852,5270,12434,
0.853,5270,12434,
0.854,5604,12434,
0.855,5604,12434,
0.856,5753,12448,
0.857,5753,12448,
0.858,5784,12434,
0.859,5784,12434,
0.86,5784,12434,
0.861,5784,12434,
0.862,5787,12448,
0.863,5787,12448,
0.864,5794,12448,
0.865,5794,12448,
0.866,5794,12434,
0.867,5794,12434,
0.868,5794,12434,
0.869,5794,12434,
0.87,5791,12448,
0.871,5791,12448,
0.872,5791,12448,
0.873,5791,12448,
0.874,5794,12448,
0.875,5794,12448,
0.876,5794,12448,
0.877,5794,12448,
0.878,5794,12448,
0.879,5794,12448,
0.88,5791,12448,
0.881,5791,12448,
0.882,5791,12448,
0.883,5791,12448,
0.884,5794,12448,
0.885,5794,12448,
0.886,5798,12448,
0.887,5798,12448,
0.888,5794,12463,
0.889,5794,12463,
0.89,5787,12448,
0.891,5787,12448,
0.892,5791,12434,
0.893,5791,12434,
0.894,5794,12448,
0.895,5794,12448,
0.896,5798,12448,
0.897,5798,12448,
0.898,5791,12434,
0.899017,5791,12434,
0.900499,5791,12434,
0.901206,5791,12434,
0.902,5791,12434,
0.903,5791,12434,
0.904,5794,12448,
0.905,5794,12448,
0.906,5798,12448,
0.907,5798,12448,
0.908,5794,12448,
0.909,5794,12448,
0.91,5791,12448,
0.911,5791,12448,
0.912,5791,12434,
0.913,5791,12434,
0.914,5798,12448,
0.915,5798,12448,
0.916,5794,12448,
0.917,5794,12448,
0.918,5798,12448,
0.919,5798,12448,
0.92,5774,12434,
0.921,5774,12434,
0.922,5770,12434,
0.923,5770,12434,
0.924,5777,12434,
0.925,5777,12434,
0.926,5781,12434,
0.927,5781,12434,
0.928,5777,12448,
0.929125,5777,12448,
0.930297,5774,12448,
0.931059,5774,12448,
0.932,5774,12434,
0.933,5774,12434,
0.934,5781,12448,
0.935,5781,12448,
0.936,5781,12448,
0.937,5781,12448,
0.938,5777,12434,
0.939,5777,12434,
0.94,5774,12448,
0.941,5774,12448,
0.942,5774,12448,
0.943,5774,12448,
0.944,5774,12434,
0.945,5774,12434,
0.946,5777,12434,
0.947,5777,12434,
0.948,5774,12434,
0.949,5774,12434,
0.95,5767,12434,
0.951,5767,12434,
0.952,5770,12448,
0.953,5770,12448,
0.954,5774,12448,
0.955,5774,12448,
0.956,5777,12448,
0.957,5777,12448,
0.958,5774,12448,
0.959,5774,12448,
0.96,5770,12434,
0.961,5770,12434,
0.962,5770,12448,
0.963,5770,12448,
0.964,5777,12434,
0.965,5777,12434,
0.966,5781,12434,
0.967,5781,12434,
0.968,5774,12434,
0.969,5774,12434,
0.97,5770,12448,
0.971,5770,12448,
0.972,5770,12448,
0.973,5770,12448,
0.974,5774,12448,
0.975,5774,12448,
0.976,5774,12448,
0.977,5774,12448,
0.978,5774,12448,
0.979,5774,12448,
0.98,5770,12434,
0.981,5770,12434,
0.982,5767,12434,
0.983,5767,12434,
0.984,5774,12434,
0.985,5774,12434,
0.986,5774,12448,
0.987,5774,12448,
0.988,5774,12448,
0.989,5774,12448,
0.99066,5770,12434,
0.99243,5770,12448,
0.993909,5774,12448,
0.994762,5774,12448,
0.995642,5774,12434,
0.996517,5774,12434,
0.997387,5774,12434,
0.99826,5774,12420,
0.999135,5774,12420,
0.999937,5767,12434,
1.00072,5767,12434,
1.00166,5770,12420,
1.00313,5770,12420,
1.00442,5774,12434,
1.00513,5774,12434,
1.00591,5774,12434,
1.00666,5774,12434,
1.00739,5774,12434,
1.00813,5767,12448,
1.009,5767,12448,
1.01,5767,12434,
1.011,5767,12434,
1.012,5767,12434,
1.013,5767,12434,
1.014,5770,12434,
1.015,5770,12434,
1.016,5774,12448,
1.017,5774,12448,
1.018,5770,12420,
1.019,5770,12420,
1.02,5767,12434,
1.021,5767,12434,
1.022,5767,12434,
1.023,5767,12434,
1.024,5774,12434,
1.025,5774,12434,
1.02674,5770,12434,
1.02813,5770,12448,
1.0289,5770,12448,
1.02971,5770,12448,
1.03094,5767,12448,
1.0324,5770,12434,
1.03418,5770,12434,
1.03501,5770,12434,
1.03627,5770,12434,
1.03738,5770,12434,
1.03811,5767,12448,
1.03882,5767,12448,
1.03954,5767,12448,
1.04027,5763,12448,
1.04112,5763,12448,
1.04192,5763,12434,
1.04262,5763,12434,
1.04331,5763,12434,
1.044,5767,12448,
1.045,5767,12448,
1.046,5770,12448,
1.047,5770,12448,
1.048,5767,12434,
1.049,5767,12434,
1.05,5763,12434,
1.051,5763,12434,
1.052,5763,12434,
1.053,5763,12434,
1.054,5767,12448,
1.055,5767,12448,
1.056,5770,12448,
1.057,5770,12448,
1.058,5767,12434,
1.059,5767,12434,
1.06,5756,12448,
1.061,5756,12448,
1.062,5756,12434,
1.063,5756,12434,
1.064,5763,12434,
1.065,5763,12434,
1.066,5763,12434,
1.067,5763,12434,
1.068,5763,12434,
1.069,5763,12434,
1.07,5756,12448,
1.071,5756,12448,
1.072,5756,12448,
1.073,5756,12448,
1.074,5760,12434,
1.075,5760,12434,
1.076,5760,12434,
1.077,5760,12434,
1.078,5756,12448,
1.079,5756,12448,
1.08,5749,12448,
1.081,5749,12448,
1.082,5746,12448,
1.083,5746,12448,
1.084,5760,12448,
1.085,5760,12448,
1.086,5753,12434,
1.087,5753,12434,
1.088,5753,12448,
1.089,5753,12448,
1.09,5742,12448,
1.091,5742,12448,
1.092,5746,12434,
1.093,5746,12434,
1.094,5746,12434,
1.095,5746,12434,
1.096,5749,12434,
1.09705,5749,12434,
1.098,5742,12434,
1.099,5742,12434,
1.1,5735,12434,
1.101,5735,12434,
1.102,5739,12463,
1.10337,5739,12448,
1.10494,5742,12448,
1.10571,5742,12448,
1.10661,5742,12448,
1.10731,5742,12448,
1.10801,5739,12448,
1.109,5739,12448,
1.11,5735,12448,
1.111,5735,12448,
1.112,5728,12434,
1.113,5728,12434,
1.114,5735,12448,
1.115,5735,12448,
1.116,5735,12434,
1.117,5735,12434,
1.118,5728,12448,
1.119,5728,12448,
1.12,5722,12448,
1.121,5722,12448,
1.122,5722,12448,
1.123,5722,12448,
1.124,5725,12448,
1.125,5725,12448,
1.126,5725,12434,
1.127,5725,12434,
1.128,5718,12448,
1.129,5718,12448,
1.13,5711,12448,
1.131,5711,12448,
1.132,5711,12463,
1.133,5711,12463,
1.134,5715,12448,
1.135,5715,12448,
1.136,5715,12448,
1.137,5715,12448,
1.138,5708,12434,
1.139,5708,12434,
1.14,5704,12434,
1.141,5704,12434,
1.14255,5697,12434,
1.14326,5697,12434,
1.144,5701,12434,
1.145,5701,12434,
1.146,5701,12448,
1.147,5701,12448,
1.148,5697,12448,
1.149,5697,12448,
1.15,5690,12448,
1.151,5690,12448,
1.152,5687,12448,
1.153,5687,12448,
1.154,5687,12434,
1.155,5687,12434,
1.156,5690,12434,
1.157,5690,12434,
1.158,5683,12448,
1.15951,5673,12448,
1.16057,5673,12448,
1.16128,5673,12448,
1.162,5673,12434,
1.163,5673,12434,
1.164,5673,12448,
1.165,5673,12448,
1.166,5669,12448,
1.167,5669,12448,
1.168,5663,12448,
1.169,5663,12448,
1.17,5652,12448,
1.171,5652,12448,
1.172,5652,12448,
1.173,5652,12448,
1.174,5656,12434,
1.175,5656,12434,
1.176,5652,12448,
1.177,5652,12448,
1.178,5645,12434,
1.179,5645,12434,
1.18,5635,12448,
1.181,5635,12448,
1.182,5624,12448,
1.183,5624,12448,
1.184,5628,12434,
1.185,5628,12434,
1.186,5624,12448,
1.187,5624,12448,
1.188,5617,12448,
1.189,5617,12448,
1.19,5607,12448,
1.191,5607,12448,
1.192,5597,12448,
1.193,5597,12448,
1.194,5600,12448,
1.195,5600,12448,
1.196,5597,12463,
1.197,5597,12463,
1.198,5586,12448,
1.199,5586,12448,
1.2,5572,12448,
1.201,5572,12448,
1.20232,5558,12448,
1.20346,5558,12448,
1.20426,5558,12434,
1.20514,5558,12434,
1.20602,5552,12448,
1.207,5552,12448,
1.208,5534,12448,
1.209,5534,12448,
1.21,5520,12448,
1.211,5520,12448,
1.212,5506,12448,
1.213,5506,12448,
1.214,5493,12448,
1.21579,5486,12448,
1.21657,5486,12448,
1.21726,5486,12448,
1.218,5468,12434,
1.219,5468,12434,
1.22,5444,12448,
1.221,5444,12448,
1.222,5423,12448,
1.223,5423,12448,
1.224,5402,12448,
1.225,5402,12448,
1.226,5381,12448,
1.227,5381,12448,
1.228,5350,12448,
1.229,5350,12448,
1.23,5316,12448,
1.231,5316,12448,
1.232,5284,12463,
1.23314,5284,12463,
1.234,5253,12448,
1.235,5253,12448,
1.236,5225,12448,
1.237,5225,12448,
1.238,5194,12448,
1.239,5194,12448,
1.24,5156,12448,
1.241,5156,12448,
1.242,5118,12448,
1.243,5118,12448,
1.244,5083,12434,
1.2456,5083,12434,
1.24635,5052,12448,
1.24705,5052,12448,
1.248,5017,12448,
1.249,5017,12448,
1.25,4972,12448,
1.251,4972,12448,
1.252,4927,12448,
1.253,4927,12448,
1.254,4889,12448,
1.255,4889,12448,
1.256,4854,12448,
1.257,4854,12448,
1.258,4812,12448,
1.259,4812,12448,
1.26055,4771,12448,
1.26196,4729,12434,
1.2636,4691,12448,
1.26457,4691,12448,
1.26538,4691,12448,
1.26609,4656,12448,
1.26679,4656,12448,
1.26751,4656,12448,
1.26822,4618,12448,
1.269,4618,12448,
1.27,4580,12448,
1.271,4580,12448,
1.272,4535,12448,
1.273,4535,12448,
1.274,4500,12448,
1.275,4500,12448,
1.276,4465,12448,
1.277,4465,12448,
1.278,4427,12448,
1.279,4427,12448,
1.28024,4382,12448,
1.281,4382,12448,
1.282,4340,12463,
1.283,4340,12463,
1.284,4306,12448,
1.285,4306,12448,
1.286,4271,12448,
1.287,4271,12448,
1.288,4240,12448,
1.289,4240,12448,
1.29,4202,12448,
1.291,4202,12448,
1.292,4160,12434,
1.293,4160,12434,
1.294,4125,12448,
1.295,4125,12448,
1.296,4098,12448,
1.297,4098,12448,
1.298,4063,12434,
1.299,4063,12434,
1.3,4018,12448,
1.301,4018,12448,
1.30252,3976,12448,
1.30372,3976,12448,
1.30447,3945,12448,
1.30516,3945,12448,
1.306,3917,12463,
1.307,3917,12463,
1.308,3882,12448,
1.309,3882,12448,
1.31,3848,12448,
1.311,3848,12448,
1.31204,3813,12434,
1.31363,3813,12448,
1.31452,3785,12448,
1.3154,3785,12448,
1.31627,3754,12448,
1.31714,3754,12448,
1.31802,3726,12448,
1.319,3726,12448,
1.32,3692,12448,
1.321,3692,12448,
1.322,3660,12448,
1.323,3660,12448,
1.324,3633,12448,
1.325,3633,12448,
1.326,3605,12448,
1.327,3605,12448,
1.328,3574,12448,
1.329,3574,12448,
1.33,3542,12448,
1.331,3542,12448,
1.332,3511,12434,
1.333,3511,12434,
1.334,3487,12448,
1.335,3487,12448,
1.336,3463,12448,
1.337,3463,12448,
1.338,3438,12434,
1.339,3438,12434,
1.34,3407,12434,
1.341,3407,12434,
1.342,3379,12448,
1.343,3379,12448,
1.344,3358,12434,
1.345,3358,12434,
1.346,3338,12448,
1.347,3338,12448,
1.348,3313,12463,
1.349,3313,12463,
1.35,3282,12448,
1.351,3282,12448,
1.352,3254,12448,
1.353,3254,12448,
1.354,3234,12434,
1.355,3234,12434,
1.356,3216,12376,
1.357,3216,12376,
1.358,3195,12362,
1.359,3195,12362,
1.36,3168,12362,
1.361,3168,12362,
1.362,3147,12448,
1.363,3147,12448,
1.364,3126,12448,
1.365,3126,12448,
1.366,3112,12434,
1.36724,3112,12434,
1.368,3091,12448,
1.369,3091,12448,
1.37,3067,12448,
1.371,3067,12448,
1.372,3043,12448,
1.373,3043,12448,
1.374,3029,12434,
1.375,3029,12434,
1.376,3018,12434,
1.377,3018,12434,
1.378,3001,12448,
1.379,3001,12448,
1.38005,2977,12448,
1.38161,2977,12448,
1.38235,2959,12420,
1.38305,2959,12420,
1.384,2946,12448,
1.385,2946,12448,
1.386,2932,12448,
1.387,2932,12448,
1.388,2918,12448,
1.389,2918,12448,
1.39,2900,12434,
1.391,2900,12434,
1.39262,2880,12448,
1.39421,2869,12434,
1.39588,2859,12434,
1.39659,2859,12434,
1.39729,2859,12434,
1.39801,2845,12448,
1.3987,2845,12448,
1.39942,2845,12448,
1.40023,2828,12434,
1.4011,2828,12434,
1.40239,2814,12448,
1.40309,2814,12448,
1.404,2803,12434,
1.405,2803,12434,
1.406,2796,12448,
1.407,2796,12448,
1.408,2782,12448,
1.409,2782,12448,
1.41,2772,12448,
1.411,2772,12448,
1.412,2755,12434,
1.413,2755,12434,
1.414,2748,12448,
1.415,2748,12448,
1.41607,2741,12434,
1.417,2741,12434,
1.418,2730,12448,
1.419,2730,12448,
1.42,2720,12405,
1.421,2720,12405,
1.422,2703,12448,
1.423,2703,12448,
1.424,2699,12420,
1.425,2699,12420,
1.426,2696,12448,
1.427,2696,12448,
1.428,2685,12434,
1.429,2685,12434,
1.43,2675,12448,
1.431,2675,12448,
1.432,2664,12434,
1.433,2664,12434,
1.434,2658,12448,
1.435,2658,12448,
1.436,2658,12448,
1.437,2658,12448,
1.438,2647,12448,
1.439,2647,12448,
1.44,2637,12448,
1.441,2637,12448,
1.442,2626,12434,
1.443,2626,12434,
1.444,2623,12448,
1.445,2623,12448,
1.446,2626,12448,
1.447,2626,12448,
1.448,2616,12448,
1.449,2616,12448,
1.45,2605,12448,
1.451,2605,12448,
1.452,2599,12448,
1.453,2599,12448,
1.454,2595,12448,
1.455,2595,12448,
1.456,2599,12448,
1.457,2599,12448,
1.458,2588,12434,
1.459,2588,12434,
1.46,2585,12434,
1.461,2585,12434,
1.462,2578,12448,
1.463,2578,12448,
1.464,2574,12448,
1.465,2574,12448,
1.466,2574,12448,
1.467,2574,12448,
1.468,2574,12448,
1.469,2574,12448,
1.47,2560,12448,
1.471,2560,12448,
1.472,2557,12463,
1.473,2557,12463,
1.474,2557,12448,
1.475,2557,12448,
1.476,2560,12448,
1.477,2560,12448,
1.478,2553,12448,
1.479,2553,12448,
1.48,2546,12434,
1.481,2546,12434,
1.482,2543,12448,
1.483,2543,12448,
1.484,2543,12448,
1.485,2543,12448,
1.486,2540,12448,
1.487,2540,12448,
1.488,2540,12448,
1.489,2540,12448,
1.49,2533,12448,
1.491,2533,12448,
1.492,2526,12448,
1.493,2526,12448,
1.49401,2529,12448,
1.495,2529,12448,
1.496,2533,12448,
1.497,2533,12448,
1.498,2533,12448,
1.499,2533,12448,
1.5,2522,12448,
1.501,2522,12448,
1.502,2522,12448,
1.503,2522,12448,
1.504,2522,12434,
1.505,2522,12434,
1.506,2526,12448,
1.507,2526,12448,
1.508,2526,12448,
1.509,2526,12448,
1.51,2519,12448,
1.511,2519,12448,
1.512,2515,12434,
1.513,2515,12434,
1.51419,2515,12448,
1.515,2515,12448,
1.516,2519,12434,
1.517,2519,12434,
1.518,2519,12448,
1.519,2519,12448,
1.52,2512,12448,
1.521,2512,12448,
1.52206,2508,12448,
1.523,2508,12448,
1.524,2512,12448,
1.525,2512,12448,
1.526,2519,12448,
1.527,2519,12448,
1.528,2519,12448,
1.529,2519,12448,
1.53,2515,12463,
1.531,2515,12463,
1.532,2512,12448,
1.533,2512,12448,
1.534,2512,12448,
1.535,2512,12448,
1.536,2515,12448,
1.537,2515,12448,
1.538,2519,12434,
1.539,2519,12434,
1.54,2515,12448,
1.541,2515,12448,
1.542,2512,12448,
1.543,2512,12448,
1.544,2512,12448,
1.545,2512,12448,
1.546,2519,12448,
1.547,2519,12448,
1.548,2515,12420,
1.549,2515,12420,
1.55,2512,12448,
1.551,2512,12448,
1.552,2512,12448,
1.553,2512,12448,
1.554,2512,12434,
1.555,2512,12434,
1.556,2519,12434,
1.557,2519,12434,
1.558,2519,12434,
1.559,2519,12434,
1.56,2515,12434,
1.561,2515,12434,
1.562,2508,12448,
1.563,2508,12448,
1.564,2515,12434,
1.565,2515,12434,
1.56601,2519,12448,
1.56751,2519,12448,
1.56849,2519,12448,
1.56928,2519,12448,
1.57015,2519,12448,
1.57107,2519,12448,
1.572,2515,12448,
1.573,2515,12448,
1.574,2519,12448,
1.575,2519,12448,
1.576,2519,12448,
1.577,2519,12448,
1.578,2522,12434,
1.579,2522,12434,
1.58,2519,12434,
1.581,2519,12434,
1.582,2512,12434,
1.583,2512,12434,
1.584,2519,12434,
1.585,2519,12434,
1.586,2522,12434,
1.587,2522,12434,
1.588,2522,12448,
1.589,2522,12448,
1.59,2519,12420,
1.591,2519,12420,
1.592,2519,12448,
1.593,2519,12448,
1.594,2522,12448,
1.595,2522,12448,
1.596,2526,12448,
1.597,2526,12448,
1.598,2522,12434,
1.599,2522,12434,
1.6,2522,12448,
1.60108,2522,12448,
1.602,2519,12448,
1.603,2519,12448,
1.604,2522,12448,
1.605,2522,12448,
1.606,2526,12434,
1.607,2526,12434,
1.608,2526,12448,
1.609,2526,12448,
1.61,2519,12448,
1.611,2519,12448,
1.612,2515,12448,
1.613,2515,12448,
1.614,2515,12448,
1.615,2515,12448,
1.616,2522,12448,
1.61716,2522,12448,
1.618,2522,12448,
1.619,2522,12448,
1.62,2519,12448,
1.621,2519,12448,
1.622,2512,12448,
1.623,2512,12448,
1.624,2512,12434,
1.625,2512,12434,
1.626,2515,12448,
1.627,2515,12448,
1.628,2519,12420,
1.629,2519,12420,
1.63,2512,12434,
1.63213,2508,12420,
1.63354,2508,12420,
1.63426,2508,12448,
1.63499,2508,12448,
1.63572,2508,12448,
1.63645,2512,12448,
1.63721,2512,12448,
1.63883,2508,12448,
1.64021,2505,12434,
1.64097,2505,12434,
1.64167,2505,12434,
1.64237,2498,12448,
1.64307,2498,12448,
1.644,2498,12448,
1.645,2498,12448,
1.646,2501,12448,
1.647,2501,12448,
1.648,2498,12448,
1.649,2498,12448,
1.65,2487,12434,
1.651,2487,12434,
1.652,2484,12448,
1.653,2484,12448,
1.654,2484,12448,
1.65526,2484,12448,
1.65672,2484,12448,
1.65774,2484,12448,
1.65845,2481,12448,
1.65922,2481,12448,
1.66,2474,12434,
1.661,2474,12434,
1.662,2467,12448,
1.663,2467,12448,
1.664,2467,12448,
1.665,2467,12448,
1.66608,2467,12434,
1.66768,2467,12434,
1.66843,2463,12448,
1.66917,2463,12448,
1.67,2449,12434,
1.671,2449,12434,
1.672,2446,12448,
1.673,2446,12448,
1.674,2442,12434,
1.675,2442,12434,
1.676,2446,12434,
1.677,2446,12434,
1.678,2435,12420,
1.679,2435,12420,
1.68,2429,12434,
1.681,2429,12434,
1.682,2418,12434,
1.683,2418,12434,
1.684,2415,12448,
1.685,2415,12448,
1.68602,2408,12448,
1.687,2408,12448,
1.688,2404,12463,
1.689,2404,12463,
1.69,2394,12448,
1.69111,2394,12448,
1.69227,2383,12448,
1.69302,2383,12448,
1.694,2376,12434,
1.695,2376,12434,
1.696,2376,12463,
1.697,2376,12463,
1.698,2370,12420,
1.69998,2352,12448,
1.70115,2352,12448,
1.70187,2342,12448,
1.70265,2342,12448,
1.70345,2342,12448,
1.70429,2335,12448,
1.70508,2335,12448,
1.706,2331,12434,
1.70709,2331,12434,
1.708,2317,12434,
1.709,2317,12434,
1.71,2307,12448,
1.711,2307,12448,
1.712,2293,12434,
1.713,2293,12434,
1.714,2286,12448,
1.715,2286,12448,
1.716,2279,12448,
1.717,2279,12448,
1.718,2269,12448,
1.719,2269,12448,
1.72,2252,12448,
1.721,2252,12448,
1.722,2234,12448,
1.723,2234,12448,
1.724,2227,12434,
1.72518,2227,12434,
1.726,2220,12420,
1.727,2220,12420,
1.728,2206,12448,
1.729,2206,12448,
1.73,2186,12448,
1.731,2186,12448,
1.732,2172,12448,
1.733,2172,12448,
1.734,2161,12434,
1.735,2161,12434,
1.736,2154,12448,
1.737,2154,12448,
1.738,2137,12434,
1.739,2137,12434,
1.74,2120,12448,
1.741,2120,12448,
1.742,2102,12448,
1.743,2102,12448,
1.744,2085,12448,
1.745,2085,12448,
1.746,2078,12434,
1.747,2078,12434,
1.748,2061,12448,
1.749,2061,12448,
1.75011,2036,12448,
1.75178,2036,12434,
1.75254,2019,12434,
1.75324,2019,12434,
1.754,2002,12448,
1.755,2002,12448,
1.756,1991,12434,
1.757,1991,12434,
1.758,1974,12448,
1.759,1974,12448,
1.76057,1953,12348,
1.76163,1953,12348,
1.76241,1932,12448,
1.76328,1932,12448,
1.76405,1911,12434,
1.765,1911,12434,
1.766,1898,12448,
1.767,1898,12448,
1.768,1873,12448,
1.769,1873,12448,
1.77,1852,12448,
1.771,1852,12448,
1.772,1828,12448,
1.773,1828,12448,
1.774,1811,12448,
1.775,1811,12448,
1.776,1790,12448,
1.777,1790,12448,
1.778,1769,12448,
1.779,1769,12448,
1.78,1741,12434,
1.781,1741,12434,
1.782,1717,12448,
1.783,1717,12448,
1.784,1696,12448,
1.785,1696,12448,
1.786,1679,12448,
1.787,1679,12448,
1.788,1655,12448,
1.789,1655,12448,
1.79,1630,12434,
1.791,1630,12434,
1.792,1599,12448,
1.793,1599,12448,
1.794,1578,12434,
1.795,1578,12434,
1.796,1554,12463,
1.797,1554,12463,
1.798,1533,12448,
1.799,1533,12448,
1.8,1502,12434,
1.801,1502,12434,
1.802,1478,12434,
1.803,1478,12434,
1.804,1453,12448,
1.805,1453,12448,
1.806,1433,12434,
1.807,1433,12434,
1.808,1412,12434,
1.809,1412,12434,
1.81,1384,12448,
1.811,1384,12448,
1.812,1353,12448,
1.813,1353,12448,
1.814,1335,12405,
1.815,1335,12405,
1.816,1311,12448,
1.817,1311,12448,
1.818,1290,12434,
1.819,1290,12434,
1.82,1266,12434,
1.821,1266,12434,
1.822,1238,12434,
1.823,1238,12434,
1.824,1221,12448,
1.825,1221,12448,
1.826,1204,12448,
1.827,1204,12448,
1.828,1186,12448,
1.829,1186,12448,
1.83,1158,12448,
1.831,1158,12448,
1.832,1141,12448,
1.833,1141,12448,
1.834,1127,12448,
1.835,1127,12448,
1.836,1117,12448,
1.837,1117,12448,
1.838,1103,12434,
1.839,1103,12434,
1.84,1082,12448,
1.841,1082,12448,
1.842,1068,12448,
1.843,1068,12448,
1.844,1058,12434,
1.845,1058,12434,
1.846,1051,12448,
1.847,1051,12448,
1.848,1037,12434,
1.849,1037,12434,
1.85,1027,12434,
1.851,1027,12434,
1.852,1013,12434,
1.853,1013,12434,
1.854,1006,12434,
1.855,1006,12434,
1.856,1002,12434,
1.857,1002,12434,
1.858,999,12434,
1.859,999,12434,
1.86,988,12448,
1.861,988,12448,
1.862,975,12448,
1.863,975,12448,
1.864,968,12434,
1.865,968,12434,
1.866,968,12434,
1.867,968,12434,
1.868,961,12448,
1.869,961,12448,
1.87,954,12434,
1.871,954,12434,
1.872,943,12448,
1.873,943,12448,
1.874,947,12448,
1.875,947,12448,
1.876,940,12448,
1.877,940,12448,
1.878,936,12448,
1.879,936,12448,
1.88,923,12434,
1.881,923,12434,
1.882,916,12448,
1.883,916,12448,
1.884,909,12448,
1.885,909,12448,
1.886,912,12448,
1.887,912,12448,
1.888,905,12434,
1.889,905,12434,
1.89,895,12434,
1.89164,895,12448,
1.89312,888,12448,
1.89457,888,12434,
1.89552,888,12434,
1.89627,888,12448,
1.89696,888,12448,
1.89768,888,12448,
1.89839,877,12434,
1.8993,877,12434,
1.90059,870,12434,
1.90154,870,12434,
1.90228,864,12448,
1.90302,864,12448,
1.9047,860,12434,
1.90545,860,12434,
1.90615,860,12434,
1.907,860,12434,
1.908,860,12448,
1.909,860,12448,
1.91,850,12434,
1.911,850,12434,
1.912,843,12420,
1.913,843,12420,
1.914,839,12448,
1.915,839,12448,
1.916,843,12448,
1.917,843,12448,
1.918,839,12434,
1.919,839,12434,
1.92,829,12434,
1.921,829,12434,
1.922,822,12448,
1.923,822,12448,
1.924,822,12434,
1.925,822,12434,
1.926,825,12448,
1.927,825,12448,
1.928,818,12434,
1.929,818,12434,
1.93,815,12434,
1.931,815,12434,
1.932,805,12448,
1.933,805,12448,
1.934,805,12448,
1.935,805,12448,
1.936,808,12448,
1.937,808,12448,
1.938,805,12448,
1.939,805,12448,
1.94,798,12391,
1.941,798,12391,
1.942,791,12434,
1.943,791,12434,
1.944,791,12434,
1.945,791,12434,
1.946,794,12448,
1.947,794,12448,
1.948,794,12448,
1.949,794,12448,
1.95,787,12448,
1.951,787,12448,
1.952,780,12434,
1.953,780,12434,
1.954,780,12448,
1.955,780,12448,
1.956,784,12448,
1.957,784,12448,
1.958,784,12434,
1.959,784,12434,
1.96,777,12434,
1.961,777,12434,
1.962,770,12463,
1.963,770,12463,
1.964,766,12434,
1.965,766,12434,
1.966,777,12434,
1.96764,777,12448,
1.96858,773,12448,
1.96927,773,12448,
1.97,770,12448,
1.971,770,12448,
1.972,766,12448,
1.973,766,12448,
1.974,763,12448,
1.975,763,12448,
1.976,766,12448,
1.977,766,12448,
1.978,766,12434,
1.979,766,12434,
1.98,763,12434,
1.981,763,12434,
1.982,759,12448,
1.983,759,12448,
1.984,759,12448,
1.985,759,12448,
1.986,763,12448,
1.987,763,12448,
1.988,759,12448,
1.989,759,12448,
1.99,756,12434,
1.991,756,12434,
1.992,752,12434,
1.993,752,12434,
1.994,756,12434,
1.995,756,12434,
1.996,763,12448,
1.997,763,12448,
1.998,759,12448,
1.999,759,12448,
2,759,12434,
2.001,759,12434,
2.002,749,12448,
2.003,749,12448,
2.004,756,12434,
2.005,756,12434,
2.006,756,12448,
2.007,756,12448,
2.008,759,12434,
2.009,759,12434,
2.01,756,12448,
2.011,756,12448,
2.012,752,12448,
2.013,752,12448,
2.014,756,12434,
2.015,756,12434,
2.016,763,12448,
2.017,763,12448,
2.018,763,12434,
2.019,763,12434,
2.02,759,12448,
2.021,759,12448,
2.022,756,12448,
2.023,756,12448,
2.024,759,12448,
2.025,759,12448,
2.026,763,12448,
2.027,763,12448,
2.028,770,12448,
2.029,770,12448,
2.03,763,12448,
2.031,763,12448,
2.032,759,12448,
2.033,759,12448,
2.034,763,12434,
2.035,763,12434,
2.03673,773,12448,
2.03855,777,12448,
2.03974,777,12448,
2.04051,766,12434,
2.04121,766,12434,
2.04194,766,12448,
2.04266,770,12448,
2.04342,770,12448,
2.04417,770,12448,
2.045,770,12448,
2.046,784,12434,
2.047,784,12434,
2.048,780,12434,
2.049,780,12434,
2.05,780,12448,
2.051,780,12448,
2.052,780,12448,
2.053,780,12448,
2.054,784,12448,
2.055,784,12448,
2.056,791,12434,
2.057,791,12434,
2.058,798,12448,
2.059,798,12448,
2.06,794,12434,
2.061,794,12434,
2.062,794,12434,
2.063,794,12434,
2.064,801,12448,
2.065,801,12448,
2.066,808,12434,
2.067,808,12434,
2.068,815,12448,
2.069,815,12448,
2.07,811,12448,
2.071,811,12448,
2.072,815,12434,
2.073,815,12434,
2.074,822,12434,
2.075,822,12434,
2.076,829,12448,
2.077,829,12448,
2.078,836,12448,
2.079,836,12448,
2.08,839,12448,
2.081,839,12448,
2.082,839,12448,
2.083,839,12448,
2.084,843,12448,
2.085,843,12448,
2.086,850,12434,
2.087,850,12434,
2.088,860,12448,
2.089,860,12448,
2.09,857,12434,
2.091,857,12434,
2.092,860,12448,
2.093,860,12448,
2.094,867,12448,
2.095,867,12448,
2.096,877,12434,
2.097,877,12434,
2.098,888,12434,
2.099,888,12434,
2.1,881,12448,
2.101,881,12448,
2.102,888,12434,
2.103,888,12434,
2.104,891,12448,
2.105,891,12448,
2.106,905,12448,
2.107,905,12448,
2.108,912,12448,
2.109,912,12448,
2.11,916,12434,
2.111,916,12434,
2.112,916,12434,
2.113,916,12434,
2.114,923,12434,
2.115,923,12434,
2.116,936,12448,
2.117,936,12448,
2.118,947,12434,
2.119,947,12434,
2.12,950,12434,
2.121,950,12434,
2.122,950,12434,
2.123,950,12434,
2.124,961,12448,
2.125,961,12448,
2.126,971,12434,
2.127,971,12434,
2.128,975,12434,
2.129,975,12434,
2.13,978,12434,
2.131,978,12434,
2.132,975,12448,
2.133,975,12448,
2.134,982,12434,
2.135,982,12434,
2.136,985,12448,
2.137,985,12448,
2.138,985,12434,
2.139,985,12434,
2.14,985,12434,
2.141,985,12434,
2.142,985,12448,
2.143,985,12448,
2.144,992,12434,
2.145,992,12434,
2.146,999,12448,
2.147,999,12448,
2.148,999,12448,
2.149,999,12448,
2.15,995,12448,
2.151,995,12448,
2.152,999,12448,
2.153,999,12448,
2.154,1002,12448,
2.155,1002,12448,
2.156,1013,12448,
2.157,1013,12448,
2.158,1013,12448,
2.159,1013,12448,
2.16,1009,12448,
2.161,1009,12448,
2.162,1009,12448,
2.163,1009,12448,
2.164,1016,12448,
2.165,1016,12448,
2.166,1020,12434,
2.167,1020,12434,
2.168,1023,12448,
2.169,1023,12448,
2.17,1023,12448,
2.17175,1023,12448,
2.17262,1023,12448,
2.17349,1023,12448,
2.17436,1030,12448,
2.17524,1030,12448,
2.17611,1030,12448,
2.177,1030,12448,
2.178,1034,12448,
2.179,1034,12448,
2.18063,1034,12448,
2.1815,1034,12448,
2.18221,1034,12448,
2.183,1034,12448,
2.184,1037,12434,
2.185,1037,12434,
2.186,1047,12448,
2.187,1047,12448,
2.188,1047,12448,
2.189,1047,12448,
2.19,1047,12448,
2.191,1047,12448,
2.192,1047,12448,
2.193,1047,12448,
2.194,1051,12434,
2.195,1051,12434,
2.196,1061,12434,
2.197,1061,12434,
2.198,1061,12434,
2.199,1061,12434,
2.2,1058,12434,
2.201,1058,12434,
2.202,1065,12448,
2.203,1065,12448,
2.204,1072,12448,
2.205,1072,12448,
2.206,1075,12448,
2.207,1075,12448,
2.20802,1079,12434,
2.20925,1079,12434,
2.21099,1075,12448,
2.21171,1075,12448,
2.21242,1079,12434,
2.21312,1079,12434,
2.214,1086,12448,
2.215,1086,12448,
2.216,1089,12448,
2.217,1089,12448,
2.218,1093,12434,
2.219,1093,12434,
2.22,1093,12434,
2.221,1093,12434,
2.222,1093,12434,
2.223,1093,12434,
2.224,1099,12434,
2.225,1099,12434,
2.226,1103,12448,
2.227,1103,12448,
2.228,1106,12434,
2.229,1106,12434,
2.23,1106,12448,
2.231,1106,12448,
2.232,1106,12448,
2.233,1106,12448,
2.234,1110,12448,
2.235,1110,12448,
2.236,1117,12448,
2.237,1117,12448,
2.238,1120,12448,
2.239,1120,12448,
2.24,1120,12448,
2.241,1120,12448,
2.242,1120,12448,
2.243,1120,12448,
2.244,1131,12434,
2.245,1131,12434,
2.246,1134,12448,
2.247,1134,12448,
2.248,1134,12434,
2.249,1134,12434,
2.25,1134,12448,
2.251,1134,12448,
2.252,1134,12448,
2.253,1134,12448,
2.254,1141,12448,
2.255,1141,12448,
2.256,1148,12448,
2.257,1148,12448,
2.258,1148,12434,
2.259,1148,12434,
2.26,1148,12448,
2.261,1148,12448,
2.262,1152,12448,
2.263,1152,12448,
2.264,1158,12448,
2.265,1158,12448,
2.266,1165,12448,
2.267,1165,12448,
2.268,1162,12448,
2.269,1162,12448,
2.27,1165,12448,
2.271,1165,12448,
2.272,1165,12448,
2.273,1165,12448,
2.274,1172,12434,
2.275,1172,12434,
2.276,1179,12434,
2.277,1179,12434,
2.278,1179,12434,
2.279,1179,12434,
2.28,1179,12434,
2.281,1179,12434,
2.282,1183,12448,
2.283,1183,12448,
2.284,1186,12448,
2.285,1186,12448,
2.286,1193,12448,
2.287,1193,12448,
2.288,1193,12448,
2.289,1193,12448,
2.29,1193,12448,
2.291,1193,12448,
2.292,1200,12434,
2.293,1200,12434,
2.294,1200,12434,
2.295,1200,12434,
2.296,1211,12448,
2.297,1211,12448,
2.298,1211,12434,
2.29928,1211,12434,
2.30025,1207,12434,
2.30106,1207,12434,
2.302,1211,12448,
2.303,1211,12448,
2.304,1217,12434,
2.305,1217,12434,
2.306,1228,12434,
2.307,1228,12434,
2.308,1228,12448,
2.309,1228,12448,
2.31,1228,12463,
2.311,1228,12463,
2.312,1231,12448,
2.313,1231,12448,
2.314,1235,12448,
2.315,1235,12448,
2.316,1242,12434,
2.317,1242,12434,
2.318,1242,12448,
2.319,1242,12448,
2.32,1242,12434,
2.321,1242,12434,
2.322,1245,12434,
2.323,1245,12434,
2.324,1252,12448,
2.325,1252,12448,
2.326,1259,12448,
2.327,1259,12448,
2.328,1259,12448,
2.32921,1259,12448,
2.33001,1259,12448,
2.331,1259,12448,
2.332,1259,12434,
2.333,1259,12434,
2.334,1270,12448,
2.335,1270,12448,
2.336,1273,12434,
2.337,1273,12434,
2.338,1276,12434,
2.339,1276,12434,
2.34,1276,12448,
2.341,1276,12448,
2.342,1280,12448,
2.343,1280,12448,
2.344,1283,12434,
2.345,1283,12434,
2.346,1290,12448,
2.347,1290,12448,
2.348,1294,12448,
2.349,1294,12448,
2.35,1294,12434,
2.351,1294,12434,
2.352,1297,12434,
2.353,1297,12434,
2.354,1304,12448,
2.355,1304,12448,
2.356,1308,12448,
2.357,1308,12448,
2.358,1311,12448,
2.359,1311,12448,
2.36,1311,12448,
2.361,1311,12448,
2.362,1315,12448,
2.363,1315,12448,
2.364,1318,12434,
2.365,1318,12434,
2.366,1329,12448,
2.367,1329,12448,
2.368,1332,12448,
2.36961,1332,12448,
2.37032,1329,12448,
2.37101,1329,12448,
2.372,1335,12448,
2.373,1335,12448,
2.374,1335,12448,
2.375,1335,12448,
2.376,1339,12448,
2.377,1339,12448,
2.37814,1346,12448,
2.379,1346,12448,
2.38,1346,12448,
2.381,1346,12448,
2.382,1349,12448,
2.383,1349,12448,
2.384,1356,12448,
2.385,1356,12448,
2.386,1356,12434,
2.387,1363,12434,
2.388,1363,12434,
2.389,1363,12434,
2.39,1363,12434,
2.391,1363,12434,
2.39226,1367,12463,
2.393,1367,12463,
2.394,1367,12448,
2.39516,1370,12448,
2.396,1381,12434,
2.397,1381,12434,
2.398,1384,12448,
2.399,1384,12448,
2.4,1384,12448,
2.401,1384,12448,
2.4022,1381,12434,
2.40325,1381,12434,
2.404,1391,12448,
2.405,1391,12448,
2.40601,1398,12434,
2.407,1398,12434,
2.408,1401,12448,
2.409,1401,12448,
2.41,1398,12448,
2.411,1398,12448,
2.412,1401,12434,
2.413,1401,12434,
2.414,1408,12448,
2.415,1408,12448,
2.416,1419,12448,
2.417,1419,12448,
2.418,1422,12434,
2.419,1422,12434,
2.42,1422,12448,
2.421,1419,12448,
2.422,1419,12463,
2.423,1419,12463,
2.424,1426,12448,
2.425,1426,12448,
2.426,1426,12448,
2.427,1436,12448,
2.428,1436,12434,
2.429,1443,12434,
2.43,1440,12448,
2.431,1440,12448,
2.432,1443,12448,
2.433,1443,12448,
2.434,1443,12434,
2.435,1450,12434,
2.436,1450,12448,
2.437,1453,12448,
2.438,1453,12434,
2.439,1457,12434,
2.44038,1460,12420,
2.44158,1460,12420,
2.44241,1460,12434,
2.44309,1460,12434,
2.444,1460,12434,
2.445,1467,12434,
2.446,1467,12448,
2.447,1474,12448,
2.448,1474,12448,
2.449,1474,12448,
2.45017,1481,12463,
2.451,1481,12463,
2.452,1481,12448,
2.453,1478,12448,
2.454,1478,12448,
2.455,1488,12448,
2.456,1492,12434,
2.457,1492,12434,
2.458,1499,12448,
2.459,1499,12448,
2.46,1495,12434,
2.461,1495,12434,
2.462,1495,12434,
2.463,1499,12434,
2.464,1505,12448,
2.465,1505,12448,
2.466,1512,12448,
2.467,1512,12448,
2.468,1512,12434,
2.469,1516,12434,
2.47,1516,12448,
2.471,1516,12448,
2.47233,1523,12448,
2.473,1523,12448,
2.474,1523,12448,
2.475,1526,12448,
2.476,1537,12448,
2.477,1537,12448,
2.478,1537,12448,
2.479,1540,12448,
2.48,1540,12448,
2.481,1540,12448,
2.482,1544,12448,
2.483,1544,12448,
2.484,1554,12448,
2.485,1554,12448,
2.486,1554,12448,
2.487,1561,12448,
2.488,1561,12448,
2.489,1558,12448,
2.49,1558,12448,
2.491,1561,12448,
2.492,1558,12434,
2.493,1558,12434,
2.494,1568,12448,
2.495,1568,12448,
2.496,1568,12448,
2.497,1571,12448,
2.498,1571,12448,
2.499,1571,12448,
2.5,1571,12448,
2.501,1571,12448,
2.502,1571,12448,
2.503,1568,12448,
2.504,1568,12434,
2.505,1571,12434,
2.506,1571,12434,
2.507,1575,12434,
2.508,1575,12448,
2.509,1571,12448,
2.51,1571,12448,
2.511,1571,12448,
2.512,1571,12448,
2.513,1564,12448,
2.514,1564,12448,
2.515,1564,12448,
2.516,1564,12448,
2.517,1568,12448,
2.518,1561,12448,
2.519,1561,12448,
2.52,1561,12434,
2.521,1558,12434,
2.522,1558,12448,
2.523,1551,12448,
2.524,1551,12434,
2.525,1551,12434,
2.526,1551,12448,
2.527,1551,12448,
2.528,1551,12434,
2.529,1544,12434,
2.53,1544,12434,
2.531,1537,12434,
2.532,1537,12448,
2.533,1533,12448,
2.534,1533,12434,
2.535,1533,12434,
2.536,1533,12448,
2.537,1526,12448,
2.538,1526,12434,
2.539,1516,12434,
2.54,1516,12448,
2.541,1509,12448,
2.542,1509,12448,
2.543,1502,12448,
2.544,1502,12448,
2.545,1499,12448,
2.546,1499,12434,
2.547,1492,12434,
2.548,1492,12448,
2.549,1485,12448,
2.55,1485,12448,
2.551,1478,12448,
2.552,1478,12448,
2.553,1467,12448,
2.554,1460,12448,
2.555,1460,12448,
2.5564,1457,12448,
2.55746,1457,12448,
2.55817,1450,12448,
2.559,1450,12448,
2.56,1450,12448,
2.561,1436,12448,
2.562,1436,12448,
2.563,1426,12448,
2.564,1426,12434,
2.565,1422,12434,
2.566,1422,12448,
2.56746,1415,12448,
2.56832,1401,12448,
2.56903,1401,12448,
2.57,1401,12448,
2.571,1388,12448,
2.572,1388,12448,
2.573,1377,12448,
2.574,1374,12448,
2.575,1374,12448,
2.576,1374,12448,
2.577,1367,12448,
2.578,1367,12434,
2.579,1353,12434,
2.58,1353,12434,
2.581,1339,12434,
2.582,1339,12448,
2.583,1335,12448,
2.584,1325,12434,
2.585,1325,12434,
2.586,1325,12434,
2.587,1315,12434,
2.588,1315,12434,
2.589,1308,12434,
2.59,1308,12448,
2.591,1290,12448,
2.59268,1273,12448,
2.59422,1266,12434,
2.59522,1266,12434,
2.59591,1266,12434,
2.59658,1256,12477,
2.59726,1256,12477,
2.598,1256,12448,
2.599,1245,12448,
2.6,1245,12448,
2.601,1228,12448,
2.602,1228,12448,
2.603,1214,12448,
2.604,1214,12448,
2.605,1207,12448,
2.606,1207,12448,
2.607,1200,12448,
2.60823,1179,12448,
2.6103,1169,12448,
2.61161,1169,12448,
2.61232,1155,12448,
2.61301,1155,12448,
2.61374,1155,12448,
2.61444,1141,12448,
2.61517,1141,12448,
2.616,1141,12434,
2.617,1131,12434,
2.618,1131,12448,
2.61903,1113,12448,
2.62,1113,12434,
2.621,1093,12434,
2.622,1093,12434,
2.623,1075,12434,
2.624,1075,12448,
2.625,1068,12448,
2.626,1068,12434,
2.627,1054,12434,
2.628,1054,12448,
2.629,1034,12448,
2.63,1034,12448,
2.631,1009,12448,
2.632,1009,12434,
2.633,978,12434,
2.634,978,12434,
2.635,947,12434,
2.636,916,12434,
2.637,916,12434,
2.638,916,12463,
2.639,877,12463,
2.64,877,12434,
2.641,836,12434,
2.642,836,12448,
2.643,791,12448,
2.644,746,12448,
2.645,746,12448,
2.646,746,12434,
2.647,714,12434,
2.648,714,12448,
2.649,673,12448,
2.65,673,12434,
2.651,635,12434,
2.652,635,12448,
2.653,596,12448,
2.654,596,12448,
2.655,569,12448,
2.656,569,12434,
2.657,541,12434,
2.658,541,12448,
2.659,513,12448,
2.66,513,12448,
2.661,482,12448,
2.662,454,12434,
2.663,454,12434,
2.664,454,12448,
2.665,426,12448,
2.666,426,12434,
2.667,409,12434,
2.6684,388,12463,
2.66907,388,12463,
2.67,388,12434,
2.671,360,12434,
2.672,360,12448,
2.673,340,12448,
2.674,340,12434,
2.675,326,12434,
2.676,326,12434,
2.677,315,12434,
2.678,315,12434,
2.679,294,12434,
2.68,294,12434,
2.681,277,12434,
2.682,277,12448,
2.683,260,12448,
2.684,260,12434,
2.685,249,12434,
2.686,249,12434,
2.687,232,12434,
2.688,232,12448,
2.689,222,12448,
2.69,222,12434,
2.691,201,12434,
2.692,201,12434,
2.693,187,12434,
2.694,187,12448,
2.695,173,12448,
2.696,173,12448,
2.697,163,12448,
2.698,163,12434,
2.699,152,12434,
2.7,152,12448,
2.70104,138,12448,
2.702,138,12448,
2.703,124,12448,
2.704,124,12434,
2.705,121,12434,
2.706,121,12434,
2.707,107,12434,
2.708,107,12448,
2.709,97,12448,
2.71,97,12434,
2.711,83,12434,
2.712,83,12434,
2.713,72,12434,
2.714,72,12434,
2.715,62,12434,
2.716,62,12448,
2.717,55,12448,
2.71857,45,12448,
2.72007,34,12448,
2.72091,34,12448,
2.72167,34,12448,
2.72249,24,12448,
2.72325,24,12448,
2.72406,24,12434,
2.725,20,12434,
2.726,20,12434,
2.727,17,12434,
2.728,17,12434,
2.729,6,12434,
2.73,6,12448,
2.731,0,12448,
2.732,0,12434,
2.733,0,12434,
2.73402,0,12448,
2.735,0,12448,
2.736,0,12448,
2.737,0,12448,
2.738,0,12448,
2.739,0,12448,
2.74,0,12448,
2.741,0,12448,
2.742,0,12434,
2.743,0,12434,
2.744,0,12434,
2.745,0,12434,
2.746,0,12434,
2.747,0,12434,
2.748,0,12434,
2.749,0,12434,
2.75,0,12448,
2.75168,0,12448,
2.75254,0,12448,
2.75325,0,12448,
2.754,0,12448,
2.755,0,12448,
2.756,0,12448,
2.757,0,12448,
2.758,0,12434,
2.759,0,12434,
2.76,0,12434,
2.761,0,12434,
2.762,0,12434,
2.763,0,12434,
2.764,0,12434,
2.765,0,12434,
2.766,0,12448,
2.767,0,12448,
2.768,0,12448,
2.769,0,12448,
2.77,0,12448,
2.771,0,12448,
2.77269,0,12434,
2.774,0,12434,
2.77523,0,12434,
2.77604,0,12448,
2.77685,0,12448,
2.77757,0,12448,
2.7783,0,12434,
2.77904,0,12434,
2.78,0,12434,
2.781,0,12434,
2.782,0,12434,
2.783,0,12434,
2.784,0,12448,
2.785,0,12448,
2.786,0,12434,
2.787,0,12434,
2.788,0,12448,
2.789,0,12448,
2.79,0,12434,
2.791,0,12434,
2.792,0,12448,
2.793,0,12448,
2.794,0,12434,
2.795,0,12434,
2.796,0,12448,
2.797,0,12448,
2.798,0,12448,
2.799,0,12448,
2.8,0,12434,
2.801,0,12434,
2.802,0,12448,
2.803,0,12448,
2.804,0,12448,
2.805,229,12434,
2.806,229,12448,
2.80708,596,12448,
2.808,596,12448,
2.809,978,12448,
2.81,978,12448,
2.811,1353,12448,
2.812,1353,12448,
2.813,1728,12448,
2.814,1728,12448,
2.815,2095,12448,
2.816,2095,12448,
2.817,2474,12448,
2.818,2474,12448,
2.819,2841,12448,
2.82,2841,12448,
2.821,3202,12448,
2.822,3202,12448,
2.823,3563,12448,
2.824,3563,12448,
2.825,3924,12448,
2.826,3924,12434,
2.827,4285,12434,
2.828,4285,12434,
2.829,4653,12434,
2.83,4653,12448,
2.831,5010,12448,
2.832,5010,12448,
2.833,5364,12448,
2.834,5364,12448,
2.835,5659,12448,
2.836,5659,12448,
2.837,5767,12448,
2.838,5767,12434,
2.839,5784,12434,
2.84,5784,12434,
2.84154,5784,12434,
2.84246,5784,12434,
2.84319,5784,12434,
2.844,5784,12448,
2.845,5787,12448,
2.846,5787,12448,
2.847,5791,12448,
2.848,5791,12448,
2.849,5791,12448,
2.85,5791,12448,
2.851,5784,12448,
2.852,5784,12448,
2.853,5784,12448,
2.854,5784,12448,
2.855,5791,12448,
2.856,5791,12448,
2.857,5794,12448,
2.858,5794,12448,
2.85902,5791,12448,
2.86154,5787,12448,
2.86295,5787,12463,
2.86457,5787,12434,
2.86583,5787,12448,
2.86721,5798,12448,
2.86882,5794,12448,
2.86963,5794,12448,
2.8705,5787,12448,
2.87138,5787,12448,
2.87225,5784,12448,
2.87292,5784,12448,
2.87362,5784,12448,
2.8743,5791,12434,
2.87497,5791,12434,
2.87566,5791,12434,
2.87637,5791,12434,
2.87706,5791,12434,
2.87774,5791,12434,
2.87841,5791,12434,
2.87909,5791,12434,
2.88,5791,12434,
2.88152,5791,12434,
2.88248,5787,12434,
2.88325,5787,12434,
2.88405,5787,12448,
2.885,5791,12448,
2.886,5791,12434,
2.887,5794,12434,
2.888,5794,12448,
2.889,5791,12448,
2.89,5791,12448,
2.891,5791,12448,
2.892,5791,12448,
2.893,5784,12448,
2.894,5784,12448,
2.895,5791,12448,
2.896,5791,12448,
2.897,5794,12448,
2.898,5794,12448,
2.899,5794,12448,
2.9,5794,12434,
2.901,5787,12434,
2.902,5787,12434,
2.903,5787,12434,
2.904,5787,12434,
2.905,5787,12434,
2.906,5787,12448,
2.907,5794,12448,
2.908,5794,12434,
2.909,5787,12434,
2.9101,5787,12448,
2.911,5787,12448,
2.912,5787,12434,
2.913,5787,12434,
2.914,5787,12448,
2.915,5787,12448,
2.916,5787,12448,
2.917,5794,12448,
2.918,5794,12448,
2.91928,5791,12448,
2.92043,5787,12448,
2.92114,5787,12448,
2.922,5787,12434,
2.923,5787,12434,
2.924,5787,12434,
2.925,5787,12434,
2.926,5787,12434,
2.927,5794,12434,
2.928,5794,12448,
2.929,5794,12448,
2.93,5794,12434,
2.931,5784,12434,
2.932,5784,12434,
2.933,5784,12434,
2.934,5784,12434,
2.935,5791,12434,
2.936,5791,12448,
2.937,5794,12448,
2.938,5794,12448,
2.939,5791,12448,
2.94,5791,12434,
2.941,5787,12434,
2.942,5787,12434,
2.943,5787,12434,
2.944,5787,12448,
2.945,5791,12448,
2.946,5791,12434,
2.947,5791,12434,
2.948,5791,12448,
2.949,5791,12448,
2.95,5791,12448,
2.951,5787,12448,
2.952,5787,12448,
2.953,5787,12448,
2.954,5787,12434,
2.955,5787,12434,
2.956,5787,12448,
2.957,5791,12448,
2.958,5791,12448,
2.959,5791,12448,
2.96,5791,12448,
2.961,5787,12448,
2.962,5787,12448,
2.963,5784,12448,
2.964,5784,12448,
2.965,5794,12448,
2.966,5794,12448,
2.967,5798,12448,
2.968,5798,12448,
2.96901,5794,12448,
2.97,5794,12448,
2.971,5791,12448,
2.972,5791,12448,
2.973,5787,12448,
2.974,5787,12448,
2.975,5791,12448,
2.976,5791,12434,
2.977,5794,12434,
2.978,5794,12448,
2.979,5794,12448,
2.98,5794,12448,
2.981,5791,12448,
2.982,5791,12448,
2.983,5787,12434,
2.984,5787,12448,
2.985,5791,12448,
2.986,5791,12448,
2.987,5798,12448,
2.988,5798,12448,
2.989,5791,12448,
2.99,5791,12434,
2.991,5787,12434,
2.992,5787,12434,
2.993,5787,12434,
2.994,5787,12434,
2.995,5791,12448,
2.996,5791,12448,
2.997,5794,12448,
2.998,5794,12448,
2.999,5794,12448,
3,5794,12448,
3.001,5787,12448,
3.002,5787,12463,
3.003,5787,12463,
3.004,5787,12463,
3.005,5791,12448,
3.006,5791,12448,
3.007,5791,12448,
3.008,5791,12448,
3.00953,5791,12448,
3.01052,5787,12448,
3.01119,5787,12448,
3.012,5787,12448,
3.013,5787,12448,
3.014,5787,12448,
3.015,5791,12448,
3.016,5791,12448,
3.017,5798,12448,
3.018,5798,12448,
3.019,5791,12448,
3.02,5791,12448,
3.021,5791,12434,
3.022,5791,12448,
3.023,5787,12448,
3.024,5787,12448,
3.025,5794,12434,
3.026,5794,12434,
3.027,5794,12448,
3.028,5794,12448,
3.029,5791,12434,
3.03,5791,12448,
3.03118,5787,12448,
3.03219,5787,12448,
3.03316,5787,12448,
3.034,5787,12448,
3.035,5794,12448,
3.036,5794,12448,
3.037,5798,12448,
3.038,5798,12448,
3.039,5791,12448,
3.04004,5791,12463,
3.041,5787,12463,
3.042,5787,12448,
3.043,5787,12448,
3.044,5787,12448,
3.045,5787,12448,
3.04609,5794,12448,
3.04799,5794,12448,
3.04956,5794,12448,
3.05083,5791,12434,
3.05159,5791,12434,
3.05234,5791,12448,
3.05305,5791,12448,
3.0543,5794,12448,
3.05506,5794,12448,
3.05583,5794,12448,
3.05664,5794,12448,
3.05744,5794,12448,
3.0583,5794,12448,
3.05918,5794,12448,
3.06005,5794,12448,
3.061,5787,12448,
3.062,5787,12434,
3.063,5787,12434,
3.064,5787,12463,
3.065,5794,12463,
3.066,5794,12434,
3.067,5794,12434,
3.068,5794,12434,
3.069,5791,12434,
3.07,5791,12434,
3.071,5791,12434,
3.072,5791,12448,
3.073,5787,12448,
3.074,5787,12448,
3.07509,5791,12448,
3.076,5791,12448,
3.077,5798,12448,
3.078,5798,12448,
3.079,5794,12434,
3.08,5794,12434,
3.081,5784,12434,
3.082,5784,12448,
3.083,5787,12448,
3.084,5787,12448,
3.085,5791,12448,
3.086,5791,12448,
3.087,5798,12434,
3.088,5798,12448,
3.089,5794,12448,
3.09,5794,12448,
3.091,5791,12448,
3.092,5791,12448,
3.093,5791,12448,
3.094,5791,12448,
3.095,5791,12448,
3.096,5791,12448,
3.097,5798,12448,
3.098,5798,12448,
3.099,5794,12448,
3.1,5794,12448,
3.101,5787,12448,
3.102,5787,12448,
3.103,5787,12448,
3.104,5787,12448,
3.105,5791,12448,
3.106,5791,12448,
3.107,5794,12448,
3.108,5794,12448,
3.109,5791,12448,
3.11,5791,12448,
3.111,5787,12448,
3.112,5787,12448,
3.113,5787,12448,
3.114,5787,12448,
3.115,5791,12448,
3.116,5794,12448,
3.11763,5794,12448,
3.11831,5791,12448,
3.11907,5791,12448,
3.12017,5791,12448,
3.121,5791,12448,
3.122,5791,12448,
3.123,5791,12448,
3.124,5791,12448,
3.125,5791,12448,
3.126,5791,12448,
3.127,5798,12448,
3.128,5791,12448,
3.12936,5791,12448,
3.13094,5791,12448,
3.13218,5784,12448,
3.13295,5784,12448,
3.13365,5784,12448,
3.13435,5791,12434,
3.13506,5791,12434,
3.136,5791,12434,
3.137,5794,12448,
3.138,5794,12448,
3.139,5794,12448,
3.14,5794,12448,
3.141,5787,12448,
3.142,5787,12448,
3.143,5791,12448,
3.144,5791,12448,
3.145,5791,12448,
3.146,5791,12448,
3.147,5794,12434,
3.148,5794,12434,
3.149,5794,12448,
3.15,5794,12448,
3.151,5787,12448,
3.152,5787,12448,
3.153,5787,12448,
3.154,5787,12448,
3.155,5791,12434,
3.156,5791,12434,
3.157,5794,12434,
3.158,5794,12434,
3.159,5791,12448,
3.16,5791,12448,
3.161,5787,12434,
3.162,5787,12434,
3.163,5784,12448,
3.164,5784,12448,
3.165,5791,12448,
3.166,5791,12448,
3.167,5794,12434,
3.16812,5794,12448,
3.16905,5794,12448,
3.17,5794,12448,
3.171,5787,12448,
3.172,5787,12448,
3.173,5784,12434,
3.174,5784,12448,
3.175,5791,12448,
3.176,5791,12448,
3.177,5794,12448,
3.178,5794,12448,
3.179,5794,12448,
3.18,5794,12448,
3.181,5787,12448,
3.182,5787,12448,
3.183,5787,12448,
3.184,5787,12448,
3.185,5791,12448,
3.186,5791,12434,
3.187,5794,12434,
3.188,5794,12434,
3.189,5791,12434,
3.19,5791,12434,
3.191,5787,12434,
3.192,5787,12434,
3.193,5787,12434,
3.194,5787,12434,
3.195,5791,12448,
3.196,5791,12448,
3.197,5798,12434,
3.198,5798,12448,
3.19905,5794,12448,
3.2,5794,12434,
3.201,5791,12434,
3.202,5791,12448,
3.203,5787,12448,
3.20414,5794,12448,
3.205,5794,12448,
3.206,5794,12448,
3.207,5794,12448,
3.208,5794,12448,
3.209,5791,12448,
3.21,5791,12448,
3.211,5787,12448,
3.212,5787,12448,
3.213,5787,12434,
3.214,5787,12434,
3.215,5791,12448,
3.216,5791,12448,
3.217,5798,12448,
3.218,5798,12448,
3.219,5794,12448,
3.22,5794,12448,
3.221,5787,12448,
3.222,5787,12448,
3.223,5787,12448,
3.224,5787,12448,
3.225,5791,12434,
3.226,5791,12434,
3.227,5794,12448,
3.228,5794,12448,
3.229,5794,12448,
3.23,5794,12448,
3.231,5787,12463,
3.232,5787,12448,
3.233,5787,12448,
3.234,5787,12448,
3.235,5791,12448,
3.236,5791,12448,
3.237,5794,12448,
3.238,5794,12448,
3.239,5791,12448,
3.24,5791,12448,
3.241,5787,12434,
3.242,5787,12434,
3.243,5787,12448,
3.244,5787,12448,
3.245,5791,12448,
3.246,5791,12448,
3.247,5798,12448,
3.248,5798,12448,
3.249,5794,12463,
3.25,5794,12463,
3.251,5791,12448,
3.252,5791,12448,
3.253,5787,12448,
3.254,5787,12448,
3.255,5794,12448,
3.256,5794,12448,
3.257,5794,12448,
3.258,5794,12448,
3.259,5794,12448,
3.26,5794,12448,
3.261,5787,12448,
3.262,5787,12448,
3.263,5791,12434,
3.264,5791,12434,
3.265,5791,12448,
3.266,5791,12448,
3.267,5791,12448,
3.26812,5791,12448,
3.269,5791,12448,
3.27,5791,12448,
3.271,5787,12448,
3.272,5787,12448,
3.273,5787,12448,
3.274,5787,12448,
3.275,5791,12434,
3.276,5791,12434,
3.277,5794,12448,
3.278,5794,12448,
3.279,5794,12448,
3.28,5794,12448,
3.281,5787,12434,
3.282,5787,12434,
3.283,5787,12448,
3.284,5787,12448,
3.285,5791,12448,
3.286,5791,12448,
3.287,5798,12448,
3.288,5798,12448,
3.289,5794,12448,
3.29,5794,12448,
3.291,5787,12448,
3.292,5787,12448,
3.293,5787,12448,
3.294,5787,12448,
3.295,5791,12448,
3.296,5791,12448,
3.297,5794,12448,
3.298,5794,12448,
3.299,5794,12448,
3.3,5794,12448,
3.301,5787,12434,
3.302,5787,12434,
3.303,5787,12448,
3.304,5787,12448,
3.305,5791,12448,
3.306,5791,12448,
3.307,5791,12434,
3.308,5791,12434,
3.309,5791,12448,
3.31,5791,12448,
3.311,5791,12448,
3.312,5791,12448,
3.313,5791,12434,
3.314,5791,12434,
3.315,5791,12448,
3.316,5791,12448,
3.317,5794,12448,
3.318,5794,12448,
3.319,5791,12448,
3.32,5791,12448,
3.321,5791,12434,
3.322,5791,12434,
3.323,5787,12448,
3.324,5787,12448,
3.325,5791,12448,
3.326,5791,12448,
3.327,5794,12448,
3.328,5794,12448,
3.329,5791,12448,
3.33,5791,12448,
3.331,5784,12434,
3.332,5784,12434,
3.333,5791,12448,
3.334,5791,12448,
3.335,5787,12448,
3.336,5787,12448,
3.337,5794,12434,
3.338,5794,12434,
3.339,5791,12448,
3.34,5784,12448,
3.34135,5784,12448,
3.34306,5791,12448,
3.34398,5791,12448,
3.34471,5791,12448,
3.34542,5791,12448,
3.3461,5791,12448,
3.347,5794,12448,
3.348,5794,12448,
3.349,5794,12448,
3.35,5794,12448,
3.351,5787,12448,
3.352,5787,12448,
3.353,5787,12448,
3.354,5787,12448,
3.355,5791,12448,
3.356,5791,12448,
3.357,5794,12434,
3.358,5794,12434,
3.359,5791,12448,
3.36,5791,12448,
3.361,5791,12434,
3.362,5791,12434,
3.363,5787,12448,
3.364,5787,12448,
3.365,5794,12448,
3.366,5794,12448,
3.367,5798,12463,
3.368,5798,12463,
3.369,5794,12448,
3.37,5794,12448,
3.371,5784,12463,
3.372,5784,12463,
3.373,5791,12434,
3.374,5791,12434,
3.375,5791,12448,
3.376,5791,12448,
3.377,5798,12448,
3.378,5798,12448,
3.379,5794,12448,
3.38,5794,12448,
3.381,5787,12448,
3.382,5787,12448,
3.383,5787,12434,
3.384,5787,12434,
3.385,5791,12448,
3.386,5791,12448,
3.387,5794,12448,
3.38823,5794,12434,
3.38975,5794,12448,
3.39115,5787,12448,
3.39193,5787,12448,
3.39276,5787,12448,
3.39345,5787,12448,
3.39415,5787,12448,
3.395,5791,12448,
3.396,5791,12448,
3.397,5794,12448,
3.398,5794,12448,
3.399,5791,12448,
3.4,5791,12448,
3.401,5787,12448,
3.402,5787,12448,
3.403,5791,12448,
3.40415,5791,12448,
3.4055,5791,12448,
3.40625,5794,12434,
3.407,5794,12434,
3.408,5794,12448,
3.409,5794,12448,
3.41,5794,12448,
3.411,5787,12448,
3.412,5787,12448,
3.413,5784,12448,
3.414,5784,12448,
3.415,5791,12448,
3.416,5791,12448,
3.417,5794,12434,
3.418,5794,12434,
3.419,5794,12448,
3.42,5794,12448,
3.421,5791,12448,
3.422,5791,12448,
3.423,5787,12448,
3.424,5787,12448,
3.425,5794,12448,
3.426,5794,12448,
3.427,5794,12448,
3.428,5794,12448,
3.429,5791,12448,
3.43,5791,12448,
3.431,5787,12448,
3.432,5787,12448,
3.433,5784,12448,
3.434,5784,12448,
3.435,5791,12434,
3.436,5791,12434,
3.437,5798,12434,
3.438,5798,12434,
3.439,5791,12434,
3.44,5791,12434,
3.441,5787,12434,
3.442,5787,12434,
3.443,5787,12448,
3.444,5787,12448,
3.445,5791,12448,
3.446,5791,12448,
3.447,5794,12448,
3.448,5794,12448,
3.449,5794,12448,
3.45,5794,12448,
3.451,5787,12448,
3.452,5787,12448,
3.453,5784,12448,
3.454,5784,12448,
3.455,5794,12448,
3.456,5794,12448,
3.457,5794,12448,
3.458,5794,12448,
3.459,5791,12448,
3.46,5791,12448,
3.461,5787,12434,
3.462,5787,12434,
3.463,5784,12448,
3.464,5784,12448,
3.465,5791,12448,
3.466,5791,12448,
3.467,5794,12448,
3.468,5794,12448,
3.469,5791,12448,
3.47,5791,12448,
3.471,5787,12448,
3.472,5787,12448,
3.47315,5787,12448,
3.47469,5791,12434,
3.47646,5798,12448,
3.47803,5798,12448,
3.47881,5787,12448,
3.47964,5787,12448,
3.48038,5787,12448,
3.48118,5787,12448,
3.48189,5787,12448,
3.48272,5787,12448,
3.48346,5787,12448,
3.48423,5791,12448,
3.485,5791,12448,
3.486,5791,12448,
3.487,5794,12434,
3.488,5794,12434,
3.489,5794,12448,
3.49,5794,12448,
3.491,5791,12434,
3.492,5791,12434,
3.493,5787,12448,
3.494,5787,12448,
3.495,5791,12448,
3.496,5791,12448,
3.497,5794,12434,
3.498,5794,12434,
3.499,5794,12448,
3.5,5794,12448,
3.501,5791,12448,
3.502,5791,12448,
3.503,5787,12448,
3.504,5787,12448,
3.505,5794,12448,
3.506,5794,12448,
3.507,5794,12434,
3.508,5794,12434,
3.509,5791,12448,
3.51,5791,12448,
3.511,5787,12448,
3.512,5787,12448,
3.513,5787,12448,
3.514,5787,12448,
3.515,5794,12434,
3.516,5794,12434,
3.517,5794,12434,
3.518,5794,12434,
3.519,5794,12448,
3.52014,5794,12448,
3.521,5787,12448,
3.522,5787,12448,
3.523,5787,12448,
3.52446,5794,12448,
3.52615,5798,12434,
3.52757,5798,12434,
3.52897,5791,12448,
3.53017,5791,12448,
3.53088,5791,12448,
3.53159,5791,12448,
3.53231,5787,12448,
3.53306,5787,12448,
3.5338,5787,12448,
3.53447,5791,12434,
3.53518,5791,12434,
3.536,5791,12434,
3.537,5794,12434,
3.538,5794,12434,
3.539,5794,12448,
3.54,5794,12434,
3.541,5787,12434,
3.542,5787,12434,
3.543,5787,12434,
3.544,5787,12434,
3.545,5791,12448,
3.546,5791,12448,
3.547,5794,12448,
3.548,5794,12448,
3.549,5791,12448,
3.55,5791,12448,
3.551,5787,12448,
3.552,5787,12448,
3.553,5787,12448,
3.554,5787,12448,
3.555,5787,12448,
3.556,5787,12448,
3.557,5794,12448,
3.558,5794,12448,
3.559,5794,12448,
3.56,5794,12448,
3.561,5787,12448,
3.562,5787,12448,
3.563,5787,12448,
3.564,5787,12448,
3.565,5791,12434,
3.566,5791,12434,
3.567,5791,12434,
3.568,5791,12434,
3.569,5791,12448,
3.57,5791,12448,
3.571,5787,12434,
3.572,5787,12434,
3.573,5787,12434,
3.574,5787,12434,
3.575,5794,12448,
3.576,5794,12448,
3.577,5794,12448,
3.578,5794,12448,
3.579,5794,12448,
3.58,5794,12448,
3.581,5787,12448,
3.582,5787,12448,
3.583,5791,12448,
3.584,5791,12448,
3.585,5791,12448,
3.586,5791,12448,
3.587,5798,12448,
3.588,5798,12448,
3.589,5791,12448,
3.59,5791,12448,
3.591,5787,12448,
3.592,5787,12448,
3.593,5787,12448,
3.59461,5791,12448,
3.59551,5791,12448,
3.59629,5794,12448,
3.59707,5794,12448,
3.598,5794,12448,
3.599,5791,12434,
3.60045,5784,12434,
3.60113,5784,12434,
3.602,5784,12434,
3.603,5787,12448,
3.604,5787,12448,
3.605,5791,12448,
3.606,5791,12448,
3.607,5791,12448,
3.608,5791,12448,
3.609,5791,12463,
3.61,5791,12448,
3.61114,5787,12448,
3.612,5787,12448,
3.613,5787,12448,
3.614,5787,12448,
3.615,5791,12434,
3.616,5791,12434,
3.617,5794,12448,
3.618,5794,12448,
3.619,5791,12434,
3.62,5791,12434,
3.621,5791,12448,
3.622,5791,12448,
3.623,5787,12448,
3.62423,5791,12448,
3.625,5791,12448,
3.626,5791,12448,
3.627,5794,12448,
3.628,5794,12448,
3.629,5791,12448,
3.63,5791,12448,
3.631,5787,12463,
3.632,5787,12463,
3.633,5784,12448,
3.634,5784,12448,
3.635,5794,12448,
3.636,5794,12448,
3.637,5791,12448,
3.638,5791,12448,
3.639,5794,12448,
3.64,5794,12448,
3.641,5787,12448,
3.642,5787,12448,
3.643,5791,12434,
3.644,5791,12434,
3.645,5791,12434,
3.646,5791,12434,
3.647,5794,12448,
3.648,5794,12448,
3.649,5791,12448,
3.65,5791,12448,
3.651,5787,12448,
3.652,5787,12448,
3.653,5787,12448,
3.654,5787,12448,
3.655,5791,12434,
3.656,5791,12434,
3.657,5794,12434,
3.658,5794,12434,
3.659,5791,12448,
3.66,5791,12448,
3.661,5787,12448,
3.662,5787,12448,
3.663,5787,12448,
3.664,5787,12448,
3.665,5791,12448,
3.666,5791,12448,
3.667,5794,12434,
3.668,5794,12434,
3.669,5791,12448,
3.67,5791,12448,
3.671,5787,12448,
3.672,5787,12448,
3.673,5784,12448,
3.674,5784,12448,
3.675,5791,12434,
3.676,5791,12434,
3.677,5794,12448,
3.678,5794,12448,
3.679,5791,12448,
3.68,5791,12448,
3.681,5791,12448,
3.682,5791,12448,
3.683,5787,12448,
3.684,5787,12448,
3.685,5791,12448,
3.686,5791,12448,
3.687,5791,12448,
3.688,5791,12448,
3.689,5791,12434,
3.69,5791,12434,
3.691,5787,12448,
3.6921,5787,12448,
3.693,5787,12434,
3.694,5787,12434,
3.695,5787,12434,
3.696,5787,12434,
3.697,5791,12434,
3.698,5791,12434,
3.699,5791,12434,
3.7,5787,12448,
3.70268,5787,12448,
3.70462,5791,12448,
3.70622,5798,12448,
3.70704,5798,12448,
3.70789,5798,12448,
3.70877,5791,12448,
3.70964,5791,12448,
3.71052,5787,12448,
3.7114,5787,12448,
3.71227,5787,12448,
3.71311,5787,12448,
3.71394,5787,12448,
3.71477,5787,12448,
3.71564,5787,12448,
3.71654,5794,12448,
3.7174,5794,12448,
3.71827,5794,12448,
3.71915,5794,12448,
3.72002,5794,12448,
3.72089,5791,12448,
3.72177,5791,12448,
3.72254,5787,12448,
3.72339,5787,12448,
3.72427,5791,12434,
3.72514,5791,12434,
3.72602,5791,12434,
3.727,5791,12448,
3.728,5791,12448,
3.729,5791,12448,
3.73,5791,12448,
3.731,5787,12434,
3.732,5787,12434,
3.733,5787,12448,
3.73402,5787,12448,
3.735,5794,12448,
3.736,5794,12448,
3.737,5791,12448,
3.738,5791,12448,
3.739,5794,12448,
3.74,5794,12448,
3.741,5791,12448,
3.742,5791,12448,
3.743,5787,12448,
3.744,5787,12448,
3.745,5791,12448,
3.746,5791,12448,
3.747,5794,12448,
3.748,5794,12448,
3.749,5791,12448,
3.75,5791,12448,
3.751,5784,12448,
3.752,5784,12448,
3.753,5787,12463,
3.754,5787,12463,
3.755,5791,12448,
3.756,5791,12448,
3.757,5794,12463,
3.758,5794,12463,
3.759,5791,12448,
3.76,5791,12448,
3.761,5787,12448,
3.762,5787,12448,
3.763,5787,12434,
3.764,5787,12434,
3.765,5787,12434,
3.766,5787,12434,
3.767,5794,12448,
3.768,5794,12448,
3.769,5791,12448,
3.77,5791,12448,
3.771,5787,12448,
3.772,5787,12448,
3.773,5784,12448,
3.774,5784,12448,
3.775,5791,12448,
3.776,5791,12448,
3.777,5791,12448,
3.778,5791,12448,
3.779,5794,12463,
3.78,5794,12463,
3.781,5787,12448,
3.782,5787,12448,
3.783,5784,12434,
3.784,5784,12434,
3.785,5791,12434,
3.786,5791,12434,
3.787,5794,12448,
3.788,5794,12448,
3.789,5791,12448,
3.79,5791,12448,
3.791,5787,12448,
3.792,5787,12448,
3.793,5784,12434,
3.794,5784,12434,
3.795,5791,12448,
3.796,5791,12448,
3.797,5794,12434,
3.798,5794,12434,
3.799,5791,12448,
3.8,5791,12448,
3.801,5791,12448,
3.802,5791,12448,
3.803,5787,12448,
3.804,5787,12448,
3.805,5791,12448,
3.806,5791,12448,
3.807,5794,12434,
3.808,5794,12434,
3.80949,5794,12434,
3.81047,5791,12448,
3.81116,5791,12448,
3.812,5791,12448,
3.813,5787,12434,
3.814,5787,12434,
3.815,5791,12448,
3.816,5791,12448,
3.817,5791,12434,
3.818,5791,12434,
3.81908,5791,12448,
3.82027,5787,12448,
3.822,5787,12448,
3.82327,5784,12448,
3.82441,5791,12448,
3.82556,5791,12448,
3.82766,5794,12448,
3.82921,5794,12463,
3.83009,5794,12463,
3.83079,5787,12434,
3.83146,5787,12434,
3.83214,5787,12434,
3.83281,5784,12448,
3.83346,5784,12448,
3.83413,5784,12448,
3.83482,5791,12448,
3.83551,5791,12448,
3.83618,5791,12448,
3.83722,5791,12448,
3.8382,5791,12448,
3.839,5791,12448,
3.84,5791,12448,
3.84111,5787,12448,
3.842,5787,12448,
3.84408,5787,12448,
3.84518,5791,12448,
3.84589,5791,12448,
3.84662,5794,12448,
3.84735,5794,12448,
3.84805,5794,12448,
3.849,5794,12448,
3.85,5794,12448,
3.851,5784,12448,
3.85206,5787,12448,
3.85313,5787,12448,
3.854,5787,12448,
3.855,5791,12448,
3.856,5791,12448,
3.857,5791,12448,
3.858,5791,12448,
3.859,5791,12448,
3.86,5791,12448,
3.861,5787,12448,
3.862,5787,12448,
3.863,5787,12448,
3.864,5787,12448,
3.865,5791,12448,
3.866,5791,12448,
3.867,5791,12434,
3.868,5791,12434,
3.869,5791,12434,
3.87,5791,12434,
3.871,5787,12434,
3.872,5787,12434,
3.873,5784,12463,
3.874,5784,12463,
3.875,5791,12448,
3.876,5791,12448,
3.877,5794,12434,
3.878,5794,12434,
3.879,5794,12448,
3.88,5794,12448,
3.881,5784,12434,
3.882,5784,12434,
3.883,5784,12448,
3.884,5784,12448,
3.885,5787,12448,
3.886,5787,12448,
3.887,5794,12434,
3.888,5794,12434,
3.889,5791,12448,
3.89,5791,12448,
3.891,5784,12448,
3.892,5784,12448,
3.893,5784,12448,
3.894,5784,12448,
3.895,5791,12448,
3.896,5791,12448,
3.897,5791,12448,
3.898,5791,12448,
3.899,5791,12448,
3.9,5791,12448,
3.901,5787,12434,
3.902,5787,12434,
3.903,5784,12434,
3.904,5784,12434,
3.905,5787,12448,
3.906,5787,12448,
3.907,5794,12448,
3.908,5794,12448,
3.909,5791,12448,
3.91,5791,12448,
3.911,5787,12448,
3.912,5787,12448,
3.913,5784,12448,
3.914,5784,12448,
3.915,5791,12448,
3.916,5791,12448,
3.917,5794,12434,
3.918,5794,12434,
3.919,5791,12448,
3.92,5791,12448,
3.921,5787,12448,
3.922,5787,12448,
3.923,5787,12448,
3.92422,5787,12448,
3.92619,5791,12434,
3.92737,5791,12434,
3.92817,5791,12434,
3.92894,5791,12434,
3.92977,5791,12434,
3.93048,5787,12448,
3.93132,5787,12448,
3.93215,5787,12448,
3.93305,5787,12448,
3.934,5787,12448,
3.935,5787,12434,
3.936,5787,12434,
3.937,5794,12448,
3.938,5794,12448,
3.939,5794,12434,
3.94,5794,12434,
3.941,5787,12448,
3.942,5787,12448,
3.943,5791,12448,
3.944,5791,12448,
3.945,5791,12448,
3.946,5791,12448,
3.947,5791,12448,
3.948,5791,12448,
3.949,5791,12434,
3.95005,5791,12434,
3.951,5787,12448,
3.952,5787,12448,
