time [s],channel_4_data.input_current_ma,channel_4_data.output_current_ma,
9.7e-07,-83,-36,
0.00100007,-83,-36,
0.00200006,-90,-33,
0.00300006,-90,-33,
0.00400004,-77,-33,
0.00500002,-77,-33,
0.00600004,-70,-30,
0.00700001,-70,-30,
0.00800001,-77,-33,
0.00900003,-77,-33,
0.01,-83,-30,
0.011,-83,-30,
0.012,-77,-30,
0.013,-77,-30,
0.0140001,-70,-33,
0.015,-70,-33,
0.016,-83,-30,
0.0170001,-83,-30,
0.0184298,-83,-33,
0.0200793,-83,-33,
0.02103,-83,-33,
0.0218662,-77,-33,
0.0227022,-77,-33,
0.0235738,-77,-33,
0.0244106,-77,-30,
0.0252411,-77,-30,
0.0262999,-83,-30,
0.0271345,-83,-30,
0.0282945,-83,-30,
0.0293746,-83,-30,
0.0304919,-77,-33,
0.0313696,-77,-33,
0.032244,-77,-36,
0.0331202,-77,-36,
0.034,-83,-33,
0.035,-83,-33,
0.036,-77,-33,
0.0370001,-77,-33,
0.0380001,-77,-33,
0.039,-77,-33,
0.04,-90,-36,
0.041,-90,-36,
0.042,-77,-33,
0.0430001,-77,-33,
0.044,-77,-33,
0.045,-77,-33,
0.0460751,-83,-33,
0.047,-83,-33,
0.048,-77,-30,
0.049,-77,-30,
0.05,-83,-30,
0.051,-83,-30,
0.052,-83,-33,
0.0530001,-83,-33,
0.0540001,-70,-36,
0.0554219,-70,-36,
0.0570117,-77,-33,
0.0578864,-77,-28,
0.0587456,-77,-28,
0.059621,-77,-28,
0.060493,-83,-36,
0.061375,-83,-36,
0.062246,-83,-33,
0.063123,-83,-33,
0.064,-83,-33,
0.0650001,-83,-33,
0.066,-83,-33,
0.067,-83,-33,
0.0683184,-77,-33,
0.069252,-77,-33,
0.070077,-77,-33,
0.071,-77,-33,
0.0720001,-77,-33,
0.073,-77,-33,
0.074,-77,-33,
0.075,-77,-33,
0.0760001,-90,-30,
0.0770001,-90,-30,
0.078,-83,-33,
0.079,-83,-33,
0.08,-83,-33,
0.081,-83,-33,
0.082,-77,-33,
0.0830005,-77,-33,
0.084,-83,-33,
0.085,-83,-33,
0.0860001,-77,-30,
0.087,-77,-30,
0.088,-83,-33,
0.089,-83,-33,
0.09,-83,-33,
0.091,-83,-33,
0.092,-83,-33,
0.093,-83,-33,
0.094,-83,-33,
0.095,-83,-33,
0.096,-83,-33,
0.097,-83,-33,
0.098,-77,-30,
0.099,-77,-30,
0.100181,-77,-30,
0.101009,-77,-30,
0.102,-83,-33,
0.103,-83,-33,
0.104,-70,-33,
0.105,-70,-33,
0.106,-77,-33,
0.107,-77,-33,
0.108,-83,-30,
0.109,-83,-30,
0.11,-83,-33,
0.111,-83,-33,
0.112,-77,-33,
0.113,-77,-33,
0.114,-77,-33,
0.115,-77,-33,
0.116586,-77,-33,
0.118289,-83,-33,
0.119907,-83,-36,
0.120704,-83,-36,
0.121741,-83,-36,
0.122466,-77,-36,
0.123195,-77,-36,
0.123918,-77,-33,
0.124661,-77,-33,
0.125372,-77,-33,
0.126068,-77,-33,
0.127,-77,-33,
0.128,-83,-33,
0.129,-83,-33,
0.13,-83,-33,
0.131,-83,-33,
0.132,-83,-30,
0.133,-83,-30,
0.134,-83,-36,
0.135,-83,-36,
0.136,-90,-33,
0.137,-90,-33,
0.138,-77,-33,
0.139,-77,-33,
0.14,-83,-33,
0.141,-83,-33,
0.142,-83,-33,
0.143,-83,-33,
0.144,-77,-28,
0.145,-77,-28,
0.146,-77,-33,
0.147,-77,-33,
0.148,-83,-33,
0.149,-83,-33,
0.15,-83,-33,
0.151,-83,-33,
0.152,-77,-30,
0.153,-77,-30,
0.154,-83,-33,
0.155152,-83,-33,
0.156557,-83,-33,
0.157665,-83,-33,
0.158368,-83,-33,
0.159067,-83,-33,
0.16,-90,-33,
0.161,-90,-33,
0.162,-83,-33,
0.163,-83,-33,
0.164301,-77,-33,
0.16565,-77,-33,
0.16649,-83,-33,
0.16727,-83,-33,
0.168079,-83,-33,
0.169,-83,-33,
0.17,-77,-33,
0.171,-77,-33,
0.172,-77,-33,
0.173,-77,-33,
0.174,-83,-30,
0.175,-83,-30,
0.176,-83,-36,
0.177,-83,-36,
0.178,-83,-33,
0.179,-83,-33,
0.18,-77,-30,
0.181622,-77,-33,
0.182531,-83,-33,
0.183295,-83,-33,
0.184122,-77,-30,
0.185,-77,-30,
0.186,-83,-33,
0.187,-83,-33,
0.188,-83,-33,
0.189,-83,-33,
0.19,-83,-33,
0.191,-83,-33,
0.192,-77,-33,
0.193,-77,-33,
0.194,-83,-36,
0.195,-83,-36,
0.196,-83,-30,
0.197,-83,-30,
0.198,-83,-36,
0.199,-83,-36,
0.2,-83,-36,
0.201,-83,-36,
0.202,-77,-36,
0.203186,-77,-36,
0.204478,-77,-33,
0.205581,-77,-33,
0.206406,-77,-30,
0.207249,-77,-30,
0.208106,-77,-33,
0.209,-77,-33,
0.21,-77,-36,
0.211,-77,-36,
0.212,-77,-30,
0.213,-77,-30,
0.214,-77,-30,
0.215,-77,-30,
0.216,-77,-30,
0.217,-77,-30,
0.218,-83,-33,
0.219,-83,-33,
0.22,-77,-30,
0.221,-77,-30,
0.222,-77,-30,
0.223,-77,-30,
0.224,-77,-36,
0.225,-77,-36,
0.226,-83,-33,
0.227,-83,-33,
0.228,-83,-33,
0.229,-83,-33,
0.23,-77,-33,
0.231,-77,-33,
0.232,-70,-33,
0.233,-70,-33,
0.234123,-83,-33,
0.235,-83,-33,
0.236,-77,-30,
0.237,-77,-30,
0.238,-83,-33,
0.239,-83,-33,
0.24,-83,-36,
0.241,-83,-36,
0.242,-70,-33,
0.243,-70,-33,
0.244,-77,-36,
0.245,-77,-36,
0.246,-83,-33,
0.247,-83,-33,
0.248,-83,-30,
0.249,-83,-30,
0.25,-83,-30,
0.251,-83,-30,
0.252,-77,-33,
0.253,-77,-33,
0.254,-77,-33,
0.255,-77,-33,
0.256,-83,-30,
0.257,-83,-30,
0.258,-83,-33,
0.259,-83,-33,
0.26,-83,-33,
0.261,-83,-33,
0.262,-90,-33,
0.263,-90,-33,
0.264,-77,-30,
0.265,-77,-30,
0.266,-77,-28,
0.267,-77,-28,
0.268,-83,-30,
0.269,-83,-30,
0.27,-77,-30,
0.271,-77,-30,
0.272074,-77,-30,
0.273132,-77,-30,
0.274349,-77,-33,
0.275156,-77,-33,
0.276,-83,-33,
0.277,-83,-33,
0.278,-77,-33,
0.279,-77,-33,
0.280004,-77,-30,
0.281,-77,-30,
0.282,-77,-30,
0.283,-77,-30,
0.284,-77,-33,
0.285,-77,-33,
0.286,-90,-33,
0.287,-90,-33,
0.288,-77,-33,
0.289,-77,-33,
0.29,-83,-33,
0.291,-83,-33,
0.292,-64,-30,
0.293,-64,-30,
0.294007,-83,-33,
0.295,-83,-33,
0.296,-83,-30,
0.297,-83,-30,
0.298,-77,-30,
0.299,-77,-30,
0.3,-83,-33,
0.301,-83,-33,
0.302,-77,-30,
0.303,-77,-30,
0.304,-77,-30,
0.305,-77,-30,
0.306,-77,-30,
0.307,-77,-30,
0.308,-77,-33,
0.309,-77,-33,
0.31,-77,-33,
0.311,-77,-33,
0.312,-77,-33,
0.313,-77,-33,
0.314,-83,-33,
0.315,-83,-33,
0.316,-83,-30,
0.31716,-83,-30,
0.318801,-70,-30,
0.320279,-77,-30,
0.321678,-77,-30,
0.322394,-77,-33,
0.323113,-77,-33,
0.323821,-77,-33,
0.324552,-83,-33,
0.32528,-83,-33,
0.326,-83,-30,
0.327,-83,-30,
0.328,-83,-30,
0.329,-83,-30,
0.33,-83,-33,
0.331,-83,-33,
0.332,-77,-33,
0.333,-77,-33,
0.334,-77,-33,
0.335,-77,-33,
0.336,-83,-33,
0.337,-83,-33,
0.338,-77,-30,
0.339,-77,-30,
0.34,-77,-33,
0.341,-77,-33,
0.342,-77,-30,
0.343,-77,-30,
0.344,-77,-33,
0.345,-77,-33,
0.346,-77,-33,
0.347,-77,-33,
0.348,-70,-30,
0.349,-70,-30,
0.35,-83,-30,
0.351,-83,-30,
0.352,-77,-33,
0.353,-77,-33,
0.354,-70,-33,
0.355,-70,-33,
0.356,-83,-30,
0.357,-83,-30,
0.358,-77,-33,
0.359,-77,-33,
0.36,-77,-30,
0.361,-77,-30,
0.362,-70,-30,
0.363,-70,-30,
0.364,-77,-30,
0.365,-77,-30,
0.366,-83,-36,
0.367,-83,-36,
0.368,-70,-33,
0.369,-70,-33,
0.37,-77,-33,
0.371,-77,-33,
0.372,-77,-30,
0.373,-77,-30,
0.374,-83,-33,
0.375,-83,-33,
0.376,-83,-30,
0.377,-83,-30,
0.378,-83,-33,
0.379,-83,-33,
0.38,-77,-30,
0.381,-77,-30,
0.382,-70,-33,
0.383215,-70,-33,
0.384866,-77,-33,
0.385593,-77,-33,
0.386334,-83,-33,
0.387022,-83,-33,
0.388,-83,-33,
0.389,-83,-33,
0.39,-90,-33,
0.391,-90,-33,
0.392,-83,-33,
0.393,-83,-33,
0.394,-77,-30,
0.395,-77,-30,
0.396,-90,-30,
0.397,-90,-30,
0.398,-83,-36,
0.399,-83,-36,
0.4,-83,-30,
0.401,-83,-30,
0.402,-83,-33,
0.403,-83,-33,
0.404,-77,-33,
0.405,-77,-33,
0.406,-83,-33,
0.407,-83,-33,
0.408,-77,-33,
0.409,-77,-33,
0.41,-83,-33,
0.411,-83,-33,
0.412,-77,-30,
0.413,-77,-30,
0.414,-83,-36,
0.415,-83,-36,
0.416,-83,-33,
0.417,-83,-33,
0.418,-83,-30,
0.419,-83,-30,
0.42,-77,-30,
0.421,-77,-30,
0.422,-83,-33,
0.423,-83,-33,
0.424,-83,-33,
0.425,-83,-33,
0.426,-77,-33,
0.427,-77,-33,
0.428,-83,-33,
0.429,-83,-33,
0.43,-90,-33,
0.431,-90,-33,
0.432,-83,-33,
0.433,-83,-33,
0.434,-77,-33,
0.435,-77,-33,
0.436,-90,-33,
0.437,-90,-33,
0.438,-83,-33,
0.439,-83,-33,
0.44,-83,-36,
0.441,-83,-36,
0.44213,-77,-30,
0.443167,-77,-30,
0.444,-83,-30,
0.445,-83,-30,
0.446,-77,-33,
0.447,-77,-33,
0.448,-77,-33,
0.449,-77,-33,
0.45,-77,-33,
0.451,-77,-33,
0.452,-77,-33,
0.453,-77,-33,
0.454,-83,-36,
0.455,-83,-36,
0.456,-90,-33,
0.457,-90,-33,
0.458,-83,-33,
0.459,-83,-33,
0.46,-77,-33,
0.461,-77,-33,
0.462,-83,-33,
0.463,-83,-33,
0.464,-83,-33,
0.465,-83,-33,
0.466,-83,-33,
0.467,-83,-33,
0.468,-77,-33,
0.469,-77,-33,
0.47,-77,-33,
0.471,-77,-33,
0.472,-83,-33,
0.47336,-83,-33,
0.474626,-83,-33,
0.475333,-83,-33,
0.476051,-83,-30,
0.477,-83,-30,
0.478,-83,-36,
0.479,-83,-36,
0.48,-77,-33,
0.481,-77,-33,
0.482,-83,-33,
0.483,-83,-33,
0.484,-83,-33,
0.485,-83,-33,
0.486,-83,-33,
0.487,-83,-33,
0.488,-90,-33,
0.489,-90,-33,
0.49,-83,-30,
0.491,-83,-30,
0.492,-70,-33,
0.493,-70,-33,
0.494,-83,-33,
0.495,-83,-33,
0.496,-70,-33,
0.497,-70,-33,
0.498,-77,-30,
0.499,-77,-30,
0.500145,-77,-28,
0.501,-77,-28,
0.502,-83,-33,
0.503,-83,-33,
0.504005,-77,-30,
0.505607,-77,-30,
0.506589,-83,-30,
0.507381,-83,-30,
0.508744,-90,-33,
0.510352,-83,-33,
0.511573,-83,-33,
0.51237,-77,-33,
0.513293,-77,-33,
0.514051,-83,-33,
0.514897,-83,-33,
0.515763,-83,-33,
0.516669,-83,-33,
0.518151,-77,-30,
0.519789,-77,-33,
0.520988,-77,-33,
0.521703,-77,-33,
0.522425,-77,-28,
0.523122,-77,-28,
0.523846,-77,-30,
0.524546,-77,-30,
0.525415,-77,-30,
0.526661,-83,-33,
0.527629,-83,-33,
0.528501,-83,-30,
0.529357,-83,-30,
0.530208,-77,-33,
0.531085,-77,-33,
0.532,-77,-33,
0.533,-77,-33,
0.534,-83,-33,
0.535,-83,-33,
0.536,-77,-30,
0.537,-77,-30,
0.53868,-83,-30,
0.54064,-83,-33,
0.541999,-77,-33,
0.5427,-77,-33,
0.543391,-77,-33,
0.544169,-77,-33,
0.545367,-77,-33,
0.546359,-77,-33,
0.54715,-77,-33,
0.547941,-83,-30,
0.548716,-83,-30,
0.549521,-83,-30,
0.55038,-77,-30,
0.551156,-77,-30,
0.552007,-77,-30,
0.553,-77,-30,
0.554,-77,-30,
0.555,-77,-30,
0.556,-77,-30,
0.557,-77,-30,
0.558,-77,-33,
0.559,-77,-33,
0.56,-83,-30,
0.561,-83,-30,
0.562,-83,-33,
0.563,-83,-33,
0.564,-77,-33,
0.565,-77,-33,
0.566,-77,-33,
0.567,-77,-33,
0.568,-77,-30,
0.569,-77,-30,
0.57,-83,-36,
0.571,-83,-36,
0.572,-77,-30,
0.573,-77,-30,
0.574,-70,-30,
0.575,-70,-30,
0.576,-77,-33,
0.577,-77,-33,
0.578,-83,-33,
0.579,-83,-33,
0.58,-90,-36,
0.581,-90,-36,
0.582,-77,-30,
0.583,-77,-30,
0.584,-83,-33,
0.585,-83,-33,
0.586,-83,-28,
0.587,-83,-28,
0.588,-83,-36,
0.589,-83,-36,
0.59,-83,-30,
0.591,-83,-30,
0.592,-77,-30,
0.593,-77,-30,
0.594,-83,-33,
0.595,-83,-33,
0.596,-83,-30,
0.597,-83,-30,
0.598,-77,-30,
0.599,-77,-30,
0.6,-83,-30,
0.601,-83,-30,
0.602,-77,-33,
0.603,-77,-33,
0.604,-83,-30,
0.605,-83,-30,
0.606,-77,-30,
0.607,-77,-30,
0.608,-83,-36,
0.609,-83,-36,
0.61,-77,-30,
0.611,-77,-30,
0.612,-83,-33,
0.613,-83,-33,
0.614602,-83,-33,
0.616346,-83,-36,
0.617771,-83,-33,
0.619449,-77,-33,
0.621081,-83,-33,
0.62295,-83,-33,
0.623839,-83,-30,
0.624712,-77,-30,
0.625429,-77,-30,
0.626149,-70,-33,
0.626895,-70,-33,
0.627623,-70,-33,
0.628339,-90,-36,
0.630219,-77,-33,
0.631487,-77,-33,
0.632176,-83,-33,
0.63289,-83,-33,
0.633636,-83,-33,
0.634349,-83,-30,
0.635055,-83,-30,
0.635753,-83,-30,
0.636476,-83,-36,
0.637201,-83,-36,
0.637962,-83,-33,
0.638712,-83,-33,
0.639499,-83,-33,
0.640272,-83,-33,
0.64104,-83,-33,
0.642,-83,-30,
0.643,-83,-30,
0.644,-90,-33,
0.645,-90,-33,
0.646,-90,-33,
0.647,-90,-33,
0.648,-77,-33,
0.649,-77,-33,
0.65,-90,-33,
0.651,-90,-33,
0.652,-83,-33,
0.653,-83,-33,
0.654,-77,-30,
0.655,-77,-30,
0.656,-83,-33,
0.657,-83,-33,
0.658,-77,-33,
0.659,-77,-33,
0.66,-83,-30,
0.661,-83,-30,
0.662,-77,-33,
0.663,-77,-33,
0.664544,-90,-33,
0.665399,-90,-33,
0.666256,-77,-30,
0.667086,-77,-30,
0.668,-77,-30,
0.669,-77,-30,
0.67,-90,-30,
0.671,-90,-30,
0.672,-83,-33,
0.673,-83,-33,
0.674,-83,-36,
0.675,-83,-36,
0.676,-83,-30,
0.677,-83,-30,
0.678,-70,-30,
0.679,-70,-30,
0.68,-77,-30,
0.681,-77,-30,
0.682,-83,-30,
0.683,-83,-30,
0.684,-77,-30,
0.685,-77,-30,
0.686,-83,-33,
0.687,-83,-33,
0.688,-83,-33,
0.689,-83,-33,
0.69,-77,-33,
0.691,-77,-33,
0.692,-83,-33,
0.693,-83,-33,
0.694,-77,-33,
0.695,-77,-33,
0.696,-77,-33,
0.697,-77,-33,
0.698,-77,-33,
0.699001,-77,-33,
0.7,-77,-33,
0.701,-77,-33,
0.702,-83,-33,
0.703,-83,-33,
0.704,-83,-30,
0.705,-83,-30,
0.706,-77,-33,
0.707,-77,-33,
0.708,-83,-33,
0.709,-83,-33,
0.71,-83,-33,
0.711,-83,-33,
0.712,-77,-30,
0.713,-77,-30,
0.714,-90,-36,
0.715,-90,-36,
0.716,-83,-30,
0.717,-83,-30,
0.718,-77,-36,
0.719,-77,-36,
0.72,-77,-30,
0.721,-77,-30,
0.722,-77,-30,
0.723,-77,-30,
0.724,-77,-30,
0.725,-77,-30,
0.726165,-77,-33,
0.727,-77,-33,
0.728,-90,-33,
0.729,-90,-33,
0.73,-77,-33,
0.731,-77,-33,
0.732219,-83,-28,
0.733017,-83,-28,
0.734,-70,-30,
0.735,-70,-30,
0.736,-77,-28,
0.737,-77,-28,
0.738,-83,-33,
0.739,-83,-33,
0.74,-83,-33,
0.741,-83,-33,
0.742,-83,-33,
0.743266,-83,-33,
0.745021,-83,-33,
0.74579,-83,-30,
0.746633,-83,-30,
0.74738,-83,-30,
0.748082,-83,-28,
0.749,-83,-28,
0.75,-70,-33,
0.751,-70,-33,
0.752,-83,-30,
0.753,-83,-30,
0.754,-77,-33,
0.755,-77,-33,
0.756,-77,-33,
0.757,-77,-33,
0.758055,-77,-30,
0.759396,-77,-30,
0.760263,-77,-33,
0.761134,-77,-33,
0.762005,-70,-30,
0.763,-70,-30,
0.764,-83,-33,
0.765,-83,-33,
0.766,-77,-33,
0.767,-77,-33,
0.768,-83,-33,
0.769005,-83,-33,
0.77,-77,-33,
0.771,-77,-33,
0.772,-77,-36,
0.773,-77,-36,
0.774,-77,-30,
0.775,-77,-30,
0.776,-83,-30,
0.777,-83,-30,
0.778,-77,-33,
0.779,-77,-33,
0.78,-83,-33,
0.781,-83,-33,
0.782,-83,-30,
0.783,-83,-30,
0.784,-77,-33,
0.785,-77,-33,
0.786507,-70,-33,
0.787464,-70,-33,
0.788315,-70,-28,
0.789028,-70,-28,
0.79,-83,-36,
0.791,-83,-36,
0.792,-77,-36,
0.793,-77,-36,
0.794,-77,-33,
0.795,-77,-33,
0.796,-83,-30,
0.797,-83,-30,
0.798,-90,-36,
0.799,-90,-36,
0.8,-83,-33,
0.801,-83,-33,
0.802,-83,-33,
0.803,-83,-33,
0.804,83,-33,
0.805,83,-33,
0.806,77,-33,
0.807,77,-33,
0.808,77,-36,
0.809,77,-36,
0.81,70,-36,
0.811,70,-36,
0.812,70,-33,
0.813,70,-33,
0.814,77,-33,
0.815,77,-33,
0.816,70,-33,
0.817,70,-33,
0.818,70,-30,
0.819,70,-30,
0.82,70,-30,
0.821,70,-30,
0.822,51,-36,
0.823,51,-36,
0.824,32,-33,
0.825,32,-33,
0.826,-12,-33,
0.827,-12,-33,
0.828,-6,-30,
0.829,-6,-30,
0.83,-6,-33,
0.831,-6,-33,
0.832,-6,-33,
0.833,-6,-33,
0.834,-12,-36,
0.835,-12,-36,
0.836,-6,-33,
0.837,-6,-33,
0.838,0,-30,
0.839,0,-30,
0.84,-12,-36,
0.841,-12,-36,
0.842,-6,-30,
0.843,-6,-30,
0.844,-6,-30,
0.845,-6,-30,
0.846,0,-30,
0.847,0,-30,
0.848059,-6,-30,
0.849,-6,-30,
0.85,-6,-30,
0.851,-6,-30,
0.852,-12,-30,
0.853,-12,-30,
0.854,-25,-30,
0.855,-25,-30,
0.856,-64,-30,
0.857,-64,-30,
0.858,-70,-33,
0.859,-70,-33,
0.86,-83,-33,
0.861,-83,-33,
0.862,-64,-30,
0.863,-64,-30,
0.864,-83,-33,
0.865,-83,-33,
0.866,-83,-33,
0.867,-83,-33,
0.868,-83,-36,
0.869,-83,-36,
0.87,-77,-28,
0.871,-77,-28,
0.872,-77,-30,
0.873,-77,-30,
0.874,-77,-30,
0.875,-77,-30,
0.876,-77,-33,
0.877,-77,-33,
0.878,-77,-30,
0.879,-77,-30,
0.88,-83,-33,
0.881,-83,-33,
0.882,-83,-33,
0.883,-83,-33,
0.884,-83,-33,
0.885,-83,-33,
0.886,-83,-33,
0.887,-83,-33,
0.888,-83,-30,
0.889,-83,-30,
0.89,-83,-30,
0.891,-83,-30,
0.892,-77,-30,
0.893,-77,-30,
0.894,-77,-33,
0.895,-77,-33,
0.896,-83,-33,
0.897,-83,-33,
0.898,-83,-33,
0.899017,-83,-33,
0.900499,-77,-33,
0.901206,-77,-33,
0.902,-83,-33,
0.903,-83,-33,
0.904,-77,-30,
0.905,-77,-30,
0.906,-83,-33,
0.907,-83,-33,
0.908,-83,-33,
0.909,-83,-33,
0.91,-83,-33,
0.911,-83,-33,
0.912,-83,-33,
0.913,-83,-33,
0.914,-83,-30,
0.915,-83,-30,
0.916,-83,-33,
0.917,-83,-33,
0.918,-83,-36,
0.919,-83,-36,
0.92,-77,-28,
0.921,-77,-28,
0.922,-64,-33,
0.923,-64,-33,
0.924,-64,-33,
0.925,-64,-33,
0.926,-64,-30,
0.927,-64,-30,
0.928,-70,-33,
0.929125,-70,-33,
0.930297,-77,-33,
0.931059,-77,-33,
0.932,-64,-33,
0.933,-64,-33,
0.934,-64,-30,
0.935,-64,-30,
0.936,-64,-36,
0.937,-64,-36,
0.938,-77,-30,
0.939,-77,-30,
0.94,-64,-30,
0.941,-64,-30,
0.942,-64,-30,
0.943,-64,-30,
0.944,-64,-33,
0.945,-64,-33,
0.946,-70,-36,
0.947,-70,-36,
0.948,-64,-33,
0.949,-64,-33,
0.95,-64,-33,
0.951,-64,-33,
0.952,-64,-28,
0.953,-64,-28,
0.954,-70,-33,
0.955,-70,-33,
0.956,-70,-33,
0.957,-70,-33,
0.958,-64,-33,
0.959,-64,-33,
0.96,-58,-30,
0.961,-58,-30,
0.962,-64,-30,
0.963,-64,-30,
0.964,-58,-33,
0.965,-58,-33,
0.966,-70,-33,
0.967,-70,-33,
0.968,-64,-33,
0.969,-64,-33,
0.97,-58,-38,
0.971,-58,-38,
0.972,-58,-30,
0.973,-58,-30,
0.974,-64,-36,
0.975,-64,-36,
0.976,-64,-30,
0.977,-64,-30,
0.978,-64,-33,
0.979,-64,-33,
0.98,-64,-33,
0.981,-64,-33,
0.982,-58,-28,
0.983,-58,-28,
0.984,-58,-33,
0.985,-58,-33,
0.986,-58,-30,
0.987,-58,-30,
0.988,-58,-30,
0.989,-58,-30,
0.99066,-64,-30,
0.99243,-64,-30,
0.993909,-64,-33,
0.994762,-58,-33,
0.995642,-58,-33,
0.996517,-64,-30,
0.997387,-64,-30,
0.99826,-58,-30,
0.999135,-58,-30,
0.999937,-58,-33,
1.00072,-58,-33,
1.00166,-58,-33,
1.00313,-70,-30,
1.00442,-64,-33,
1.00513,-64,-33,
1.00591,-64,-33,
1.00666,-70,-33,
1.00739,-70,-33,
1.00813,-64,-33,
1.009,-64,-33,
1.01,-70,-30,
1.011,-70,-30,
1.012,-64,-30,
1.013,-64,-30,
1.014,-64,-30,
1.015,-64,-30,
1.016,-64,-30,
1.017,-64,-30,
1.018,-58,-30,
1.019,-58,-30,
1.02,-58,-30,
1.021,-58,-30,
1.022,-64,-30,
1.023,-64,-30,
1.024,-51,-28,
1.025,-51,-28,
1.02674,-64,-33,
1.02813,-51,-33,
1.0289,-51,-33,
1.02971,-51,-33,
1.03094,-64,-30,
1.0324,-51,-33,
1.03418,-64,-30,
1.03501,-64,-30,
1.03627,-64,-33,
1.03738,-64,-33,
1.03811,-58,-38,
1.03882,-58,-38,
1.03954,-58,-38,
1.04027,-64,-33,
1.04112,-64,-33,
1.04192,-64,-30,
1.04262,-58,-30,
1.04331,-58,-30,
1.044,-58,-30,
1.045,-58,-30,
1.046,-58,-30,
1.047,-58,-30,
1.048,-64,-33,
1.049,-64,-33,
1.05,-58,-30,
1.051,-58,-30,
1.052,-64,-33,
1.053,-64,-33,
1.054,-58,-30,
1.055,-58,-30,
1.056,-58,-33,
1.057,-58,-33,
1.058,-51,-33,
1.059,-51,-33,
1.06,-64,-33,
1.061,-64,-33,
1.062,-58,-33,
1.063,-58,-33,
1.064,-51,-28,
1.065,-51,-28,
1.066,-58,-33,
1.067,-58,-33,
1.068,-45,-30,
1.069,-45,-30,
1.07,-58,-28,
1.071,-58,-28,
1.072,-51,-30,
1.073,-51,-30,
1.074,-58,-33,
1.075,-58,-33,
1.076,-58,-30,
1.077,-58,-30,
1.078,-51,-28,
1.079,-51,-28,
1.08,-45,-30,
1.081,-45,-30,
1.082,-51,-28,
1.083,-51,-28,
1.084,-32,-28,
1.085,-32,-28,
1.086,-45,-30,
1.087,-45,-30,
1.088,-51,-28,
1.089,-51,-28,
1.09,-51,-28,
1.091,-51,-28,
1.092,-45,-28,
1.093,-45,-28,
1.094,-51,-28,
1.095,-51,-28,
1.096,-45,-28,
1.09705,-45,-28,
1.098,-45,-28,
1.099,-45,-28,
1.1,-45,-28,
1.101,-45,-28,
1.102,-38,-28,
1.10337,-38,-28,
1.10494,-45,-25,
1.10571,-45,-25,
1.10661,-45,-25,
1.10731,-45,-25,
1.10801,-38,-23,
1.109,-38,-23,
1.11,-58,-28,
1.111,-58,-28,
1.112,-38,-23,
1.113,-38,-23,
1.114,-32,-25,
1.115,-32,-25,
1.116,-32,-23,
1.117,-32,-23,
1.118,-32,-25,
1.119,-32,-25,
1.12,-32,-25,
1.121,-32,-25,
1.122,-38,-25,
1.123,-38,-25,
1.124,-38,-25,
1.125,-38,-25,
1.126,-25,-23,
1.127,-25,-23,
1.128,-25,-20,
1.129,-25,-20,
1.13,-25,-28,
1.131,-25,-28,
1.132,-19,-18,
1.133,-19,-18,
1.134,-25,-23,
1.135,-25,-23,
1.136,-19,-20,
1.137,-19,-20,
1.138,-19,-18,
1.139,-19,-18,
1.14,-6,-18,
1.141,-6,-18,
1.14255,-12,-20,
1.14326,-12,-20,
1.144,-12,-15,
1.145,-12,-15,
1.146,-12,-20,
1.147,-12,-20,
1.148,-19,-20,
1.149,-19,-20,
1.15,-6,-20,
1.151,-6,-20,
1.152,-6,-18,
1.153,-6,-18,
1.154,-12,-20,
1.155,-12,-20,
1.156,-12,-18,
1.157,-12,-18,
1.158,-6,-15,
1.15951,-6,-15,
1.16057,0,-15,
1.16128,0,-15,
1.162,-6,-15,
1.163,-6,-15,
1.164,0,-15,
1.165,0,-15,
1.166,0,-12,
1.167,0,-12,
1.168,0,-12,
1.169,0,-12,
1.17,6,-12,
1.171,6,-12,
1.172,12,-12,
1.173,12,-12,
1.174,12,-12,
1.175,12,-12,
1.176,12,-10,
1.177,12,-10,
1.178,19,-12,
1.179,19,-12,
1.18,19,-10,
1.181,19,-10,
1.182,25,-7,
1.183,25,-7,
1.184,25,-7,
1.185,25,-7,
1.186,32,-5,
1.187,32,-5,
1.188,32,-7,
1.189,32,-7,
1.19,38,-5,
1.191,38,-5,
1.192,32,-5,
1.193,32,-5,
1.194,25,-7,
1.195,25,-7,
1.196,32,0,
1.197,32,0,
1.198,38,0,
1.199,38,0,
1.2,45,0,
1.201,45,0,
1.20232,45,2,
1.20346,45,2,
1.20426,51,2,
1.20514,51,2,
1.20602,51,-2,
1.207,51,-2,
1.208,45,5,
1.209,45,5,
1.21,51,5,
1.211,51,5,
1.212,64,2,
1.213,64,2,
1.214,64,7,
1.21579,64,7,
1.21657,64,5,
1.21726,64,5,
1.218,64,7,
1.219,64,7,
1.22,64,7,
1.221,64,7,
1.222,70,7,
1.223,70,7,
1.224,70,10,
1.225,70,10,
1.226,70,10,
1.227,70,10,
1.228,70,10,
1.229,70,10,
1.23,58,7,
1.231,58,7,
1.232,70,7,
1.23314,70,7,
1.234,77,7,
1.235,77,7,
1.236,77,7,
1.237,77,7,
1.238,70,7,
1.239,70,7,
1.24,83,5,
1.241,83,5,
1.242,70,7,
1.243,70,7,
1.244,77,7,
1.2456,77,7,
1.24635,70,7,
1.24705,70,7,
1.248,70,7,
1.249,70,7,
1.25,70,7,
1.251,70,7,
1.252,77,7,
1.253,77,7,
1.254,83,7,
1.255,83,7,
1.256,90,7,
1.257,90,7,
1.258,70,7,
1.259,70,7,
1.26055,77,7,
1.26196,77,7,
1.2636,70,7,
1.26457,70,5,
1.26538,70,5,
1.26609,83,2,
1.26679,83,2,
1.26751,83,2,
1.26822,83,5,
1.269,83,5,
1.27,70,0,
1.271,70,0,
1.272,64,5,
1.273,64,5,
1.274,77,5,
1.275,77,5,
1.276,70,5,
1.277,70,5,
1.278,64,7,
1.279,64,7,
1.28024,70,2,
1.281,70,2,
1.282,70,5,
1.283,70,5,
1.284,77,0,
1.285,77,0,
1.286,77,0,
1.287,77,0,
1.288,83,2,
1.289,83,2,
1.29,64,2,
1.291,64,2,
1.292,77,5,
1.293,77,5,
1.294,83,0,
1.295,83,0,
1.296,70,2,
1.297,70,2,
1.298,77,0,
1.299,77,0,
1.3,83,0,
1.301,83,0,
1.30252,70,0,
1.30372,70,0,
1.30447,90,-2,
1.30516,90,-2,
1.306,90,0,
1.307,64,0,
1.308,70,-2,
1.309,70,-2,
1.31,64,-7,
1.311,64,-7,
1.31204,70,-2,
1.31363,70,-2,
1.31452,77,0,
1.3154,77,0,
1.31627,77,-2,
1.31714,77,-2,
1.31802,83,-2,
1.319,83,-2,
1.32,83,0,
1.321,77,0,
1.322,70,-2,
1.323,70,-2,
1.324,70,-10,
1.325,70,-10,
1.326,83,-5,
1.327,83,-5,
1.328,77,-2,
1.329,77,-2,
1.33,77,-2,
1.331,77,-2,
1.332,70,0,
1.333,70,0,
1.334,77,-5,
1.335,77,-5,
1.336,103,-2,
1.337,103,-2,
1.338,70,-5,
1.339,70,-5,
1.34,58,-5,
1.341,58,-5,
1.342,77,-5,
1.343,77,-5,
1.344,96,-7,
1.345,96,-7,
1.346,77,-7,
1.347,77,-7,
1.348,77,-7,
1.349,77,-7,
1.35,77,-10,
1.351,77,-10,
1.352,70,-5,
1.353,70,-5,
1.354,70,-7,
1.355,70,-7,
1.356,77,-5,
1.357,77,-5,
1.358,70,-7,
1.359,70,-7,
1.36,64,-7,
1.361,64,-7,
1.362,64,-7,
1.363,64,-7,
1.364,70,-5,
1.365,70,-5,
1.366,70,-7,
1.36724,70,-7,
1.368,70,-7,
1.369,77,-7,
1.37,70,-5,
1.371,70,-5,
1.372,64,-10,
1.373,64,-10,
1.374,70,-10,
1.375,70,-10,
1.376,70,-10,
1.377,70,-10,
1.378,70,-10,
1.379,70,-10,
1.38005,64,-10,
1.38161,64,-10,
1.38235,70,-10,
1.38305,70,-10,
1.384,70,-12,
1.385,70,-12,
1.386,70,-7,
1.387,70,-7,
1.388,64,-12,
1.389,64,-12,
1.39,64,-7,
1.391,70,-7,
1.39262,77,-10,
1.39421,70,-10,
1.39588,70,-10,
1.39659,70,-10,
1.39729,70,-10,
1.39801,70,-12,
1.3987,77,-12,
1.39942,77,-12,
1.40023,64,-12,
1.4011,64,-12,
1.40239,77,-12,
1.40309,77,-12,
1.404,77,-12,
1.405,70,-12,
1.406,70,-10,
1.407,70,-10,
1.408,70,-10,
1.409,70,-10,
1.41,70,-12,
1.411,70,-12,
1.412,70,-12,
1.413,77,-12,
1.414,77,-12,
1.415,77,-12,
1.41607,70,-10,
1.417,70,-10,
1.418,70,-10,
1.419,64,-10,
1.42,64,-15,
1.421,70,-15,
1.422,70,-15,
1.423,70,-15,
1.424,70,-12,
1.425,70,-12,
1.426,70,-10,
1.427,70,-10,
1.428,70,-12,
1.429,70,-12,
1.43,70,-10,
1.431,70,-10,
1.432,70,-15,
1.433,70,-15,
1.434,70,-12,
1.435,70,-12,
1.436,70,-12,
1.437,77,-12,
1.438,77,-10,
1.439,70,-10,
1.44,70,-12,
1.441,64,-12,
1.442,64,-15,
1.443,70,-15,
1.444,70,-15,
1.445,70,-15,
1.446,70,-15,
1.447,70,-15,
1.448,70,-15,
1.449,70,-15,
1.45,70,-12,
1.451,64,-12,
1.452,64,-12,
1.453,64,-12,
1.454,64,-15,
1.455,70,-15,
1.456,70,-15,
1.457,64,-15,
1.458,64,-12,
1.459,70,-12,
1.46,70,-12,
1.461,70,-12,
1.462,70,-12,
1.463,70,-12,
1.464,70,-12,
1.465,70,-12,
1.466,70,-12,
1.467,70,-12,
1.468,70,-15,
1.469,64,-15,
1.47,64,-18,
1.471,64,-18,
1.472,64,-12,
1.473,70,-12,
1.474,70,-12,
1.475,70,-12,
1.476,70,-12,
1.477,70,-12,
1.478,70,-15,
1.479,77,-15,
1.48,77,-12,
1.481,70,-12,
1.482,70,-12,
1.483,70,-12,
1.484,70,-12,
1.485,77,-12,
1.486,77,-12,
1.487,70,-12,
1.488,70,-12,
1.489,70,-12,
1.49,70,-12,
1.491,70,-12,
1.492,70,-15,
1.493,70,-15,
1.49401,70,-18,
1.495,77,-18,
1.496,77,-12,
1.497,64,-12,
1.498,64,-15,
1.499,70,-15,
1.5,70,-15,
1.501,64,-15,
1.502,64,-15,
1.503,70,-15,
1.504,70,-12,
1.505,70,-12,
1.506,70,-18,
1.507,70,-18,
1.508,70,-15,
1.509,70,-15,
1.51,70,-15,
1.511,77,-15,
1.512,77,-18,
1.513,83,-18,
1.51419,70,-12,
1.515,70,-12,
1.516,70,-18,
1.517,70,-18,
1.518,70,-15,
1.519,70,-15,
1.52,70,-12,
1.521,64,-12,
1.52206,64,-15,
1.523,64,-15,
1.524,64,-15,
1.525,64,-15,
1.526,64,-15,
1.527,77,-15,
1.528,77,-15,
1.529,64,-15,
1.53,64,-12,
1.531,64,-12,
1.532,64,-12,
1.533,70,-12,
1.534,70,-15,
1.535,70,-15,
1.536,70,-12,
1.537,64,-12,
1.538,64,-15,
1.539,64,-15,
1.54,64,-12,
1.541,64,-12,
1.542,64,-12,
1.543,64,-12,
1.544,64,-15,
1.545,64,-15,
1.546,64,-15,
1.547,64,-15,
1.548,64,-15,
1.549,70,-15,
1.55,70,-15,
1.551,70,-15,
1.552,70,-18,
1.553,64,-18,
1.554,64,-12,
1.555,64,-12,
1.556,64,-15,
1.557,70,-15,
1.558,70,-12,
1.559,70,-12,
1.56,70,-15,
1.561,64,-15,
1.562,64,-12,
1.563,70,-12,
1.564,70,-15,
1.565,77,-15,
1.56601,64,-15,
1.56751,64,-15,
1.56849,70,-12,
1.56928,70,-12,
1.57015,70,-15,
1.57107,70,-15,
1.572,70,-12,
1.573,70,-12,
1.574,70,-12,
1.575,64,-12,
1.576,64,-15,
1.577,77,-15,
1.578,77,-12,
1.579,64,-12,
1.58,64,-15,
1.581,70,-15,
1.582,70,-12,
1.583,77,-12,
1.584,77,-15,
1.585,77,-15,
1.586,77,-12,
1.587,70,-12,
1.588,70,-15,
1.589,70,-15,
1.59,70,-15,
1.591,70,-15,
1.592,70,-12,
1.593,70,-12,
1.594,70,-12,
1.595,64,-12,
1.596,64,-12,
1.597,64,-12,
1.598,64,-15,
1.599,70,-15,
1.6,70,-12,
1.60108,70,-12,
1.602,70,-12,
1.603,58,-12,
1.604,58,-18,
1.605,77,-18,
1.606,77,-15,
1.607,58,-15,
1.608,58,-15,
1.609,64,-15,
1.61,64,-12,
1.611,64,-12,
1.612,64,-15,
1.613,70,-15,
1.614,70,-12,
1.615,70,-12,
1.616,70,-15,
1.61716,70,-15,
1.618,70,-15,
1.619,70,-15,
1.62,70,-15,
1.621,70,-15,
1.622,70,-15,
1.623,70,-15,
1.624,70,-15,
1.625,70,-15,
1.626,70,-15,
1.627,70,-15,
1.628,70,-15,
1.629,64,-15,
1.63,64,-10,
1.63213,70,-12,
1.63354,70,-12,
1.63426,70,-12,
1.63499,70,-12,
1.63572,70,-12,
1.63645,70,-15,
1.63721,70,-15,
1.63883,77,-15,
1.64021,64,-15,
1.64097,64,-15,
1.64167,64,-15,
1.64237,70,-12,
1.64307,70,-12,
1.644,70,-12,
1.645,64,-12,
1.646,64,-15,
1.647,70,-15,
1.648,70,-15,
1.649,58,-15,
1.65,58,-15,
1.651,64,-15,
1.652,64,-10,
1.653,64,-10,
1.654,64,-12,
1.65526,70,-12,
1.65672,64,-12,
1.65774,64,-12,
1.65845,70,-12,
1.65922,70,-12,
1.66,70,-15,
1.661,64,-15,
1.662,64,-12,
1.663,64,-12,
1.664,64,-15,
1.665,70,-15,
1.66608,70,-15,
1.66768,70,-15,
1.66843,64,-15,
1.66917,64,-15,
1.67,64,-12,
1.671,70,-12,
1.672,70,-12,
1.673,77,-12,
1.674,77,-15,
1.675,64,-15,
1.676,64,-12,
1.677,70,-12,
1.678,70,-15,
1.679,70,-15,
1.68,70,-12,
1.681,77,-12,
1.682,77,-15,
1.683,70,-15,
1.684,70,-15,
1.685,70,-15,
1.68602,70,-15,
1.687,77,-15,
1.688,77,-15,
1.689,70,-15,
1.69,70,-12,
1.69111,70,-12,
1.69227,77,-15,
1.69302,77,-15,
1.694,77,-12,
1.695,83,-12,
1.696,83,-15,
1.697,77,-15,
1.698,77,-15,
1.69998,64,-15,
1.70115,77,-15,
1.70187,77,-15,
1.70265,77,-18,
1.70345,77,-18,
1.70429,70,-15,
1.70508,70,-15,
1.706,70,-18,
1.70709,70,-18,
1.708,70,-15,
1.709,70,-15,
1.71,70,-15,
1.711,64,-15,
1.712,64,-18,
1.713,77,-18,
1.714,77,-20,
1.715,70,-20,
1.716,70,-18,
1.717,77,-18,
1.718,77,-15,
1.719,70,-15,
1.72,70,-15,
1.721,70,-15,
1.722,70,-15,
1.723,70,-15,
1.724,70,-15,
1.72518,77,-15,
1.726,77,-15,
1.727,77,-15,
1.728,77,-18,
1.729,77,-18,
1.73,77,-18,
1.731,83,-18,
1.732,83,-18,
1.733,70,-18,
1.734,70,-20,
1.735,70,-20,
1.736,70,-20,
1.737,83,-20,
1.738,83,-18,
1.739,77,-18,
1.74,77,-15,
1.741,70,-15,
1.742,70,-23,
1.743,70,-23,
1.744,70,-18,
1.745,70,-18,
1.746,70,-23,
1.747,70,-23,
1.748,70,-20,
1.749,70,-20,
1.75011,77,-20,
1.75178,77,-20,
1.75254,83,-18,
1.75324,83,-18,
1.754,83,-23,
1.755,77,-23,
1.756,77,-20,
1.757,70,-20,
1.758,70,-20,
1.759,64,-20,
1.76057,70,-20,
1.76163,70,-20,
1.76241,70,-23,
1.76328,70,-23,
1.76405,70,-20,
1.765,77,-20,
1.766,77,-20,
1.767,77,-20,
1.768,77,-23,
1.769,70,-23,
1.77,70,-20,
1.771,77,-20,
1.772,77,-23,
1.773,70,-23,
1.774,70,-25,
1.775,70,-25,
1.776,70,-25,
1.777,70,-25,
1.778,70,-23,
1.779,83,-23,
1.78,83,-23,
1.781,64,-23,
1.782,64,-25,
1.783,70,-25,
1.784,70,-23,
1.785,64,-23,
1.786,64,-23,
1.787,83,-23,
1.788,83,-23,
1.789,70,-23,
1.79,70,-25,
1.791,70,-25,
1.792,70,-23,
1.793,77,-23,
1.794,77,-28,
1.795,77,-28,
1.796,77,-23,
1.797,77,-23,
1.798,77,-25,
1.799,77,-25,
1.8,77,-28,
1.801,70,-28,
1.802,70,-25,
1.803,70,-25,
1.804,70,-30,
1.805,77,-30,
1.806,77,-23,
1.807,77,-23,
1.808,77,-25,
1.809,83,-25,
1.81,83,-28,
1.811,77,-28,
1.812,77,-25,
1.813,77,-25,
1.814,77,-25,
1.815,70,-28,
1.816,70,-30,
1.817,83,-30,
1.818,83,-30,
1.819,83,-30,
1.82,83,-25,
1.821,70,-25,
1.822,70,-33,
1.823,77,-33,
1.824,77,-33,
1.825,77,-33,
1.826,77,-28,
1.827,83,-28,
1.828,83,-28,
1.829,70,-28,
1.83,70,-25,
1.831,70,-25,
1.832,70,-30,
1.833,70,-30,
1.834,70,-30,
1.835,77,-30,
1.836,77,-28,
1.837,77,-28,
1.838,77,-28,
1.839,70,-30,
1.84,70,-30,
1.841,77,-30,
1.842,77,-33,
1.843,64,-33,
1.844,64,-30,
1.845,77,-30,
1.846,77,-28,
1.847,83,-28,
1.848,83,-30,
1.849,77,-30,
1.85,77,-30,
1.851,83,-30,
1.852,83,-30,
1.853,77,-30,
1.854,77,-33,
1.855,70,-33,
1.856,70,-33,
1.857,83,-30,
1.858,83,-28,
1.859,83,-28,
1.86,83,-30,
1.861,70,-30,
1.862,70,-33,
1.863,70,-33,
1.864,70,-33,
1.865,70,-30,
1.866,70,-33,
1.867,70,-33,
1.868,70,-30,
1.869,83,-30,
1.87,83,-30,
1.871,70,-30,
1.872,70,-33,
1.873,64,-33,
1.874,64,-33,
1.875,70,-33,
1.876,70,-33,
1.877,77,-33,
1.878,77,-33,
1.879,70,-33,
1.88,70,-33,
1.881,77,-30,
1.882,77,-30,
1.883,64,-33,
1.884,64,-30,
1.885,77,-30,
1.886,77,-30,
1.887,77,-30,
1.888,77,-33,
1.889,77,-33,
1.89,77,-36,
1.89164,77,-36,
1.89312,70,-33,
1.89457,83,-33,
1.89552,83,-33,
1.89627,70,-33,
1.89696,70,-33,
1.89768,70,-33,
1.89839,70,-33,
1.8993,70,-33,
1.90059,70,-36,
1.90154,70,-36,
1.90228,70,-33,
1.90302,70,-33,
1.9047,70,-30,
1.90545,70,-30,
1.90615,77,-33,
1.907,77,-33,
1.908,77,-33,
1.909,77,-30,
1.91,77,-30,
1.911,77,-28,
1.912,77,-28,
1.913,64,-30,
1.914,64,-30,
1.915,83,-33,
1.916,83,-33,
1.917,70,-33,
1.918,70,-33,
1.919,77,-33,
1.92,77,-33,
1.921,77,-33,
1.922,77,-33,
1.923,77,-30,
1.924,77,-30,
1.925,77,-30,
1.926,77,-30,
1.927,77,-28,
1.928,77,-28,
1.929,77,-33,
1.93,77,-33,
1.931,70,-30,
1.932,70,-30,
1.933,64,-30,
1.934,64,-30,
1.935,77,-33,
1.936,77,-33,
1.937,77,-36,
1.938,77,-36,
1.939,77,-33,
1.94,77,-33,
1.941,70,-30,
1.942,70,-30,
1.943,70,-33,
1.944,70,-33,
1.945,70,-30,
1.946,70,-30,
1.947,70,-30,
1.948,70,-30,
1.949,64,-30,
1.95,64,-30,
1.951,70,-33,
1.952,70,-33,
1.953,64,-33,
1.954,64,-33,
1.955,77,-36,
1.956,77,-36,
1.957,77,-33,
1.958,77,-33,
1.959,64,-33,
1.96,64,-33,
1.961,70,-33,
1.962,70,-33,
1.963,77,-33,
1.964,77,-33,
1.965,77,-30,
1.966,77,-33,
1.96764,70,-33,
1.96858,77,-33,
1.96927,77,-33,
1.97,77,-33,
1.971,70,-33,
1.972,70,-33,
1.973,77,-30,
1.974,77,-30,
1.975,83,-30,
1.976,83,-30,
1.977,77,-33,
1.978,77,-33,
1.979,77,-30,
1.98,77,-30,
1.981,70,-33,
1.982,70,-33,
1.983,70,-30,
1.984,70,-33,
1.985,77,-33,
1.986,77,-33,
1.987,77,-33,
1.988,77,-33,
1.989,64,-30,
1.99,64,-30,
1.991,64,-30,
1.992,64,-30,
1.993,70,-33,
1.994,70,-33,
1.995,70,-33,
1.996,70,-33,
1.997,70,-33,
1.998,70,-33,
1.999,70,-30,
2,70,-30,
2.001,64,-33,
2.002,64,-33,
2.003,70,-33,
2.004,70,-33,
2.005,70,-33,
2.006,70,-33,
2.007,77,-33,
2.008,77,-33,
2.009,70,-30,
2.01,70,-30,
2.011,64,-33,
2.012,64,-33,
2.013,70,-33,
2.014,70,-33,
2.015,70,-36,
2.016,70,-36,
2.017,77,-30,
2.018,77,-30,
2.019,77,-30,
2.02,77,-30,
2.021,70,-33,
2.022,70,-33,
2.023,77,-30,
2.024,77,-30,
2.025,70,-30,
2.026,70,-30,
2.027,70,-33,
2.028,70,-33,
2.029,64,-30,
2.03,64,-30,
2.031,58,-33,
2.032,58,-33,
2.033,77,-33,
2.034,77,-33,
2.035,77,-33,
2.03673,77,-33,
2.03855,70,-30,
2.03974,70,-30,
2.04051,70,-33,
2.04121,70,-33,
2.04194,70,-33,
2.04266,70,-33,
2.04342,70,-33,
2.04417,77,-33,
2.045,77,-33,
2.046,77,-33,
2.047,70,-33,
2.048,70,-30,
2.049,77,-30,
2.05,77,-30,
2.051,64,-33,
2.052,64,-33,
2.053,64,-33,
2.054,64,-33,
2.055,70,-33,
2.056,70,-33,
2.057,77,-33,
2.058,77,-33,
2.059,70,-30,
2.06,70,-30,
2.061,70,-30,
2.062,70,-30,
2.063,77,-28,
2.064,77,-28,
2.065,64,-33,
2.066,64,-33,
2.067,70,-33,
2.068,70,-33,
2.069,70,-30,
2.07,70,-30,
2.071,70,-33,
2.072,70,-33,
2.073,70,-33,
2.074,70,-33,
2.075,77,-30,
2.076,77,-30,
2.077,77,-33,
2.078,77,-33,
2.079,70,-33,
2.08,70,-33,
2.081,70,-33,
2.082,70,-33,
2.083,64,-30,
2.084,64,-30,
2.085,70,-33,
2.086,70,-33,
2.087,83,-33,
2.088,83,-33,
2.089,77,-30,
2.09,77,-30,
2.091,58,-33,
2.092,58,-33,
2.093,64,-33,
2.094,64,-33,
2.095,77,-30,
2.096,77,-30,
2.097,70,-33,
2.098,70,-33,
2.099,70,-33,
2.1,70,-33,
2.101,70,-33,
2.102,70,-33,
2.103,70,-30,
2.104,70,-30,
2.105,70,-28,
2.106,70,-28,
2.107,77,-33,
2.108,77,-33,
2.109,64,-30,
2.11,64,-30,
2.111,70,-30,
2.112,70,-30,
2.113,70,-30,
2.114,70,-30,
2.115,70,-33,
2.116,70,-33,
2.117,64,-30,
2.118,64,-30,
2.119,77,-28,
2.12,77,-28,
2.121,58,-33,
2.122,58,-33,
2.123,70,-33,
2.124,70,-33,
2.125,77,-36,
2.126,77,-36,
2.127,70,-30,
2.128,70,-30,
2.129,70,-30,
2.13,70,-30,
2.131,70,-33,
2.132,70,-33,
2.133,77,-28,
2.134,77,-28,
2.135,77,-30,
2.136,77,-30,
2.137,77,-33,
2.138,77,-33,
2.139,70,-28,
2.14,70,-28,
2.141,64,-30,
2.142,64,-30,
2.143,70,-28,
2.144,70,-28,
2.145,70,-30,
2.146,70,-30,
2.147,64,-33,
2.148,64,-33,
2.149,64,-33,
2.15,64,-33,
2.151,64,-33,
2.152,64,-33,
2.153,70,-33,
2.154,70,-33,
2.155,70,-33,
2.156,70,-33,
2.157,70,-30,
2.158,70,-30,
2.159,70,-30,
2.16,70,-30,
2.161,70,-30,
2.162,70,-30,
2.163,70,-33,
2.164,70,-33,
2.165,77,-30,
2.166,77,-30,
2.167,70,-30,
2.168,70,-30,
2.169,77,-30,
2.17,77,-30,
2.17175,64,-30,
2.17262,70,-30,
2.17349,70,-30,
2.17436,70,-28,
2.17524,70,-28,
2.17611,70,-30,
2.177,77,-30,
2.178,77,-30,
2.179,70,-28,
2.18063,64,-30,
2.1815,64,-30,
2.18221,64,-30,
2.183,64,-30,
2.184,64,-30,
2.185,70,-33,
2.186,70,-33,
2.187,77,-30,
2.188,77,-30,
2.189,70,-28,
2.19,70,-28,
2.191,64,-28,
2.192,64,-28,
2.193,64,-30,
2.194,64,-30,
2.195,77,-30,
2.196,77,-33,
2.197,70,-33,
2.198,70,-33,
2.199,77,-30,
2.2,77,-30,
2.201,64,-30,
2.202,64,-30,
2.203,70,-30,
2.204,70,-30,
2.205,70,-30,
2.206,70,-30,
2.207,64,-28,
2.20802,64,-28,
2.20925,70,-28,
2.21099,70,-30,
2.21171,70,-30,
2.21242,64,-33,
2.21312,64,-33,
2.214,64,-33,
2.215,77,-30,
2.216,77,-30,
2.217,64,-30,
2.218,64,-30,
2.219,70,-28,
2.22,70,-28,
2.221,70,-28,
2.222,70,-28,
2.223,70,-30,
2.224,70,-30,
2.225,64,-30,
2.226,64,-30,
2.227,70,-30,
2.228,70,-30,
2.229,70,-28,
2.23,70,-28,
2.231,77,-30,
2.232,77,-30,
2.233,77,-28,
2.234,77,-28,
2.235,70,-28,
2.236,70,-28,
2.237,77,-30,
2.238,77,-30,
2.239,70,-28,
2.24,70,-28,
2.241,77,-28,
2.242,77,-28,
2.243,70,-25,
2.244,70,-25,
2.245,70,-30,
2.246,70,-30,
2.247,77,-28,
2.248,77,-28,
2.249,64,-30,
2.25,64,-30,
2.251,77,-25,
2.252,77,-25,
2.253,70,-28,
2.254,70,-28,
2.255,70,-25,
2.256,70,-25,
2.257,77,-28,
2.258,77,-28,
2.259,70,-28,
2.26,70,-28,
2.261,64,-28,
2.262,64,-28,
2.263,70,-28,
2.264,70,-28,
2.265,70,-28,
2.266,70,-28,
2.267,77,-28,
2.268,77,-28,
2.269,77,-25,
2.27,77,-25,
2.271,77,-28,
2.272,77,-28,
2.273,70,-25,
2.274,70,-25,
2.275,70,-28,
2.276,70,-28,
2.277,70,-28,
2.278,70,-28,
2.279,77,-28,
2.28,77,-28,
2.281,64,-30,
2.282,64,-30,
2.283,77,-28,
2.284,77,-28,
2.285,77,-25,
2.286,77,-25,
2.287,77,-28,
2.288,77,-28,
2.289,70,-25,
2.29,70,-25,
2.291,77,-25,
2.292,77,-25,
2.293,77,-28,
2.294,77,-28,
2.295,70,-28,
2.296,70,-28,
2.297,77,-28,
2.298,77,-25,
2.29928,70,-25,
2.30025,77,-28,
2.30106,77,-28,
2.302,77,-28,
2.303,77,-25,
2.304,77,-25,
2.305,77,-25,
2.306,77,-25,
2.307,77,-25,
2.308,77,-25,
2.309,70,-25,
2.31,70,-25,
2.311,64,-25,
2.312,64,-25,
2.313,70,-28,
2.314,70,-28,
2.315,70,-25,
2.316,70,-25,
2.317,70,-23,
2.318,70,-23,
2.319,70,-25,
2.32,70,-25,
2.321,70,-28,
2.322,70,-28,
2.323,64,-30,
2.324,64,-30,
2.325,70,-25,
2.326,70,-25,
2.327,77,-28,
2.328,77,-28,
2.32921,64,-30,
2.33001,64,-30,
2.331,70,-28,
2.332,70,-28,
2.333,70,-25,
2.334,70,-25,
2.335,64,-25,
2.336,64,-25,
2.337,70,-23,
2.338,70,-23,
2.339,77,-28,
2.34,77,-28,
2.341,64,-28,
2.342,64,-28,
2.343,77,-25,
2.344,77,-25,
2.345,77,-25,
2.346,77,-25,
2.347,70,-25,
2.348,70,-25,
2.349,77,-28,
2.35,77,-28,
2.351,70,-28,
2.352,70,-28,
2.353,64,-28,
2.354,64,-28,
2.355,83,-25,
2.356,83,-25,
2.357,77,-28,
2.358,77,-28,
2.359,77,-23,
2.36,77,-23,
2.361,70,-28,
2.362,70,-28,
2.363,64,-25,
2.364,64,-25,
2.365,70,-23,
2.366,70,-23,
2.367,77,-25,
2.368,77,-25,
2.36961,64,-25,
2.37032,70,-23,
2.37101,70,-23,
2.372,70,-23,
2.373,70,-28,
2.374,70,-28,
2.375,77,-25,
2.376,77,-25,
2.377,83,-28,
2.37814,83,-25,
2.379,77,-25,
2.38,77,-25,
2.381,70,-25,
2.382,70,-25,
2.383,70,-25,
2.384,70,-25,
2.385,70,-28,
2.386,70,-28,
2.387,77,-25,
2.388,77,-25,
2.389,83,-25,
2.39,83,-25,
2.391,77,-28,
2.39226,77,-25,
2.393,77,-25,
2.394,77,-25,
2.39516,77,-20,
2.396,77,-20,
2.397,70,-25,
2.398,70,-25,
2.399,77,-25,
2.4,77,-25,
2.401,70,-23,
2.4022,70,-20,
2.40325,70,-20,
2.404,70,-20,
2.405,77,-23,
2.40601,77,-23,
2.407,77,-25,
2.408,77,-25,
2.409,70,-23,
2.41,70,-23,
2.411,70,-23,
2.412,70,-23,
2.413,70,-23,
2.414,70,-23,
2.415,70,-23,
2.416,70,-23,
2.417,70,-23,
2.418,70,-23,
2.419,70,-23,
2.42,70,-23,
2.421,70,-23,
2.422,70,-23,
2.423,64,-23,
2.424,64,-23,
2.425,77,-23,
2.426,77,-23,
2.427,70,-20,
2.428,70,-20,
2.429,70,-25,
2.43,70,-25,
2.431,77,-23,
2.432,77,-23,
2.433,70,-23,
2.434,70,-23,
2.435,70,-23,
2.436,70,-23,
2.437,83,-23,
2.438,83,-23,
2.439,70,-23,
2.44038,70,-20,
2.44158,70,-20,
2.44241,77,-20,
2.44309,77,-20,
2.444,77,-20,
2.445,77,-25,
2.446,77,-25,
2.447,70,-20,
2.448,70,-20,
2.449,77,-20,
2.45017,77,-25,
2.451,64,-25,
2.452,64,-25,
2.453,70,-20,
2.454,70,-20,
2.455,70,-23,
2.456,70,-23,
2.457,70,-20,
2.458,70,-20,
2.459,70,-20,
2.46,70,-20,
2.461,70,-18,
2.462,70,-18,
2.463,77,-20,
2.464,77,-20,
2.465,70,-23,
2.466,70,-23,
2.467,70,-20,
2.468,70,-20,
2.469,70,-23,
2.47,70,-23,
2.471,77,-23,
2.47233,70,-20,
2.473,70,-20,
2.474,70,-20,
2.475,70,-23,
2.476,70,-23,
2.477,70,-23,
2.478,70,-23,
2.479,70,-23,
2.48,70,-18,
2.481,70,-18,
2.482,70,-18,
2.483,77,-23,
2.484,77,-23,
2.485,70,-18,
2.486,70,-18,
2.487,70,-20,
2.488,70,-20,
2.489,70,-18,
2.49,70,-18,
2.491,70,-18,
2.492,70,-18,
2.493,77,-23,
2.494,77,-23,
2.495,70,-20,
2.496,70,-20,
2.497,70,-20,
2.498,70,-20,
2.499,64,-23,
2.5,64,-23,
2.501,64,-23,
2.502,64,-23,
2.503,70,-20,
2.504,70,-20,
2.505,77,-20,
2.506,77,-20,
2.507,64,-20,
2.508,64,-20,
2.509,70,-18,
2.51,70,-18,
2.511,77,-20,
2.512,77,-20,
2.513,77,-18,
2.514,77,-18,
2.515,64,-18,
2.516,64,-18,
2.517,70,-18,
2.518,70,-18,
2.519,64,-18,
2.52,64,-18,
2.521,70,-20,
2.522,70,-20,
2.523,70,-20,
2.524,70,-20,
2.525,77,-20,
2.526,77,-20,
2.527,83,-18,
2.528,83,-18,
2.529,70,-20,
2.53,70,-20,
2.531,77,-18,
2.532,77,-18,
2.533,70,-18,
2.534,70,-18,
2.535,70,-23,
2.536,70,-23,
2.537,77,-18,
2.538,77,-18,
2.539,70,-18,
2.54,70,-18,
2.541,64,-20,
2.542,64,-20,
2.543,70,-20,
2.544,70,-20,
2.545,70,-23,
2.546,70,-23,
2.547,77,-20,
2.548,77,-20,
2.549,64,-23,
2.55,64,-23,
2.551,64,-25,
2.552,64,-25,
2.553,77,-23,
2.554,77,-23,
2.555,70,-20,
2.5564,77,-23,
2.55746,77,-23,
2.55817,77,-28,
2.559,64,-28,
2.56,64,-28,
2.561,77,-23,
2.562,77,-23,
2.563,70,-28,
2.564,70,-28,
2.565,70,-25,
2.566,70,-25,
2.56746,70,-23,
2.56832,70,-23,
2.56903,70,-23,
2.57,70,-23,
2.571,58,-23,
2.572,58,-23,
2.573,70,-23,
2.574,70,-23,
2.575,77,-23,
2.576,77,-23,
2.577,64,-25,
2.578,64,-25,
2.579,70,-25,
2.58,70,-25,
2.581,70,-25,
2.582,70,-25,
2.583,70,-28,
2.584,70,-28,
2.585,70,-25,
2.586,70,-25,
2.587,70,-23,
2.588,70,-23,
2.589,64,-28,
2.59,64,-28,
2.591,64,-25,
2.59268,70,-28,
2.59422,70,-25,
2.59522,77,-25,
2.59591,77,-25,
2.59658,70,-25,
2.59726,70,-25,
2.598,70,-25,
2.599,70,-28,
2.6,70,-28,
2.601,77,-28,
2.602,77,-28,
2.603,70,-30,
2.604,70,-30,
2.605,77,-30,
2.606,77,-30,
2.607,70,-30,
2.60823,64,-30,
2.6103,83,-30,
2.61161,83,-30,
2.61232,70,-30,
2.61301,70,-30,
2.61374,70,-30,
2.61444,83,-30,
2.61517,83,-30,
2.616,83,-30,
2.617,77,-30,
2.618,77,-30,
2.61903,83,-36,
2.62,83,-36,
2.621,70,-28,
2.622,70,-28,
2.623,70,-33,
2.624,70,-33,
2.625,70,-28,
2.626,70,-28,
2.627,77,-33,
2.628,77,-33,
2.629,70,-33,
2.63,70,-33,
2.631,70,-36,
2.632,70,-36,
2.633,77,-36,
2.634,77,-36,
2.635,77,-33,
2.636,77,-33,
2.637,70,-30,
2.638,70,-30,
2.639,83,-30,
2.64,83,-30,
2.641,83,-30,
2.642,83,-30,
2.643,83,-30,
2.644,83,-30,
2.645,83,-33,
2.646,83,-33,
2.647,90,-30,
2.648,90,-30,
2.649,70,-30,
2.65,70,-30,
2.651,77,-30,
2.652,77,-30,
2.653,83,-30,
2.654,83,-30,
2.655,83,-33,
2.656,83,-33,
2.657,70,-33,
2.658,70,-33,
2.659,77,-28,
2.66,77,-28,
2.661,70,-33,
2.662,70,-33,
2.663,70,-30,
2.664,70,-30,
2.665,83,-30,
2.666,83,-30,
2.667,70,-33,
2.6684,83,-30,
2.66907,83,-30,
2.67,83,-30,
2.671,83,-33,
2.672,83,-33,
2.673,83,-33,
2.674,83,-33,
2.675,77,-30,
2.676,77,-30,
2.677,77,-33,
2.678,77,-33,
2.679,70,-30,
2.68,70,-30,
2.681,77,-30,
2.682,77,-30,
2.683,70,-30,
2.684,70,-30,
2.685,70,-33,
2.686,70,-33,
2.687,77,-30,
2.688,77,-30,
2.689,77,-33,
2.69,77,-33,
2.691,64,-33,
2.692,64,-33,
2.693,77,-33,
2.694,77,-33,
2.695,77,-33,
2.696,77,-33,
2.697,77,-36,
2.698,77,-36,
2.699,77,-30,
2.7,77,-30,
2.70104,70,-30,
2.702,70,-30,
2.703,77,-30,
2.704,77,-30,
2.705,70,-28,
2.706,70,-28,
2.707,83,-33,
2.708,83,-33,
2.709,77,-28,
2.71,77,-28,
2.711,83,-33,
2.712,83,-33,
2.713,70,-30,
2.714,70,-30,
2.715,77,-30,
2.716,77,-30,
2.717,77,-33,
2.71857,70,-30,
2.72007,70,-30,
2.72091,70,-33,
2.72167,70,-33,
2.72249,77,-30,
2.72325,77,-30,
2.72406,77,-30,
2.725,70,-30,
2.726,70,-30,
2.727,77,-33,
2.728,77,-33,
2.729,77,-30,
2.73,77,-30,
2.731,70,-33,
2.732,70,-33,
2.733,70,-28,
2.73402,70,-28,
2.735,83,-33,
2.736,83,-33,
2.737,77,-30,
2.738,77,-30,
2.739,77,-33,
2.74,77,-33,
2.741,77,-30,
2.742,77,-30,
2.743,70,-30,
2.744,70,-30,
2.745,77,-28,
2.746,77,-28,
2.747,77,-30,
2.748,77,-30,
2.749,77,-28,
2.75,77,-28,
2.75168,77,-30,
2.75254,77,-33,
2.75325,77,-33,
2.754,77,-33,
2.755,83,-36,
2.756,83,-36,
2.757,77,-33,
2.758,77,-33,
2.759,77,-30,
2.76,77,-30,
2.761,70,-30,
2.762,70,-30,
2.763,77,-33,
2.764,77,-33,
2.765,64,-30,
2.766,64,-30,
2.767,77,-30,
2.768,77,-30,
2.769,77,-33,
2.77,77,-33,
2.771,70,-33,
2.77269,77,-28,
2.774,77,-28,
2.77523,77,-30,
2.77604,77,-30,
2.77685,77,-30,
2.77757,77,-30,
2.7783,77,-33,
2.77904,77,-33,
2.78,77,-33,
2.781,70,-30,
2.782,70,-30,
2.783,83,-30,
2.784,83,-30,
2.785,70,-33,
2.786,70,-33,
2.787,77,-30,
2.788,77,-30,
2.789,77,-28,
2.79,77,-28,
2.791,83,-30,
2.792,83,-30,
2.793,77,-30,
2.794,77,-30,
2.795,77,-30,
2.796,77,-30,
2.797,83,-30,
2.798,83,-30,
2.799,77,-30,
2.8,77,-30,
2.801,70,-30,
2.802,70,-30,
2.803,64,-33,
2.804,64,-33,
2.805,0,-30,
2.806,0,-30,
2.80708,0,-30,
2.808,0,-30,
2.809,-6,-30,
2.81,-6,-30,
2.811,-12,-33,
2.812,-12,-33,
2.813,0,-33,
2.814,0,-33,
2.815,6,-33,
2.816,6,-33,
2.817,-6,-33,
2.818,-6,-33,
2.819,-6,-33,
2.82,-6,-33,
2.821,0,-33,
2.822,0,-33,
2.823,-6,-30,
2.824,-6,-30,
2.825,0,-33,
2.826,0,-33,
2.827,0,-28,
2.828,0,-28,
2.829,-6,-30,
2.83,-6,-30,
2.831,-12,-36,
2.832,-12,-36,
2.833,0,-33,
2.834,0,-33,
2.835,-32,-33,
2.836,-32,-33,
2.837,-64,-30,
2.838,-64,-30,
2.839,-77,-30,
2.84,-77,-30,
2.84154,-70,-30,
2.84246,-70,-30,
2.84319,-70,-30,
2.844,-70,-30,
2.845,-77,-30,
2.846,-77,-30,
2.847,-77,-30,
2.848,-77,-30,
2.849,-83,-33,
2.85,-83,-33,
2.851,-83,-30,
2.852,-83,-30,
2.853,-83,-30,
2.854,-83,-30,
2.855,-83,-36,
2.856,-83,-36,
2.857,-83,-33,
2.858,-83,-33,
2.85902,-83,-30,
2.86154,-70,-33,
2.86295,-77,-33,
2.86457,-83,-33,
2.86583,-83,-33,
2.86721,-70,-33,
2.86882,-77,-33,
2.86963,-77,-33,
2.8705,-77,-30,
2.87138,-77,-30,
2.87225,-77,-33,
2.87292,-70,-33,
2.87362,-70,-33,
2.8743,-70,-30,
2.87497,-70,-30,
2.87566,-70,-30,
2.87637,-70,-28,
2.87706,-70,-28,
2.87774,-70,-28,
2.87841,-83,-33,
2.87909,-83,-33,
2.88,-83,-33,
2.88152,-77,-33,
2.88248,-83,-30,
2.88325,-83,-30,
2.88405,-83,-30,
2.885,-77,-33,
2.886,-77,-33,
2.887,-70,-30,
2.888,-70,-30,
2.889,-83,-33,
2.89,-83,-33,
2.891,-77,-30,
2.892,-77,-30,
2.893,-83,-30,
2.894,-83,-30,
2.895,-77,-33,
2.896,-77,-33,
2.897,-77,-36,
2.898,-77,-36,
2.899,-77,-33,
2.9,-77,-33,
2.901,-83,-33,
2.902,-83,-33,
2.903,-77,-30,
2.904,-77,-30,
2.905,-77,-33,
2.906,-77,-33,
2.907,-77,-30,
2.908,-77,-30,
2.909,-83,-33,
2.9101,-83,-33,
2.911,-77,-33,
2.912,-77,-33,
2.913,-70,-33,
2.914,-70,-33,
2.915,-70,-33,
2.916,-70,-33,
2.917,-77,-30,
2.918,-77,-30,
2.91928,-77,-30,
2.92043,-83,-33,
2.92114,-83,-33,
2.922,-83,-33,
2.923,-83,-33,
2.924,-83,-33,
2.925,-83,-33,
2.926,-83,-33,
2.927,-77,-30,
2.928,-77,-30,
2.929,-77,-30,
2.93,-77,-30,
2.931,-83,-30,
2.932,-83,-30,
2.933,-83,-33,
2.934,-83,-33,
2.935,-70,-36,
2.936,-70,-36,
2.937,-83,-30,
2.938,-83,-30,
2.939,-77,-30,
2.94,-77,-30,
2.941,-70,-33,
2.942,-70,-33,
2.943,-70,-28,
2.944,-70,-28,
2.945,-77,-33,
2.946,-77,-33,
2.947,-83,-33,
2.948,-83,-33,
2.949,-83,-30,
2.95,-83,-30,
2.951,-83,-33,
2.952,-83,-33,
2.953,-77,-30,
2.954,-77,-30,
2.955,-70,-30,
2.956,-70,-30,
2.957,-83,-30,
2.958,-83,-30,
2.959,-90,-33,
2.96,-90,-33,
2.961,-77,-33,
2.962,-77,-33,
2.963,-90,-33,
2.964,-90,-33,
2.965,-83,-30,
2.966,-83,-30,
2.967,-83,-33,
2.968,-83,-33,
2.96901,-83,-33,
2.97,-83,-33,
2.971,-77,-36,
2.972,-77,-36,
2.973,-77,-33,
2.974,-77,-33,
2.975,-77,-33,
2.976,-77,-33,
2.977,-90,-33,
2.978,-90,-33,
2.979,-77,-33,
2.98,-77,-33,
2.981,-83,-33,
2.982,-83,-33,
2.983,-83,-33,
2.984,-83,-33,
2.985,-70,-33,
2.986,-70,-33,
2.987,-77,-30,
2.988,-77,-30,
2.989,-83,-30,
2.99,-83,-30,
2.991,-83,-33,
2.992,-83,-33,
2.993,-83,-33,
2.994,-83,-33,
2.995,-83,-33,
2.996,-83,-33,
2.997,-77,-30,
2.998,-77,-30,
2.999,-77,-30,
3,-77,-30,
3.001,-70,-33,
3.002,-70,-33,
3.003,-83,-33,
3.004,-83,-33,
3.005,-77,-30,
3.006,-77,-30,
3.007,-77,-30,
3.008,-77,-30,
3.00953,-83,-33,
3.01052,-90,-36,
3.01119,-90,-36,
3.012,-90,-36,
3.013,-77,-33,
3.014,-77,-33,
3.015,-77,-36,
3.016,-77,-36,
3.017,-83,-33,
3.018,-83,-33,
3.019,-83,-30,
3.02,-83,-30,
3.021,-83,-33,
3.022,-83,-33,
3.023,-77,-33,
3.024,-77,-33,
3.025,-77,-33,
3.026,-77,-33,
3.027,-77,-30,
3.028,-77,-30,
3.029,-90,-33,
3.03,-90,-33,
3.03118,-83,-33,
3.03219,-83,-33,
3.03316,-70,-33,
3.034,-70,-33,
3.035,-90,-33,
3.036,-90,-33,
3.037,-83,-33,
3.038,-83,-33,
3.039,-83,-33,
3.04004,-83,-33,
3.041,-77,-33,
3.042,-77,-33,
3.043,-83,-33,
3.044,-83,-33,
3.045,-77,-30,
3.04609,-77,-30,
3.04799,-83,-33,
3.04956,-83,-33,
3.05083,-83,-30,
3.05159,-83,-30,
3.05234,-83,-33,
3.05305,-83,-33,
3.0543,-83,-30,
3.05506,-77,-30,
3.05583,-77,-30,
3.05664,-83,-33,
3.05744,-83,-33,
3.0583,-83,-33,
3.05918,-83,-33,
3.06005,-83,-33,
3.061,-77,-33,
3.062,-77,-33,
3.063,-83,-33,
3.064,-83,-33,
3.065,-77,-33,
3.066,-77,-33,
3.067,-83,-33,
3.068,-83,-33,
3.069,-77,-33,
3.07,-77,-33,
3.071,-83,-36,
3.072,-83,-36,
3.073,-77,-33,
3.074,-77,-33,
3.07509,-83,-30,
3.076,-83,-30,
3.077,-77,-33,
3.078,-77,-33,
3.079,-83,-33,
3.08,-83,-33,
3.081,-83,-33,
3.082,-83,-33,
3.083,-83,-33,
3.084,-83,-33,
3.085,-77,-30,
3.086,-77,-30,
3.087,-77,-30,
3.088,-77,-30,
3.089,-83,-33,
3.09,-83,-33,
3.091,-77,-30,
3.092,-77,-30,
3.093,-83,-33,
3.094,-83,-33,
3.095,-90,-33,
3.096,-90,-33,
3.097,-77,-33,
3.098,-77,-33,
3.099,-83,-36,
3.1,-83,-36,
3.101,-77,-36,
3.102,-77,-36,
3.103,-83,-36,
3.104,-83,-36,
3.105,-77,-30,
3.106,-77,-30,
3.107,-83,-33,
3.108,-83,-33,
3.109,-70,-30,
3.11,-70,-30,
3.111,-77,-30,
3.112,-77,-30,
3.113,-83,-33,
3.114,-83,-33,
3.115,-77,-33,
3.116,-77,-33,
3.11763,-83,-33,
3.11831,-83,-30,
3.11907,-77,-30,
3.12017,-77,-30,
3.121,-83,-33,
3.122,-83,-33,
3.123,-77,-36,
3.124,-77,-36,
3.125,-77,-30,
3.126,-77,-30,
3.127,-77,-33,
3.128,-77,-33,
3.12936,-83,-36,
3.13094,-90,-36,
3.13218,-90,-36,
3.13295,-77,-36,
3.13365,-77,-36,
3.13435,-83,-30,
3.13506,-83,-30,
3.136,-83,-30,
3.137,-90,-30,
3.138,-90,-30,
3.139,-83,-30,
3.14,-83,-30,
3.141,-77,-33,
3.142,-77,-33,
3.143,-83,-33,
3.144,-83,-33,
3.145,-77,-33,
3.146,-77,-33,
3.147,-77,-33,
3.148,-77,-33,
3.149,-83,-30,
3.15,-83,-30,
3.151,-83,-30,
3.152,-83,-30,
3.153,-83,-33,
3.154,-83,-33,
3.155,-77,-28,
3.156,-77,-28,
3.157,-77,-36,
3.158,-77,-36,
3.159,-77,-33,
3.16,-77,-33,
3.161,-83,-36,
3.162,-83,-36,
3.163,-77,-30,
3.164,-77,-30,
3.165,-83,-33,
3.166,-83,-33,
3.167,-83,-33,
3.16812,-83,-33,
3.16905,-70,-30,
3.17,-70,-30,
3.171,-83,-33,
3.172,-83,-33,
3.173,-83,-33,
3.174,-83,-33,
3.175,-83,-33,
3.176,-83,-33,
3.177,-77,-30,
3.178,-77,-30,
3.179,-83,-33,
3.18,-83,-33,
3.181,-83,-36,
3.182,-83,-36,
3.183,-70,-30,
3.184,-70,-30,
3.185,-77,-33,
3.186,-77,-33,
3.187,-77,-33,
3.188,-77,-33,
3.189,-83,-33,
3.19,-83,-33,
3.191,-77,-30,
3.192,-77,-30,
3.193,-77,-33,
3.194,-77,-33,
3.195,-83,-33,
3.196,-83,-33,
3.197,-77,-33,
3.198,-77,-33,
3.19905,-83,-33,
3.2,-83,-33,
3.201,-90,-36,
3.202,-90,-36,
3.203,-83,-33,
3.20414,-83,-33,
3.205,-83,-33,
3.206,-83,-33,
3.207,-83,-33,
3.208,-83,-33,
3.209,-90,-33,
3.21,-90,-33,
3.211,-77,-33,
3.212,-77,-33,
3.213,-77,-33,
3.214,-77,-33,
3.215,-70,-33,
3.216,-70,-33,
3.217,-83,-38,
3.218,-83,-38,
3.219,-83,-33,
3.22,-83,-33,
3.221,-83,-30,
3.222,-83,-30,
3.223,-83,-33,
3.224,-83,-33,
3.225,-77,-33,
3.226,-77,-33,
3.227,-83,-33,
3.228,-83,-33,
3.229,-90,-33,
3.23,-90,-33,
3.231,-77,-33,
3.232,-77,-33,
3.233,-83,-30,
3.234,-83,-30,
3.235,-77,-30,
3.236,-77,-30,
3.237,-83,-33,
3.238,-83,-33,
3.239,-77,-36,
3.24,-77,-36,
3.241,-83,-33,
3.242,-83,-33,
3.243,-83,-33,
3.244,-83,-33,
3.245,-77,-30,
3.246,-77,-30,
3.247,-83,-36,
3.248,-83,-36,
3.249,-83,-30,
3.25,-83,-30,
3.251,-83,-33,
3.252,-83,-33,
3.253,-83,-33,
3.254,-83,-33,
3.255,-83,-33,
3.256,-83,-33,
3.257,-83,-30,
3.258,-83,-30,
3.259,-83,-33,
3.26,-83,-33,
3.261,-77,-30,
3.262,-77,-30,
3.263,-83,-33,
3.264,-83,-33,
3.265,-77,-33,
3.266,-77,-33,
3.267,-77,-33,
3.26812,-77,-33,
3.269,-77,-33,
3.27,-77,-33,
3.271,-83,-33,
3.272,-83,-33,
3.273,-83,-33,
3.274,-83,-33,
3.275,-77,-30,
3.276,-77,-30,
3.277,-77,-30,
3.278,-77,-30,
3.279,-83,-36,
3.28,-83,-36,
3.281,-83,-36,
3.282,-83,-36,
3.283,-77,-33,
3.284,-77,-33,
3.285,-77,-33,
3.286,-77,-33,
3.287,-83,-33,
3.288,-83,-33,
3.289,-83,-33,
3.29,-83,-33,
3.291,-83,-33,
3.292,-83,-33,
3.293,-83,-33,
3.294,-83,-33,
3.295,-83,-33,
3.296,-83,-33,
3.297,-77,-33,
3.298,-77,-33,
3.299,-77,-33,
3.3,-77,-33,
3.301,-77,-33,
3.302,-77,-33,
3.303,-70,-33,
3.304,-70,-33,
3.305,-77,-33,
3.306,-77,-33,
3.307,-83,-30,
3.308,-83,-30,
3.309,-77,-33,
3.31,-77,-33,
3.311,-83,-33,
3.312,-83,-33,
3.313,-77,-33,
3.314,-77,-33,
3.315,-77,-33,
3.316,-77,-33,
3.317,-77,-33,
3.318,-77,-33,
3.319,-90,-33,
3.32,-90,-33,
3.321,-77,-36,
3.322,-77,-36,
3.323,-83,-33,
3.324,-83,-33,
3.325,-77,-33,
3.326,-77,-33,
3.327,-83,-33,
3.328,-83,-33,
3.329,-77,-30,
3.33,-77,-30,
3.331,-90,-33,
3.332,-90,-33,
3.333,-77,-33,
3.334,-77,-33,
3.335,-77,-33,
3.336,-77,-33,
3.337,-77,-30,
3.338,-77,-30,
3.339,-83,-33,
3.34,-83,-33,
3.34135,-83,-30,
3.34306,-83,-28,
3.34398,-83,-28,
3.34471,-77,-30,
3.34542,-77,-30,
3.3461,-77,-30,
3.347,-83,-33,
3.348,-83,-33,
3.349,-83,-33,
3.35,-83,-33,
3.351,-83,-33,
3.352,-83,-33,
3.353,-77,-30,
3.354,-77,-30,
3.355,-77,-33,
3.356,-77,-33,
3.357,-83,-30,
3.358,-83,-30,
3.359,-83,-36,
3.36,-83,-36,
3.361,-83,-30,
3.362,-83,-30,
3.363,-83,-33,
3.364,-83,-33,
3.365,-83,-33,
3.366,-83,-33,
3.367,-83,-30,
3.368,-83,-30,
3.369,-83,-30,
3.37,-83,-30,
3.371,-83,-33,
3.372,-83,-33,
3.373,-77,-30,
3.374,-77,-30,
3.375,-83,-33,
3.376,-83,-33,
3.377,-77,-30,
3.378,-77,-30,
3.379,-77,-33,
3.38,-77,-33,
3.381,-70,-33,
3.382,-70,-33,
3.383,-83,-33,
3.384,-83,-33,
3.385,-77,-36,
3.386,-77,-36,
3.387,-77,-33,
3.38823,-77,-33,
3.38975,-83,-30,
3.39115,-83,-30,
3.39193,-83,-30,
3.39276,-83,-30,
3.39345,-83,-30,
3.39415,-83,-30,
3.395,-83,-33,
3.396,-83,-33,
3.397,-83,-33,
3.398,-83,-33,
3.399,-77,-33,
3.4,-77,-33,
3.401,-77,-33,
3.402,-77,-33,
3.403,-77,-30,
3.40415,-77,-30,
3.4055,-70,-30,
3.40625,-70,-30,
3.407,-77,-36,
3.408,-77,-36,
3.409,-83,-30,
3.41,-83,-30,
3.411,-77,-30,
3.412,-77,-30,
3.413,-83,-33,
3.414,-83,-33,
3.415,-77,-30,
3.416,-77,-30,
3.417,-83,-33,
3.418,-83,-33,
3.419,-83,-30,
3.42,-83,-30,
3.421,-83,-33,
3.422,-83,-33,
3.423,-90,-36,
3.424,-90,-36,
3.425,-83,-33,
3.426,-83,-33,
3.427,-83,-30,
3.428,-83,-30,
3.429,-83,-30,
3.43,-83,-30,
3.431,-77,-33,
3.432,-77,-33,
3.433,-83,-30,
3.434,-83,-30,
3.435,-77,-30,
3.436,-77,-30,
3.437,-83,-33,
3.438,-83,-33,
3.439,-83,-33,
3.44,-83,-33,
3.441,-77,-33,
3.442,-77,-33,
3.443,-77,-33,
3.444,-77,-33,
3.445,-77,-30,
3.446,-77,-30,
3.447,-83,-33,
3.448,-83,-33,
3.449,-83,-33,
3.45,-83,-33,
3.451,-83,-36,
3.452,-83,-36,
3.453,-70,-30,
3.454,-70,-30,
3.455,-83,-33,
3.456,-83,-33,
3.457,-77,-33,
3.458,-77,-33,
3.459,-83,-30,
3.46,-83,-30,
3.461,-77,-33,
3.462,-77,-33,
3.463,-77,-33,
3.464,-77,-33,
3.465,-83,-33,
3.466,-83,-33,
3.467,-83,-33,
3.468,-83,-33,
3.469,-83,-30,
3.47,-83,-30,
3.471,-83,-36,
3.472,-83,-36,
3.47315,-77,-36,
3.47469,-83,-30,
3.47646,-77,-30,
3.47803,-77,-30,
3.47881,-90,-30,
3.47964,-90,-30,
3.48038,-90,-30,
3.48118,-83,-30,
3.48189,-83,-30,
3.48272,-77,-33,
3.48346,-77,-33,
3.48423,-77,-33,
3.485,-83,-30,
3.486,-83,-30,
3.487,-90,-36,
3.488,-90,-36,
3.489,-77,-30,
3.49,-77,-30,
3.491,-83,-33,
3.492,-83,-33,
3.493,-77,-33,
3.494,-77,-33,
3.495,-83,-33,
3.496,-83,-33,
3.497,-83,-33,
3.498,-83,-33,
3.499,-83,-33,
3.5,-83,-33,
3.501,-83,-33,
3.502,-83,-33,
3.503,-77,-33,
3.504,-77,-33,
3.505,-77,-30,
3.506,-77,-30,
3.507,-83,-33,
3.508,-83,-33,
3.509,-77,-30,
3.51,-77,-30,
3.511,-83,-30,
3.512,-83,-30,
3.513,-83,-30,
3.514,-83,-30,
3.515,-77,-30,
3.516,-77,-30,
3.517,-83,-30,
3.518,-83,-30,
3.519,-83,-33,
3.52014,-83,-33,
3.521,-77,-30,
3.522,-77,-30,
3.523,-77,-30,
3.52446,-83,-33,
3.52615,-83,-33,
3.52757,-83,-33,
3.52897,-90,-33,
3.53017,-90,-33,
3.53088,-77,-33,
3.53159,-77,-33,
3.53231,-77,-36,
3.53306,-83,-36,
3.5338,-83,-36,
3.53447,-77,-30,
3.53518,-77,-30,
3.536,-77,-30,
3.537,-83,-33,
3.538,-83,-33,
3.539,-77,-30,
3.54,-77,-30,
3.541,-77,-30,
3.542,-77,-30,
3.543,-83,-33,
3.544,-83,-33,
3.545,-70,-30,
3.546,-70,-30,
3.547,-77,-36,
3.548,-77,-36,
3.549,-77,-33,
3.55,-77,-33,
3.551,-83,-30,
3.552,-83,-30,
3.553,-90,-33,
3.554,-90,-33,
3.555,-83,-30,
3.556,-83,-30,
3.557,-83,-33,
3.558,-83,-33,
3.559,-83,-33,
3.56,-83,-33,
3.561,-77,-33,
3.562,-77,-33,
3.563,-77,-33,
3.564,-77,-33,
3.565,-77,-30,
3.566,-77,-30,
3.567,-77,-33,
3.568,-77,-33,
3.569,-77,-33,
3.57,-77,-33,
3.571,-83,-30,
3.572,-83,-30,
3.573,-83,-36,
3.574,-83,-36,
3.575,-77,-36,
3.576,-77,-36,
3.577,-83,-33,
3.578,-83,-33,
3.579,-77,-33,
3.58,-77,-33,
3.581,-90,-36,
3.582,-90,-36,
3.583,-77,-33,
3.584,-77,-33,
3.585,-77,-33,
3.586,-77,-33,
3.587,-83,-33,
3.588,-83,-33,
3.589,-83,-33,
3.59,-83,-33,
3.591,-83,-30,
3.592,-83,-30,
3.593,-77,-30,
3.59461,-77,-36,
3.59551,-77,-36,
3.59629,-77,-36,
3.59707,-83,-36,
3.598,-83,-36,
3.599,-83,-33,
3.60045,-90,-33,
3.60113,-90,-33,
3.602,-90,-33,
3.603,-83,-30,
3.604,-83,-30,
3.605,-70,-30,
3.606,-70,-30,
3.607,-83,-33,
3.608,-83,-33,
3.609,-83,-30,
3.61,-83,-30,
3.61114,-83,-30,
3.612,-83,-30,
3.613,-77,-33,
3.614,-77,-33,
3.615,-77,-33,
3.616,-77,-33,
3.617,-77,-36,
3.618,-77,-36,
3.619,-83,-33,
3.62,-83,-33,
3.621,-90,-36,
3.622,-90,-36,
3.623,-83,-33,
3.62423,-83,-33,
3.625,-77,-33,
3.626,-77,-33,
3.627,-83,-33,
3.628,-83,-33,
3.629,-77,-33,
3.63,-77,-33,
3.631,-77,-33,
3.632,-77,-33,
3.633,-70,-30,
3.634,-70,-30,
3.635,-83,-33,
3.636,-83,-33,
3.637,-77,-33,
3.638,-77,-33,
3.639,-90,-36,
3.64,-90,-36,
3.641,-77,-33,
3.642,-77,-33,
3.643,-77,-33,
3.644,-77,-33,
3.645,-77,-33,
3.646,-77,-33,
3.647,-83,-30,
3.648,-83,-30,
3.649,-83,-36,
3.65,-83,-36,
3.651,-77,-33,
3.652,-77,-33,
3.653,-77,-30,
3.654,-77,-30,
3.655,-77,-30,
3.656,-77,-30,
3.657,-77,-30,
3.658,-77,-30,
3.659,-83,-33,
3.66,-83,-33,
3.661,-83,-33,
3.662,-83,-33,
3.663,-77,-30,
3.664,-77,-30,
3.665,-83,-30,
3.666,-83,-30,
3.667,-83,-33,
3.668,-83,-33,
3.669,-83,-33,
3.67,-83,-33,
3.671,-83,-30,
3.672,-83,-30,
3.673,-77,-33,
3.674,-77,-33,
3.675,-77,-33,
3.676,-77,-33,
3.677,-90,-33,
3.678,-90,-33,
3.679,-90,-30,
3.68,-90,-30,
3.681,-83,-36,
3.682,-83,-36,
3.683,-83,-30,
3.684,-83,-30,
3.685,-83,-33,
3.686,-83,-33,
3.687,-83,-30,
3.688,-83,-30,
3.689,-83,-33,
3.69,-83,-33,
3.691,-83,-36,
3.6921,-83,-36,
3.693,-83,-33,
3.694,-83,-33,
3.695,-83,-33,
3.696,-83,-33,
3.697,-77,-33,
3.698,-77,-33,
3.699,-77,-33,
3.7,-77,-33,
3.70268,-77,-33,
3.70462,-83,-33,
3.70622,-83,-33,
3.70704,-77,-33,
3.70789,-77,-33,
3.70877,-77,-36,
3.70964,-77,-36,
3.71052,-77,-30,
3.7114,-77,-30,
3.71227,-77,-30,
3.71311,-83,-30,
3.71394,-83,-30,
3.71477,-83,-30,
3.71564,-83,-30,
3.71654,-83,-33,
3.7174,-83,-33,
3.71827,-83,-33,
3.71915,-83,-33,
3.72002,-83,-33,
3.72089,-77,-33,
3.72177,-77,-33,
3.72254,-83,-33,
3.72339,-83,-33,
3.72427,-83,-33,
3.72514,-77,-30,
3.72602,-77,-30,
3.727,-83,-36,
3.728,-83,-36,
3.729,-90,-33,
3.73,-90,-33,
3.731,-83,-30,
3.732,-83,-30,
3.733,-83,-33,
3.73402,-83,-33,
3.735,-77,-36,
3.736,-77,-36,
3.737,-77,-33,
3.738,-77,-33,
3.739,-90,-36,
3.74,-90,-36,
3.741,-83,-33,
3.742,-83,-33,
3.743,-77,-36,
3.744,-77,-36,
3.745,-83,-30,
3.746,-83,-30,
3.747,-83,-33,
3.748,-83,-33,
3.749,-77,-30,
3.75,-77,-30,
3.751,-77,-30,
3.752,-77,-30,
3.753,-83,-36,
3.754,-83,-36,
3.755,-77,-33,
3.756,-77,-33,
3.757,-83,-33,
3.758,-83,-33,
3.759,-83,-36,
3.76,-83,-36,
3.761,-90,-33,
3.762,-90,-33,
3.763,-83,-36,
3.764,-83,-36,
3.765,-77,-36,
3.766,-77,-36,
3.767,-77,-33,
3.768,-77,-33,
3.769,-83,-36,
3.77,-83,-36,
3.771,-90,-30,
3.772,-90,-30,
3.773,-77,-33,
3.774,-77,-33,
3.775,-77,-33,
3.776,-77,-33,
3.777,-83,-33,
3.778,-83,-33,
3.779,-83,-33,
3.78,-83,-33,
3.781,-77,-33,
3.782,-77,-33,
3.783,-77,-30,
3.784,-77,-30,
3.785,-83,-33,
3.786,-83,-33,
3.787,-77,-33,
3.788,-77,-33,
3.789,-77,-33,
3.79,-77,-33,
3.791,-83,-33,
3.792,-83,-33,
3.793,-83,-33,
3.794,-83,-33,
3.795,-83,-33,
3.796,-83,-33,
3.797,-83,-30,
3.798,-83,-30,
3.799,-77,-33,
3.8,-77,-33,
3.801,-83,-36,
3.802,-83,-36,
3.803,-77,-33,
3.804,-77,-33,
3.805,-77,-33,
3.806,-77,-33,
3.807,-83,-33,
3.808,-83,-33,
3.80949,-83,-33,
3.81047,-83,-33,
3.81116,-83,-33,
3.812,-83,-33,
3.813,-77,-33,
3.814,-77,-33,
3.815,-77,-30,
3.816,-77,-30,
3.817,-83,-33,
3.818,-83,-33,
3.81908,-83,-30,
3.82027,-83,-33,
3.822,-83,-33,
3.82327,-83,-33,
3.82441,-83,-33,
3.82556,-77,-33,
3.82766,-77,-33,
3.82921,-83,-33,
3.83009,-83,-33,
3.83079,-83,-33,
3.83146,-83,-33,
3.83214,-83,-33,
3.83281,-77,-33,
3.83346,-77,-33,
3.83413,-77,-33,
3.83482,-77,-28,
3.83551,-77,-28,
3.83618,-77,-28,
3.83722,-83,-30,
3.8382,-83,-30,
3.839,-77,-33,
3.84,-77,-33,
3.84111,-83,-33,
3.842,-83,-36,
3.84408,-77,-36,
3.84518,-83,-33,
3.84589,-83,-33,
3.84662,-83,-33,
3.84735,-83,-33,
3.84805,-83,-33,
3.849,-90,-33,
3.85,-90,-33,
3.851,-77,-30,
3.85206,-77,-30,
3.85313,-83,-33,
3.854,-83,-33,
3.855,-83,-36,
3.856,-83,-36,
3.857,-77,-33,
3.858,-77,-33,
3.859,-77,-30,
3.86,-77,-30,
3.861,-77,-33,
3.862,-77,-33,
3.863,-83,-33,
3.864,-83,-33,
3.865,-90,-33,
3.866,-90,-33,
3.867,-77,-33,
3.868,-77,-33,
3.869,-77,-33,
3.87,-77,-33,
3.871,-77,-36,
3.872,-77,-36,
3.873,-83,-33,
3.874,-83,-33,
3.875,-77,-33,
3.876,-77,-33,
3.877,-83,-33,
3.878,-83,-33,
3.879,-83,-30,
3.88,-83,-30,
3.881,-77,-33,
3.882,-77,-33,
3.883,-77,-33,
3.884,-77,-33,
3.885,-83,-33,
3.886,-83,-33,
3.887,-83,-33,
3.888,-83,-33,
3.889,-70,-30,
3.89,-70,-30,
3.891,-70,-30,
3.892,-70,-30,
3.893,-77,-30,
3.894,-77,-30,
3.895,-77,-30,
3.896,-77,-30,
3.897,-77,-30,
3.898,-77,-30,
3.899,-83,-36,
3.9,-83,-36,
3.901,-77,-36,
3.902,-77,-36,
3.903,-77,-33,
3.904,-77,-33,
3.905,-83,-33,
3.906,-83,-33,
3.907,-83,-36,
3.908,-83,-36,
3.909,-77,-33,
3.91,-77,-33,
3.911,-83,-36,
3.912,-83,-36,
3.913,-83,-30,
3.914,-83,-30,
3.915,-77,-30,
3.916,-77,-30,
3.917,-83,-33,
3.918,-83,-33,
3.919,-77,-33,
3.92,-77,-33,
3.921,-77,-30,
3.922,-77,-30,
3.923,-83,-30,
3.92422,-83,-30,
3.92619,-77,-30,
3.92737,-83,-30,
3.92817,-83,-30,
3.92894,-77,-33,
3.92977,-77,-33,
3.93048,-77,-33,
3.93132,-77,-33,
3.93215,-77,-33,
3.93305,-83,-33,
3.934,-83,-33,
3.935,-77,-33,
3.936,-77,-33,
3.937,-83,-33,
3.938,-83,-33,
3.939,-77,-33,
3.94,-77,-33,
3.941,-83,-33,
3.942,-83,-33,
3.943,-83,-30,
3.944,-83,-30,
3.945,-77,-33,
3.946,-77,-33,
3.947,-83,-33,
3.948,-83,-33,
3.949,-83,-30,
3.95005,-83,-30,
3.951,-83,-30,
3.952,-83,-30,
