Timestamp,Group,Value1,Value2,Value3,Value4,Value5,Value6,Value7,Value8
2025-02-13 11:14:41,G1,0.0,159.0,37.0,200.0,73.0,157.0,0.0,160.0
2025-02-13 11:14:41,G2,64.0,76.0,74.0,8.0,0.0,293.0,6.0,132.0
2025-02-13 11:14:41,G3,80.0,160.0,215.0,0.0,6.0,188.0,109.0,145.0
2025-02-13 11:14:41,G4,0.0,141.0,30.0,0.0,1.0,74.0,1.0,302.0
2025-02-13 11:14:43,G1,0.0,182.0,39.0,160.0,90.0,103.0,0.0,113.0
2025-02-13 11:14:43,G2,113.0,74.0,61.0,19.0,0.0,238.0,5.0,101.0
2025-02-13 11:14:43,G3,143.0,101.0,177.0,0.0,7.0,216.0,268.0,98.0
2025-02-13 11:14:43,G4,3.0,213.0,25.0,0.0,0.0,78.0,14.0,202.0
2025-02-13 11:14:43,G1,0.0,183.0,44.0,248.0,92.0,103.0,0.0,103.0
2025-02-13 11:14:43,G2,65.0,65.0,44.0,35.0,0.0,153.0,6.0,80.0
2025-02-13 11:14:43,G3,108.0,208.0,354.0,0.0,7.0,168.0,159.0,103.0
2025-02-13 11:14:44,G4,1.0,154.0,44.0,2.0,0.0,79.0,3.0,291.0
2025-02-13 11:14:44,G1,0.0,128.0,46.0,317.0,59.0,98.0,0.0,95.0
2025-02-13 11:14:44,G2,105.0,93.0,65.0,24.0,0.0,255.0,7.0,123.0
2025-02-13 11:14:44,G3,132.0,119.0,193.0,0.0,24.0,215.0,217.0,114.0
2025-02-13 11:14:44,G4,3.0,197.0,27.0,0.0,0.0,75.0,9.0,188.0
2025-02-13 11:14:44,G1,0.0,142.0,36.0,109.0,34.0,134.0,0.0,138.0
2025-02-13 11:14:44,G2,109.0,80.0,69.0,22.0,0.0,189.0,8.0,133.0
2025-02-13 11:14:45,G3,141.0,216.0,330.0,0.0,11.0,154.0,137.0,90.0
2025-02-13 11:14:45,G4,3.0,225.0,40.0,0.0,1.0,75.0,3.0,211.0
2025-02-13 11:14:45,G1,0.0,214.0,28.0,176.0,97.0,117.0,0.0,109.0
2025-02-13 11:14:45,G2,78.0,90.0,60.0,16.0,0.0,278.0,6.0,105.0
2025-02-13 11:14:45,G3,91.0,157.0,337.0,0.0,18.0,153.0,115.0,114.0
2025-02-13 11:14:45,G4,0.0,192.0,40.0,2.0,0.0,73.0,1.0,175.0
2025-02-13 11:14:46,G1,0.0,124.0,37.0,134.0,77.0,125.0,0.0,138.0
2025-02-13 11:14:46,G2,128.0,100.0,60.0,33.0,0.0,256.0,8.0,148.0
2025-02-13 11:14:46,G3,80.0,215.0,236.0,0.0,13.0,142.0,244.0,113.0
2025-02-13 11:14:46,G4,1.0,212.0,28.0,3.0,0.0,79.0,19.0,275.0
2025-02-13 11:14:46,G1,0.0,263.0,45.0,160.0,61.0,89.0,0.0,156.0
2025-02-13 11:14:46,G2,87.0,123.0,79.0,19.0,0.0,295.0,7.0,160.0
2025-02-13 11:14:46,G3,79.0,134.0,160.0,0.0,14.0,203.0,193.0,171.0
2025-02-13 11:14:47,G4,1.0,111.0,23.0,1.0,0.0,76.0,7.0,335.0
2025-02-13 11:14:48,G1,0.0,220.0,35.0,146.0,103.0,95.0,0.0,115.0
2025-02-13 11:14:48,G2,97.0,100.0,66.0,8.0,0.0,293.0,5.0,104.0
2025-02-13 11:14:48,G3,96.0,141.0,200.0,0.0,24.0,202.0,123.0,118.0
2025-02-13 11:14:48,G4,1.0,160.0,31.0,3.0,0.0,79.0,1.0,141.0
2025-02-13 11:14:49,G1,0.0,174.0,51.0,226.0,110.0,103.0,0.0,123.0
2025-02-13 11:14:49,G2,64.0,118.0,46.0,36.0,0.0,223.0,6.0,135.0
2025-02-13 11:14:49,G3,105.0,139.0,150.0,0.0,17.0,181.0,242.0,146.0
2025-02-13 11:14:49,G4,0.0,200.0,20.0,0.0,0.0,74.0,11.0,276.0
2025-02-13 11:14:49,G1,0.0,109.0,36.0,301.0,125.0,117.0,0.0,144.0
2025-02-13 11:14:49,G2,119.0,73.0,66.0,51.0,0.0,250.0,5.0,94.0
2025-02-13 11:14:49,G3,94.0,111.0,266.0,0.0,3.0,205.0,322.0,160.0
2025-02-13 11:14:50,G4,0.0,172.0,38.0,11.0,0.0,78.0,13.0,211.0
2025-02-13 11:14:50,G1,0.0,121.0,58.0,179.0,54.0,114.0,0.0,91.0
2025-02-13 11:14:50,G2,107.0,95.0,55.0,39.0,0.0,208.0,8.0,132.0
2025-02-13 11:14:50,G3,77.0,229.0,288.0,0.0,0.0,244.0,339.0,95.0
2025-02-13 11:14:50,G4,1.0,157.0,39.0,0.0,0.0,83.0,21.0,193.0
2025-02-13 11:14:50,G1,0.0,252.0,44.0,124.0,76.0,91.0,0.0,91.0
2025-02-13 11:14:50,G2,50.0,124.0,56.0,3.0,0.0,159.0,7.0,148.0
2025-02-13 11:14:51,G3,109.0,141.0,121.0,0.0,10.0,298.0,90.0,99.0
2025-02-13 11:14:51,G4,2.0,160.0,23.0,3.0,0.0,88.0,0.0,224.0
2025-02-13 11:14:51,G1,0.0,234.0,37.0,91.0,88.0,148.0,0.0,94.0
2025-02-13 11:14:51,G2,65.0,103.0,82.0,15.0,0.0,264.0,8.0,149.0
2025-02-13 11:14:51,G3,79.0,150.0,118.0,0.0,13.0,354.0,235.0,103.0
2025-02-13 11:14:51,G4,1.0,195.0,19.0,9.0,0.0,91.0,11.0,234.0
2025-02-13 11:14:52,G1,0.0,227.0,53.0,160.0,72.0,106.0,0.0,116.0
2025-02-13 11:14:53,G2,88.0,90.0,62.0,34.0,0.0,228.0,5.0,108.0
2025-02-13 11:14:53,G3,121.0,148.0,348.0,0.0,6.0,265.0,175.0,109.0
2025-02-13 11:14:53,G4,3.0,160.0,40.0,0.0,0.0,54.0,5.0,178.0
2025-02-13 11:14:53,G1,0.0,146.0,34.0,230.0,75.0,134.0,0.0,122.0
2025-02-13 11:14:53,G2,102.0,74.0,60.0,33.0,0.0,168.0,7.0,103.0
2025-02-13 11:14:53,G3,108.0,142.0,330.0,0.0,7.0,158.0,145.0,108.0
2025-02-13 11:14:53,G4,1.0,179.0,40.0,1.0,0.0,73.0,3.0,193.0
2025-02-13 11:14:54,G1,0.0,227.0,33.0,218.0,65.0,98.0,0.0,120.0
2025-02-13 11:14:54,G2,77.0,122.0,53.0,24.0,0.0,190.0,6.0,171.0
2025-02-13 11:14:54,G3,107.0,166.0,218.0,0.0,26.0,186.0,149.0,93.0
2025-02-13 11:14:54,G4,1.0,214.0,25.0,3.0,0.0,73.0,3.0,176.0
2025-02-13 11:14:54,G1,1.0,253.0,47.0,149.0,63.0,96.0,0.0,86.0
2025-02-13 11:14:54,G2,94.0,142.0,80.0,19.0,0.0,355.0,7.0,113.0
2025-02-13 11:14:54,G3,135.0,134.0,152.0,0.0,15.0,210.0,262.0,93.0
2025-02-13 11:14:55,G4,4.0,272.0,25.0,9.0,0.0,75.0,13.0,128.0
2025-02-13 11:14:55,G1,0.0,185.0,31.0,104.0,58.0,131.0,0.0,161.0
2025-02-13 11:14:55,G2,80.0,82.0,88.0,14.0,0.0,274.0,7.0,117.0
2025-02-13 11:14:55,G3,160.0,156.0,280.0,0.0,3.0,153.0,159.0,125.0
2025-02-13 11:14:55,G4,6.0,174.0,33.0,4.0,0.0,77.0,3.0,367.0
2025-02-13 11:14:55,G1,0.0,206.0,40.0,288.0,91.0,96.0,0.0,93.0
2025-02-13 11:14:55,G2,61.0,90.0,77.0,37.0,0.0,303.0,6.0,108.0
2025-02-13 11:14:56,G3,101.0,160.0,159.0,0.0,11.0,221.0,187.0,73.0
2025-02-13 11:14:56,G4,0.0,236.0,21.0,10.0,0.0,78.0,6.0,248.0
2025-02-13 11:14:56,G1,0.0,160.0,31.0,200.0,109.0,98.0,0.0,170.0
2025-02-13 11:14:56,G2,96.0,80.0,57.0,14.0,0.0,210.0,6.0,158.0
2025-02-13 11:14:56,G3,112.0,140.0,160.0,0.0,15.0,188.0,113.0,101.0
2025-02-13 11:14:56,G4,1.0,202.0,22.0,9.0,0.0,73.0,1.0,191.0
2025-02-13 11:14:57,G1,0.0,185.0,39.0,239.0,80.0,141.0,0.0,104.0
2025-02-13 11:14:58,G2,124.0,80.0,68.0,29.0,0.0,218.0,6.0,114.0
2025-02-13 11:14:58,G3,179.0,144.0,228.0,0.0,4.0,195.0,195.0,88.0
2025-02-13 11:14:58,G4,7.0,174.0,28.0,0.0,0.0,73.0,7.0,133.0
2025-02-13 11:14:58,G1,1.0,200.0,46.0,272.0,60.0,111.0,0.0,145.0
2025-02-13 11:14:58,G2,103.0,80.0,76.0,35.0,0.0,259.0,7.0,133.0
2025-02-13 11:14:58,G3,176.0,156.0,246.0,0.0,26.0,253.0,217.0,91.0
2025-02-13 11:14:58,G4,5.0,174.0,29.0,2.0,0.0,88.0,9.0,181.0
2025-02-13 11:14:59,G1,2.0,264.0,39.0,138.0,53.0,104.0,0.0,160.0
2025-02-13 11:14:59,G2,55.0,115.0,88.0,26.0,0.0,290.0,7.0,126.0
2025-02-13 11:14:59,G3,101.0,126.0,341.0,0.0,6.0,271.0,329.0,96.0
2025-02-13 11:14:59,G4,0.0,250.0,43.0,2.0,0.0,83.0,18.0,273.0
2025-02-13 11:14:59,G1,0.0,133.0,38.0,62.0,58.0,159.0,0.0,158.0
2025-02-13 11:14:59,G2,92.0,119.0,69.0,40.0,0.0,254.0,8.0,153.0
2025-02-13 11:14:59,G3,66.0,136.0,160.0,0.0,23.0,172.0,263.0,92.0
2025-02-13 11:15:00,G4,0.0,262.0,23.0,0.0,0.0,75.0,14.0,160.0
2025-02-13 11:15:00,G1,0.0,235.0,33.0,59.0,91.0,135.0,0.0,213.0
2025-02-13 11:15:00,G2,46.0,130.0,72.0,40.0,0.0,274.0,8.0,156.0
2025-02-13 11:15:00,G3,104.0,143.0,299.0,0.0,20.0,189.0,263.0,148.0
2025-02-13 11:15:00,G4,1.0,127.0,36.0,0.0,0.0,78.0,13.0,241.0
2025-02-13 11:15:00,G1,0.0,210.0,39.0,297.0,48.0,101.0,0.0,143.0
2025-02-13 11:15:00,G2,53.0,121.0,62.0,50.0,0.0,160.0,8.0,156.0
2025-02-13 11:15:01,G3,64.0,137.0,280.0,0.0,29.0,180.0,207.0,140.0
2025-02-13 11:15:01,G4,0.0,133.0,33.0,3.0,0.0,73.0,8.0,371.0
2025-02-13 11:15:02,G1,2.0,160.0,54.0,199.0,78.0,145.0,0.0,147.0
2025-02-13 11:15:02,G2,68.0,100.0,88.0,30.0,0.0,279.0,8.0,142.0
2025-02-13 11:15:02,G3,112.0,135.0,357.0,0.0,21.0,210.0,175.0,76.0
2025-02-13 11:15:02,G4,2.0,172.0,45.0,3.0,0.0,83.0,5.0,222.0
2025-02-13 11:15:03,G1,1.0,177.0,34.0,157.0,50.0,155.0,0.0,143.0
2025-02-13 11:15:03,G2,48.0,126.0,80.0,35.0,0.0,252.0,8.0,153.0
2025-02-13 11:15:03,G3,143.0,138.0,180.0,0.0,3.0,292.0,298.0,80.0
2025-02-13 11:15:03,G4,6.0,259.0,26.0,0.0,0.0,57.0,17.0,369.0
2025-02-13 11:15:03,G1,0.0,134.0,32.0,154.0,56.0,102.0,0.0,159.0
2025-02-13 11:15:03,G2,96.0,99.0,93.0,58.0,0.0,273.0,8.0,137.0
2025-02-13 11:15:03,G3,74.0,157.0,265.0,0.0,13.0,196.0,259.0,90.0
2025-02-13 11:15:04,G4,0.0,172.0,36.0,0.0,0.0,80.0,13.0,144.0
2025-02-13 11:15:04,G1,2.0,175.0,33.0,230.0,65.0,158.0,0.0,125.0
2025-02-13 11:15:04,G2,80.0,80.0,88.0,40.0,0.0,285.0,6.0,183.0
2025-02-13 11:15:04,G3,116.0,108.0,214.0,0.0,19.0,283.0,160.0,86.0
2025-02-13 11:15:04,G4,2.0,231.0,31.0,11.0,0.0,88.0,19.0,278.0
2025-02-13 11:15:04,G1,0.0,295.0,54.0,209.0,95.0,98.0,0.0,97.0
2025-02-13 11:15:04,G2,39.0,140.0,66.0,36.0,0.0,263.0,6.0,114.0
2025-02-13 11:15:05,G3,125.0,160.0,316.0,0.0,14.0,203.0,248.0,90.0
2025-02-13 11:15:05,G4,4.0,141.0,45.0,4.0,0.0,75.0,12.0,182.0
2025-02-13 11:15:05,G1,3.0,175.0,39.0,131.0,46.0,148.0,0.0,127.0
2025-02-13 11:15:05,G2,40.0,117.0,87.0,33.0,0.0,213.0,7.0,125.0
2025-02-13 11:15:05,G3,124.0,109.0,239.0,0.0,9.0,234.0,203.0,74.0
2025-02-13 11:15:05,G4,4.0,176.0,30.0,0.0,0.0,78.0,8.0,270.0
2025-02-13 11:15:07,G1,0.0,134.0,36.0,77.0,72.0,138.0,0.0,176.0
2025-02-13 11:15:07,G2,81.0,108.0,64.0,31.0,0.0,206.0,7.0,175.0
2025-02-13 11:15:07,G3,97.0,139.0,265.0,0.0,12.0,290.0,135.0,92.0
2025-02-13 11:15:07,G4,2.0,155.0,40.0,6.0,0.0,76.0,3.0,190.0
2025-02-13 11:15:07,G1,7.0,208.0,33.0,93.0,56.0,138.0,0.0,131.0
2025-02-13 11:15:07,G2,40.0,109.0,104.0,29.0,0.0,271.0,10.0,113.0
2025-02-13 11:15:07,G3,102.0,123.0,278.0,0.0,13.0,203.0,230.0,108.0
2025-02-13 11:15:07,G4,3.0,158.0,40.0,2.0,0.0,78.0,10.0,171.0
2025-02-13 11:15:08,G1,3.0,148.0,35.0,178.0,91.0,178.0,0.0,205.0
2025-02-13 11:15:08,G2,67.0,88.0,99.0,18.0,0.0,296.0,8.0,130.0
2025-02-13 11:15:08,G3,65.0,137.0,154.0,0.0,6.0,219.0,213.0,92.0
2025-02-13 11:15:08,G4,0.0,183.0,25.0,15.0,0.0,72.0,8.0,260.0
2025-02-13 11:15:08,G1,4.0,206.0,35.0,189.0,66.0,95.0,0.0,95.0
2025-02-13 11:15:08,G2,92.0,123.0,67.0,22.0,0.0,213.0,8.0,178.0
2025-02-13 11:15:09,G3,106.0,140.0,245.0,0.0,8.0,226.0,108.0,88.0
2025-02-13 11:15:09,G4,3.0,160.0,38.0,10.0,0.0,78.0,0.0,287.0
2025-02-13 11:15:09,G1,0.0,145.0,32.0,80.0,55.0,123.0,0.0,178.0
2025-02-13 11:15:09,G2,80.0,90.0,63.0,40.0,0.0,174.0,6.0,153.0
2025-02-13 11:15:09,G3,118.0,126.0,280.0,0.0,7.0,204.0,230.0,97.0
2025-02-13 11:15:09,G4,4.0,146.0,36.0,5.0,0.0,76.0,10.0,190.0
2025-02-13 11:15:09,G1,8.0,192.0,35.0,99.0,51.0,133.0,0.0,192.0
2025-02-13 11:15:10,G2,43.0,160.0,98.0,28.0,0.0,343.0,10.0,148.0
2025-02-13 11:15:10,G3,89.0,113.0,265.0,0.0,17.0,363.0,98.0,103.0
2025-02-13 11:15:10,G4,2.0,125.0,33.0,0.0,1.0,90.0,0.0,133.0
2025-02-13 11:15:10,G1,3.0,230.0,33.0,236.0,56.0,98.0,0.0,168.0
2025-02-13 11:15:10,G2,58.0,106.0,89.0,47.0,0.0,237.0,6.0,129.0
2025-02-13 11:15:10,G3,92.0,149.0,421.0,0.0,8.0,354.0,320.0,108.0
2025-02-13 11:15:10,G4,2.0,145.0,54.0,8.0,0.0,91.0,17.0,136.0
2025-02-13 11:15:12,G1,0.0,180.0,34.0,86.0,63.0,118.0,0.0,173.0
2025-02-13 11:15:12,G2,77.0,113.0,61.0,48.0,0.0,171.0,8.0,175.0
2025-02-13 11:15:12,G3,87.0,143.0,145.0,0.0,7.0,158.0,187.0,92.0
2025-02-13 11:15:12,G4,3.0,204.0,35.0,5.0,0.0,79.0,7.0,323.0
2025-02-13 11:15:12,G1,5.0,189.0,33.0,173.0,68.0,98.0,0.0,125.0
2025-02-13 11:15:12,G2,78.0,80.0,102.0,31.0,0.0,297.0,8.0,124.0
2025-02-13 11:15:13,G3,78.0,133.0,109.0,0.0,3.0,258.0,234.0,95.0
2025-02-13 11:15:13,G4,1.0,145.0,32.0,0.0,0.0,86.0,10.0,253.0
2025-02-13 11:15:13,G1,5.0,205.0,40.0,135.0,53.0,88.0,0.0,168.0
2025-02-13 11:15:13,G2,80.0,160.0,98.0,34.0,0.0,276.0,10.0,143.0
2025-02-13 11:15:13,G3,80.0,128.0,182.0,0.0,12.0,213.0,108.0,110.0
2025-02-13 11:15:13,G4,1.0,114.0,27.0,9.0,0.0,78.0,1.0,355.0
2025-02-13 11:15:13,G1,6.0,222.0,40.0,135.0,76.0,94.0,0.0,179.0
2025-02-13 11:15:14,G2,70.0,160.0,76.0,40.0,0.0,173.0,8.0,171.0
2025-02-13 11:15:14,G3,79.0,152.0,99.0,0.0,21.0,187.0,119.0,86.0
2025-02-13 11:15:14,G4,3.0,137.0,22.0,7.0,0.0,78.0,0.0,363.0
2025-02-13 11:15:14,G1,2.0,209.0,35.0,233.0,67.0,98.0,0.0,113.0
2025-02-13 11:15:14,G2,64.0,146.0,66.0,40.0,0.0,243.0,8.0,213.0
2025-02-13 11:15:14,G3,103.0,142.0,309.0,0.0,9.0,236.0,191.0,103.0
2025-02-13 11:15:14,G4,4.0,160.0,48.0,1.0,0.0,62.0,6.0,251.0
2025-02-13 11:15:15,G1,5.0,110.0,35.0,174.0,80.0,101.0,0.0,147.0
2025-02-13 11:15:15,G2,124.0,128.0,75.0,40.0,0.0,245.0,9.0,157.0
2025-02-13 11:15:15,G3,112.0,117.0,274.0,0.0,8.0,323.0,277.0,128.0
2025-02-13 11:15:15,G4,3.0,125.0,37.0,10.0,0.0,84.0,14.0,123.0
2025-02-13 11:15:15,G1,3.0,137.0,40.0,205.0,87.0,88.0,0.0,114.0
2025-02-13 11:15:15,G2,104.0,160.0,88.0,32.0,0.0,255.0,10.0,151.0
2025-02-13 11:15:15,G3,70.0,145.0,258.0,0.0,15.0,172.0,214.0,76.0
2025-02-13 11:15:16,G4,0.0,196.0,46.0,15.0,0.0,75.0,8.0,253.0
2025-02-13 11:15:17,G1,13.0,121.0,33.0,214.0,89.0,160.0,0.0,114.0
2025-02-13 11:15:17,G2,41.0,99.0,113.0,70.0,0.0,213.0,7.0,125.0
2025-02-13 11:15:17,G3,94.0,139.0,153.0,0.0,11.0,285.0,148.0,85.0
2025-02-13 11:15:17,G4,0.0,158.0,30.0,9.0,0.0,87.0,3.0,276.0
2025-02-13 11:15:17,G1,6.0,193.0,34.0,185.0,49.0,103.0,0.0,154.0
2025-02-13 11:15:18,G2,57.0,154.0,98.0,55.0,0.0,258.0,10.0,160.0
2025-02-13 11:15:18,G3,76.0,133.0,223.0,0.0,12.0,221.0,192.0,92.0
2025-02-13 11:15:18,G4,0.0,180.0,40.0,0.0,0.0,83.0,6.0,266.0
2025-02-13 11:15:18,G1,8.0,113.0,32.0,186.0,70.0,123.0,0.0,215.0
2025-02-13 11:15:18,G2,77.0,80.0,80.0,51.0,0.0,148.0,8.0,168.0
2025-02-13 11:15:18,G3,110.0,112.0,304.0,0.0,15.0,303.0,143.0,97.0
2025-02-13 11:15:18,G4,1.0,160.0,44.0,0.0,0.0,88.0,3.0,190.0
2025-02-13 11:15:19,G1,4.0,123.0,40.0,128.0,79.0,102.0,0.0,184.0
2025-02-13 11:15:19,G2,60.0,178.0,112.0,23.0,0.0,377.0,8.0,178.0
2025-02-13 11:15:19,G3,102.0,160.0,200.0,0.0,12.0,298.0,168.0,80.0
2025-02-13 11:15:19,G4,1.0,160.0,42.0,13.0,0.0,88.0,5.0,299.0
2025-02-13 11:15:19,G1,2.0,212.0,34.0,182.0,69.0,131.0,0.0,148.0
2025-02-13 11:15:19,G2,35.0,80.0,68.0,62.0,0.0,212.0,8.0,221.0
2025-02-13 11:15:19,G3,113.0,136.0,209.0,0.0,16.0,146.0,212.0,95.0
2025-02-13 11:15:20,G4,3.0,133.0,35.0,0.0,0.0,73.0,9.0,300.0
2025-02-13 11:15:20,G1,4.0,174.0,33.0,62.0,75.0,113.0,0.0,170.0
2025-02-13 11:15:20,G2,66.0,160.0,88.0,29.0,0.0,248.0,6.0,148.0
2025-02-13 11:15:20,G3,95.0,160.0,120.0,0.0,18.0,220.0,235.0,73.0
2025-02-13 11:15:20,G4,0.0,186.0,32.0,5.0,0.0,83.0,10.0,290.0
2025-02-13 11:15:21,G1,10.0,160.0,35.0,279.0,74.0,116.0,0.0,218.0
2025-02-13 11:15:22,G2,35.0,149.0,79.0,63.0,0.0,231.0,8.0,179.0
2025-02-13 11:15:22,G3,95.0,125.0,166.0,0.0,15.0,199.0,186.0,65.0
2025-02-13 11:15:22,G4,1.0,195.0,40.0,5.0,1.0,81.0,6.0,343.0
2025-02-13 11:15:22,G1,4.0,113.0,31.0,62.0,66.0,126.0,0.0,193.0
2025-02-13 11:15:22,G2,96.0,116.0,79.0,67.0,0.0,193.0,7.0,191.0
2025-02-13 11:15:22,G3,98.0,130.0,156.0,0.0,15.0,250.0,224.0,90.0
2025-02-13 11:15:22,G4,1.0,210.0,40.0,8.0,0.0,88.0,10.0,378.0
2025-02-13 11:15:23,G1,10.0,130.0,30.0,104.0,71.0,134.0,0.0,172.0
2025-02-13 11:15:23,G2,47.0,70.0,77.0,40.0,0.0,169.0,8.0,222.0
2025-02-13 11:15:23,G3,89.0,113.0,148.0,0.0,13.0,325.0,117.0,60.0
2025-02-13 11:15:23,G4,0.0,182.0,36.0,1.0,0.0,95.0,0.0,159.0
2025-02-13 11:15:23,G1,7.0,127.0,34.0,150.0,70.0,136.0,0.0,129.0
2025-02-13 11:15:23,G2,72.0,105.0,115.0,40.0,0.0,250.0,10.0,159.0
2025-02-13 11:15:23,G3,58.0,136.0,225.0,0.0,11.0,283.0,117.0,74.0
2025-02-13 11:15:24,G4,0.0,158.0,46.0,0.0,0.0,86.0,1.0,209.0
2025-02-13 11:15:24,G1,3.0,162.0,35.0,119.0,92.0,131.0,0.0,113.0
2025-02-13 11:15:24,G2,67.0,77.0,70.0,56.0,0.0,172.0,7.0,224.0
2025-02-13 11:15:24,G3,113.0,116.0,275.0,0.0,13.0,294.0,234.0,92.0
2025-02-13 11:15:24,G4,2.0,200.0,54.0,18.0,2.0,86.0,11.0,113.0
2025-02-13 11:15:24,G1,4.0,220.0,44.0,144.0,62.0,93.0,0.0,236.0
2025-02-13 11:15:25,G2,44.0,113.0,76.0,57.0,0.0,178.0,7.0,188.0
2025-02-13 11:15:25,G3,79.0,124.0,329.0,0.0,23.0,236.0,250.0,110.0
2025-02-13 11:15:25,G4,0.0,116.0,48.0,19.0,0.0,86.0,12.0,341.0
2025-02-13 11:15:26,G1,15.0,90.0,33.0,96.0,70.0,131.0,0.0,191.0
2025-02-13 11:15:26,G2,80.0,188.0,147.0,35.0,0.0,343.0,8.0,116.0
2025-02-13 11:15:26,G3,100.0,130.0,215.0,0.0,18.0,202.0,143.0,69.0
2025-02-13 11:15:26,G4,2.0,196.0,40.0,8.0,0.0,77.0,3.0,183.0
2025-02-13 11:15:27,G1,9.0,180.0,39.0,121.0,63.0,88.0,0.0,131.0
2025-02-13 11:15:27,G2,77.0,157.0,99.0,47.0,0.0,196.0,8.0,169.0
2025-02-13 11:15:27,G3,91.0,129.0,270.0,0.0,5.0,347.0,170.0,56.0
2025-02-13 11:15:27,G4,0.0,148.0,46.0,28.0,0.0,95.0,5.0,229.0
2025-02-13 11:15:27,G1,8.0,146.0,40.0,195.0,49.0,94.0,0.0,141.0
2025-02-13 11:15:27,G2,68.0,94.0,99.0,57.0,0.0,168.0,10.0,202.0
2025-02-13 11:15:27,G3,62.0,149.0,271.0,0.0,3.0,183.0,93.0,95.0
2025-02-13 11:15:28,G4,0.0,154.0,45.0,16.0,0.0,60.0,0.0,284.0
2025-02-13 11:15:28,G1,11.0,130.0,38.0,138.0,58.0,91.0,0.0,126.0
2025-02-13 11:15:28,G2,73.0,189.0,149.0,36.0,0.0,335.0,8.0,111.0
2025-02-13 11:15:28,G3,91.0,160.0,356.0,0.0,15.0,193.0,154.0,63.0
2025-02-13 11:15:28,G4,2.0,188.0,57.0,8.0,0.0,80.0,3.0,153.0
2025-02-13 11:15:28,G1,7.0,191.0,30.0,99.0,102.0,101.0,0.0,143.0
2025-02-13 11:15:28,G2,72.0,101.0,99.0,60.0,0.0,155.0,8.0,228.0
2025-02-13 11:15:29,G3,90.0,141.0,115.0,0.0,23.0,198.0,215.0,97.0
2025-02-13 11:15:29,G4,2.0,131.0,30.0,30.0,0.0,77.0,9.0,269.0
2025-02-13 11:15:29,G1,11.0,242.0,43.0,285.0,53.0,106.0,0.0,206.0
2025-02-13 11:15:29,G2,33.0,103.0,151.0,34.0,0.0,209.0,10.0,171.0
2025-02-13 11:15:29,G3,80.0,145.0,289.0,0.0,23.0,246.0,128.0,67.0
2025-02-13 11:15:29,G4,0.0,225.0,46.0,0.0,0.0,83.0,2.0,138.0
2025-02-13 11:15:31,G1,12.0,256.0,43.0,224.0,55.0,103.0,0.0,219.0
2025-02-13 11:15:31,G2,64.0,159.0,160.0,53.0,0.0,287.0,9.0,142.0
2025-02-13 11:15:31,G3,98.0,139.0,257.0,0.0,15.0,323.0,151.0,73.0
2025-02-13 11:15:31,G4,2.0,160.0,48.0,19.0,0.0,92.0,3.0,167.0
2025-02-13 11:15:31,G1,3.0,221.0,34.0,160.0,63.0,160.0,0.0,178.0
2025-02-13 11:15:32,G2,52.0,112.0,76.0,53.0,0.0,203.0,7.0,172.0
2025-02-13 11:15:32,G3,72.0,121.0,247.0,0.0,6.0,229.0,145.0,70.0
2025-02-13 11:15:32,G4,0.0,184.0,42.0,11.0,0.0,86.0,3.0,288.0
2025-02-13 11:15:32,G1,1.0,156.0,32.0,89.0,63.0,135.0,0.0,202.0
2025-02-13 11:15:32,G2,46.0,105.0,80.0,50.0,0.0,208.0,7.0,149.0
2025-02-13 11:15:32,G3,104.0,140.0,182.0,0.0,13.0,305.0,145.0,76.0
2025-02-13 11:15:32,G4,1.0,158.0,35.0,18.0,0.0,89.0,3.0,243.0
2025-02-13 11:15:33,G1,7.0,217.0,36.0,106.0,93.0,142.0,0.0,123.0
2025-02-13 11:15:33,G2,58.0,154.0,106.0,39.0,0.0,192.0,8.0,227.0
2025-02-13 11:15:33,G3,62.0,133.0,213.0,0.0,13.0,228.0,258.0,71.0
2025-02-13 11:15:33,G4,1.0,160.0,47.0,7.0,0.0,80.0,13.0,266.0
2025-02-13 11:15:33,G1,11.0,122.0,36.0,186.0,53.0,103.0,0.0,119.0
2025-02-13 11:15:33,G2,60.0,90.0,128.0,23.0,0.0,252.0,8.0,156.0
2025-02-13 11:15:33,G3,102.0,127.0,157.0,0.0,11.0,256.0,91.0,61.0
2025-02-13 11:15:33,G4,0.0,235.0,34.0,2.0,0.0,83.0,0.0,143.0
2025-02-13 11:15:34,G1,5.0,153.0,33.0,153.0,68.0,118.0,0.0,148.0
2025-02-13 11:15:34,G2,59.0,87.0,121.0,58.0,0.0,205.0,11.0,113.0
2025-02-13 11:15:34,G3,80.0,137.0,200.0,0.0,12.0,256.0,98.0,55.0
2025-02-13 11:15:34,G4,0.0,237.0,41.0,1.0,0.0,86.0,0.0,168.0
2025-02-13 11:15:35,G1,7.0,172.0,40.0,179.0,57.0,141.0,0.0,261.0
2025-02-13 11:15:36,G2,52.0,119.0,137.0,58.0,0.0,217.0,10.0,183.0
2025-02-13 11:15:36,G3,77.0,131.0,254.0,0.0,35.0,235.0,136.0,76.0
2025-02-13 11:15:36,G4,0.0,132.0,53.0,25.0,0.0,79.0,3.0,206.0
2025-02-13 11:15:36,G1,9.0,245.0,40.0,334.0,68.0,117.0,0.0,168.0
2025-02-13 11:15:36,G2,61.0,116.0,153.0,73.0,0.0,230.0,11.0,123.0
2025-02-13 11:15:36,G3,100.0,140.0,212.0,0.0,15.0,356.0,138.0,80.0
2025-02-13 11:15:36,G4,1.0,180.0,51.0,24.0,0.0,94.0,3.0,116.0
2025-02-13 11:15:37,G1,15.0,228.0,40.0,203.0,101.0,119.0,0.0,196.0
2025-02-13 11:15:37,G2,34.0,177.0,164.0,53.0,0.0,235.0,13.0,154.0
2025-02-13 11:15:37,G3,70.0,141.0,156.0,0.0,31.0,170.0,213.0,67.0
2025-02-13 11:15:37,G4,0.0,177.0,39.0,15.0,0.0,73.0,8.0,221.0
2025-02-13 11:15:37,G1,17.0,90.0,40.0,71.0,70.0,148.0,0.0,133.0
2025-02-13 11:15:37,G2,73.0,172.0,144.0,36.0,0.0,231.0,10.0,167.0
2025-02-13 11:15:37,G3,80.0,130.0,113.0,0.0,26.0,178.0,218.0,71.0
2025-02-13 11:15:38,G4,1.0,133.0,44.0,21.0,0.0,73.0,8.0,175.0
2025-02-13 11:15:38,G1,10.0,102.0,39.0,63.0,78.0,150.0,0.0,216.0
2025-02-13 11:15:38,G2,55.0,139.0,94.0,69.0,0.0,190.0,10.0,134.0
2025-02-13 11:15:38,G3,110.0,134.0,159.0,0.0,27.0,229.0,157.0,90.0
2025-02-13 11:15:38,G4,3.0,119.0,35.0,54.0,0.0,79.0,3.0,255.0
2025-02-13 11:15:38,G1,4.0,151.0,33.0,180.0,65.0,153.0,0.0,230.0
2025-02-13 11:15:39,G2,47.0,120.0,104.0,26.0,0.0,250.0,9.0,178.0
2025-02-13 11:15:39,G3,74.0,127.0,274.0,0.0,28.0,391.0,86.0,73.0
2025-02-13 11:15:39,G4,0.0,154.0,48.0,27.0,1.0,99.0,0.0,352.0
2025-02-13 11:15:40,G1,8.0,119.0,40.0,131.0,91.0,109.0,0.0,98.0
2025-02-13 11:15:40,G2,51.0,160.0,155.0,59.0,0.0,253.0,10.0,208.0
2025-02-13 11:15:40,G3,91.0,123.0,114.0,0.0,25.0,283.0,148.0,80.0
2025-02-13 11:15:41,G4,0.0,183.0,37.0,8.0,0.0,86.0,3.0,122.0
2025-02-13 11:15:41,G1,10.0,117.0,34.0,54.0,73.0,133.0,0.0,212.0
2025-02-13 11:15:41,G2,49.0,149.0,105.0,45.0,0.0,176.0,8.0,273.0
2025-02-13 11:15:41,G3,87.0,182.0,160.0,0.0,21.0,395.0,223.0,80.0
2025-02-13 11:15:41,G4,0.0,264.0,53.0,10.0,0.0,96.0,9.0,118.0
2025-02-13 11:15:41,G1,5.0,191.0,40.0,229.0,77.0,118.0,0.0,105.0
2025-02-13 11:15:41,G2,30.0,116.0,103.0,86.0,0.0,228.0,8.0,119.0
2025-02-13 11:15:42,G3,80.0,131.0,149.0,0.0,18.0,274.0,128.0,88.0
2025-02-13 11:15:42,G4,0.0,126.0,40.0,6.0,0.0,88.0,2.0,158.0
2025-02-13 11:15:42,G1,14.0,140.0,36.0,80.0,68.0,115.0,0.0,203.0
2025-02-13 11:15:42,G2,45.0,126.0,150.0,76.0,0.0,156.0,13.0,234.0
2025-02-13 11:15:42,G3,68.0,129.0,135.0,0.0,26.0,243.0,99.0,74.0
2025-02-13 11:15:42,G4,0.0,205.0,39.0,51.0,0.0,80.0,0.0,262.0
2025-02-13 11:15:43,G1,7.0,99.0,40.0,317.0,96.0,133.0,0.0,160.0
2025-02-13 11:15:43,G2,72.0,80.0,86.0,90.0,0.0,210.0,8.0,204.0
2025-02-13 11:15:43,G3,60.0,191.0,213.0,0.0,22.0,174.0,196.0,78.0
2025-02-13 11:15:43,G4,1.0,173.0,46.0,13.0,0.0,75.0,7.0,263.0
2025-02-13 11:15:43,G1,11.0,120.0,34.0,75.0,73.0,138.0,0.0,265.0
2025-02-13 11:15:43,G2,54.0,178.0,121.0,97.0,0.0,171.0,10.0,204.0
2025-02-13 11:15:43,G3,108.0,131.0,181.0,0.0,23.0,202.0,228.0,88.0
2025-02-13 11:15:44,G4,4.0,115.0,40.0,53.0,0.0,78.0,10.0,278.0
2025-02-13 11:15:45,G1,6.0,162.0,35.0,172.0,91.0,153.0,0.0,115.0
2025-02-13 11:15:45,G2,36.0,94.0,102.0,30.0,0.0,210.0,8.0,173.0
2025-02-13 11:15:45,G3,104.0,102.0,106.0,0.0,14.0,256.0,170.0,80.0
2025-02-13 11:15:45,G4,2.0,138.0,38.0,20.0,0.0,80.0,5.0,336.0
2025-02-13 11:15:45,G1,25.0,108.0,37.0,212.0,105.0,128.0,0.0,141.0
2025-02-13 11:15:46,G2,31.0,114.0,164.0,98.0,0.0,151.0,12.0,160.0
2025-02-13 11:15:46,G3,106.0,108.0,131.0,0.0,13.0,214.0,210.0,86.0
2025-02-13 11:15:46,G4,2.0,106.0,34.0,25.0,0.0,74.0,8.0,224.0
2025-02-13 11:15:46,G1,14.0,94.0,44.0,239.0,109.0,125.0,0.0,114.0
2025-02-13 11:15:46,G2,40.0,173.0,98.0,80.0,0.0,188.0,9.0,196.0
2025-02-13 11:15:46,G3,128.0,123.0,116.0,0.0,48.0,382.0,104.0,64.0
2025-02-13 11:15:46,G4,3.0,179.0,36.0,24.0,0.0,91.0,0.0,213.0
2025-02-13 11:15:47,G1,12.0,122.0,40.0,152.0,104.0,98.0,0.0,119.0
2025-02-13 11:15:47,G2,40.0,171.0,80.0,97.0,0.0,244.0,8.0,196.0
2025-02-13 11:15:47,G3,106.0,148.0,134.0,0.0,24.0,267.0,153.0,96.0
2025-02-13 11:15:47,G4,0.0,110.0,34.0,1.0,0.0,80.0,3.0,215.0
2025-02-13 11:15:47,G1,8.0,130.0,39.0,253.0,94.0,117.0,0.0,206.0
2025-02-13 11:15:47,G2,49.0,72.0,141.0,110.0,0.0,231.0,8.0,121.0
2025-02-13 11:15:47,G3,45.0,174.0,213.0,0.0,16.0,412.0,160.0,73.0
2025-02-13 11:15:48,G4,0.0,149.0,46.0,41.0,0.0,107.0,3.0,143.0
2025-02-13 11:15:48,G1,12.0,133.0,38.0,67.0,101.0,153.0,0.0,148.0
2025-02-13 11:15:48,G2,48.0,153.0,95.0,20.0,0.0,173.0,8.0,267.0
2025-02-13 11:15:48,G3,102.0,146.0,206.0,0.0,12.0,263.0,107.0,89.0
2025-02-13 11:15:48,G4,3.0,104.0,40.0,3.0,0.0,80.0,0.0,178.0
2025-02-13 11:15:49,G1,13.0,127.0,40.0,189.0,97.0,95.0,0.0,125.0
2025-02-13 11:15:49,G2,40.0,143.0,135.0,80.0,0.0,222.0,9.0,142.0
2025-02-13 11:15:50,G3,57.0,183.0,239.0,0.0,58.0,268.0,102.0,65.0
2025-02-13 11:15:50,G4,0.0,110.0,42.0,3.0,0.0,86.0,0.0,151.0
2025-02-13 11:15:50,G1,14.0,160.0,36.0,160.0,113.0,141.0,0.0,160.0
2025-02-13 11:15:50,G2,46.0,80.0,160.0,61.0,0.0,188.0,8.0,208.0
2025-02-13 11:15:50,G3,65.0,132.0,131.0,0.0,35.0,296.0,98.0,75.0
2025-02-13 11:15:50,G4,0.0,141.0,47.0,25.0,0.0,83.0,0.0,144.0
2025-02-13 11:15:51,G1,15.0,128.0,36.0,183.0,67.0,133.0,0.0,118.0
2025-02-13 11:15:51,G2,68.0,174.0,130.0,88.0,0.0,233.0,9.0,158.0
2025-02-13 11:15:51,G3,96.0,146.0,234.0,0.0,54.0,280.0,92.0,72.0
2025-02-13 11:15:51,G4,1.0,160.0,48.0,29.0,0.0,80.0,0.0,233.0
2025-02-13 11:15:51,G1,25.0,138.0,39.0,196.0,127.0,103.0,0.0,207.0
2025-02-13 11:15:51,G2,46.0,92.0,144.0,60.0,0.0,158.0,10.0,210.0
2025-02-13 11:15:51,G3,53.0,149.0,180.0,0.0,15.0,279.0,183.0,76.0
2025-02-13 11:15:52,G4,0.0,150.0,52.0,15.0,0.0,66.0,6.0,173.0
2025-02-13 11:15:52,G1,16.0,144.0,46.0,191.0,105.0,153.0,0.0,188.0
2025-02-13 11:15:52,G2,41.0,158.0,80.0,89.0,0.0,227.0,10.0,241.0
2025-02-13 11:15:52,G3,45.0,227.0,225.0,0.0,33.0,222.0,171.0,68.0
2025-02-13 11:15:52,G4,0.0,280.0,51.0,64.0,0.0,76.0,5.0,253.0
2025-02-13 11:15:52,G1,11.0,160.0,34.0,87.0,99.0,156.0,0.0,266.0
2025-02-13 11:15:53,G2,44.0,96.0,80.0,34.0,0.0,245.0,7.0,284.0
2025-02-13 11:15:53,G3,44.0,186.0,151.0,0.0,25.0,229.0,109.0,68.0
2025-02-13 11:15:53,G4,0.0,179.0,46.0,34.0,0.0,80.0,1.0,203.0
2025-02-13 11:15:54,G1,28.0,160.0,49.0,92.0,89.0,111.0,0.0,183.0
2025-02-13 11:15:54,G2,40.0,150.0,114.0,66.0,0.0,197.0,8.0,123.0
2025-02-13 11:15:54,G3,80.0,131.0,143.0,0.0,36.0,237.0,113.0,63.0
2025-02-13 11:15:54,G4,0.0,125.0,54.0,20.0,0.0,79.0,1.0,274.0
2025-02-13 11:15:55,G1,10.0,205.0,58.0,153.0,90.0,111.0,0.0,147.0
2025-02-13 11:15:55,G2,56.0,160.0,151.0,51.0,0.0,283.0,6.0,171.0
2025-02-13 11:15:55,G3,74.0,221.0,254.0,0.0,53.0,223.0,80.0,66.0
2025-02-13 11:15:55,G4,0.0,208.0,49.0,35.0,0.0,81.0,0.0,230.0
2025-02-13 11:15:55,G1,16.0,122.0,39.0,259.0,99.0,130.0,0.0,153.0
2025-02-13 11:15:55,G2,61.0,71.0,188.0,69.0,0.0,176.0,10.0,233.0
2025-02-13 11:15:56,G3,88.0,210.0,192.0,0.0,28.0,283.0,191.0,66.0
2025-02-13 11:15:56,G4,0.0,203.0,40.0,33.0,0.0,86.0,6.0,240.0
2025-02-13 11:15:56,G1,27.0,124.0,44.0,47.0,125.0,113.0,0.0,213.0
2025-02-13 11:15:56,G2,45.0,143.0,150.0,80.0,0.0,159.0,9.0,131.0
2025-02-13 11:15:56,G3,53.0,173.0,265.0,0.0,50.0,396.0,92.0,65.0
2025-02-13 11:15:56,G4,0.0,165.0,40.0,24.0,0.0,96.0,0.0,241.0
2025-02-13 11:15:57,G1,32.0,139.0,37.0,283.0,80.0,143.0,0.0,203.0
2025-02-13 11:15:57,G2,61.0,80.0,208.0,119.0,0.0,168.0,10.0,253.0
2025-02-13 11:15:57,G3,67.0,182.0,119.0,0.0,40.0,198.0,138.0,74.0
2025-02-13 11:15:57,G4,0.0,160.0,29.0,17.0,0.0,78.0,3.0,382.0
2025-02-13 11:15:57,G1,36.0,110.0,37.0,142.0,70.0,138.0,0.0,229.0
2025-02-13 11:15:57,G2,53.0,71.0,176.0,54.0,0.0,169.0,10.0,158.0
2025-02-13 11:15:57,G3,67.0,160.0,148.0,0.0,50.0,151.0,99.0,66.0
2025-02-13 11:15:58,G4,0.0,146.0,45.0,23.0,0.0,77.0,0.0,200.0
2025-02-13 11:15:59,G1,21.0,178.0,40.0,108.0,113.0,142.0,0.0,218.0
2025-02-13 11:15:59,G2,35.0,93.0,204.0,44.0,0.0,193.0,9.0,214.0
2025-02-13 11:15:59,G3,80.0,135.0,243.0,0.0,51.0,172.0,104.0,71.0
2025-02-13 11:15:59,G4,2.0,146.0,51.0,23.0,0.0,78.0,0.0,175.0
2025-02-13 11:16:00,G1,23.0,131.0,52.0,190.0,88.0,106.0,0.0,177.0
2025-02-13 11:16:00,G2,39.0,108.0,206.0,52.0,0.0,185.0,8.0,208.0
2025-02-13 11:16:00,G3,80.0,149.0,160.0,0.0,47.0,173.0,67.0,69.0
2025-02-13 11:16:00,G4,0.0,130.0,37.0,29.0,0.0,74.0,0.0,286.0
2025-02-13 11:16:00,G1,18.0,160.0,47.0,123.0,134.0,141.0,0.0,142.0
2025-02-13 11:16:00,G2,36.0,137.0,88.0,95.0,0.0,206.0,8.0,190.0
2025-02-13 11:16:00,G3,104.0,110.0,131.0,0.0,39.0,233.0,132.0,68.0
2025-02-13 11:16:01,G4,1.0,223.0,55.0,20.0,0.0,79.0,2.0,178.0
2025-02-13 11:16:01,G1,18.0,150.0,59.0,148.0,68.0,97.0,0.0,133.0
2025-02-13 11:16:01,G2,45.0,102.0,160.0,80.0,0.0,203.0,8.0,252.0
2025-02-13 11:16:01,G3,69.0,144.0,230.0,0.0,22.0,184.0,65.0,68.0
2025-02-13 11:16:01,G4,0.0,196.0,38.0,38.0,0.0,77.0,0.0,154.0
2025-02-13 11:16:01,G1,11.0,140.0,45.0,117.0,112.0,106.0,0.0,168.0
2025-02-13 11:16:02,G2,50.0,103.0,134.0,24.0,0.0,196.0,7.0,206.0
2025-02-13 11:16:02,G3,71.0,172.0,199.0,0.0,28.0,187.0,74.0,66.0
2025-02-13 11:16:02,G4,0.0,115.0,41.0,6.0,0.0,76.0,0.0,177.0
2025-02-13 11:16:02,G1,14.0,148.0,44.0,59.0,121.0,121.0,0.0,269.0
2025-02-13 11:16:02,G2,33.0,142.0,223.0,108.0,0.0,243.0,8.0,133.0
2025-02-13 11:16:02,G3,76.0,119.0,146.0,0.0,35.0,296.0,118.0,69.0
2025-02-13 11:16:02,G4,0.0,112.0,40.0,29.0,0.0,85.0,1.0,206.0
2025-02-13 11:16:04,G1,29.0,160.0,43.0,293.0,114.0,126.0,0.0,205.0
2025-02-13 11:16:04,G2,32.0,135.0,225.0,75.0,0.0,192.0,13.0,236.0
2025-02-13 11:16:04,G3,54.0,143.0,114.0,0.0,111.0,175.0,91.0,70.0
2025-02-13 11:16:04,G4,0.0,102.0,49.0,48.0,0.0,75.0,0.0,167.0
2025-02-13 11:16:04,G1,38.0,160.0,40.0,80.0,76.0,122.0,0.0,121.0
2025-02-13 11:16:05,G2,36.0,104.0,116.0,42.0,0.0,198.0,13.0,353.0
2025-02-13 11:16:05,G3,40.0,259.0,187.0,0.0,50.0,199.0,72.0,77.0
2025-02-13 11:16:05,G4,0.0,148.0,50.0,12.0,0.0,76.0,0.0,150.0
2025-02-13 11:16:05,G1,29.0,114.0,44.0,221.0,108.0,110.0,0.0,160.0
2025-02-13 11:16:05,G2,34.0,103.0,149.0,74.0,0.0,178.0,10.0,174.0
2025-02-13 11:16:05,G3,91.0,100.0,160.0,0.0,83.0,160.0,140.0,65.0
2025-02-13 11:16:05,G4,2.0,125.0,39.0,31.0,0.0,73.0,3.0,287.0
2025-02-13 11:16:06,G1,16.0,90.0,40.0,210.0,113.0,103.0,0.0,218.0
2025-02-13 11:16:06,G2,66.0,109.0,219.0,138.0,0.0,195.0,10.0,377.0
2025-02-13 11:16:06,G3,70.0,189.0,123.0,0.0,62.0,229.0,116.0,85.0
2025-02-13 11:16:06,G4,0.0,117.0,43.0,67.0,0.0,76.0,0.0,283.0
2025-02-13 11:16:06,G1,34.0,144.0,50.0,199.0,80.0,98.0,0.0,94.0
2025-02-13 11:16:06,G2,50.0,105.0,219.0,106.0,0.0,203.0,11.0,283.0
2025-02-13 11:16:06,G3,48.0,179.0,237.0,0.0,33.0,193.0,131.0,65.0
2025-02-13 11:16:07,G4,0.0,257.0,65.0,28.0,0.0,77.0,2.0,203.0
2025-02-13 11:16:07,G1,30.0,134.0,43.0,142.0,88.0,115.0,0.0,108.0
2025-02-13 11:16:07,G2,40.0,116.0,275.0,65.0,0.0,291.0,10.0,305.0
2025-02-13 11:16:07,G3,45.0,206.0,182.0,0.0,26.0,328.0,53.0,72.0
2025-02-13 11:16:07,G4,0.0,175.0,40.0,39.0,0.0,88.0,0.0,131.0
2025-02-13 11:16:08,G1,20.0,196.0,40.0,224.0,153.0,141.0,0.0,213.0
2025-02-13 11:16:09,G2,34.0,96.0,126.0,54.0,0.0,198.0,11.0,148.0
2025-02-13 11:16:09,G3,62.0,153.0,117.0,0.0,63.0,248.0,96.0,63.0
2025-02-13 11:16:09,G4,0.0,160.0,49.0,30.0,0.0,80.0,0.0,199.0
2025-02-13 11:16:09,G1,27.0,160.0,35.0,80.0,184.0,159.0,0.0,190.0
2025-02-13 11:16:09,G2,30.0,129.0,160.0,30.0,0.0,202.0,11.0,152.0
2025-02-13 11:16:09,G3,40.0,108.0,158.0,0.0,36.0,243.0,63.0,63.0
2025-02-13 11:16:09,G4,0.0,175.0,41.0,33.0,0.0,68.0,0.0,215.0
2025-02-13 11:16:10,G1,37.0,113.0,40.0,200.0,90.0,121.0,0.0,126.0
2025-02-13 11:16:10,G2,36.0,120.0,113.0,49.0,0.0,175.0,10.0,177.0
2025-02-13 11:16:10,G3,53.0,210.0,186.0,0.0,104.0,264.0,88.0,67.0
2025-02-13 11:16:10,G4,0.0,211.0,48.0,59.0,0.0,74.0,0.0,168.0
2025-02-13 11:16:10,G1,32.0,138.0,34.0,272.0,95.0,140.0,0.0,213.0
2025-02-13 11:16:10,G2,31.0,107.0,145.0,36.0,0.0,203.0,9.0,194.0
2025-02-13 11:16:10,G3,60.0,208.0,111.0,0.0,70.0,419.0,78.0,61.0
2025-02-13 11:16:11,G4,0.0,120.0,59.0,35.0,0.0,105.0,0.0,142.0
2025-02-13 11:16:11,G1,26.0,134.0,38.0,44.0,185.0,127.0,0.0,118.0
2025-02-13 11:16:11,G2,40.0,122.0,258.0,23.0,0.0,266.0,10.0,212.0
2025-02-13 11:16:11,G3,61.0,160.0,220.0,0.0,97.0,159.0,71.0,62.0
2025-02-13 11:16:11,G4,0.0,111.0,46.0,49.0,0.0,76.0,0.0,338.0
2025-02-13 11:16:11,G1,30.0,131.0,45.0,103.0,234.0,138.0,0.0,226.0
2025-02-13 11:16:12,G2,59.0,110.0,148.0,61.0,1.0,183.0,12.0,323.0
2025-02-13 11:16:12,G3,58.0,179.0,191.0,0.0,30.0,199.0,160.0,78.0
2025-02-13 11:16:12,G4,1.0,101.0,65.0,38.0,0.0,77.0,3.0,187.0
2025-02-13 11:16:13,G1,32.0,106.0,41.0,80.0,109.0,119.0,0.0,273.0
2025-02-13 11:16:13,G2,42.0,132.0,109.0,66.0,0.0,168.0,12.0,231.0
2025-02-13 11:16:14,G3,62.0,129.0,118.0,0.0,80.0,206.0,85.0,68.0
2025-02-13 11:16:14,G4,0.0,119.0,57.0,60.0,0.0,84.0,0.0,356.0
2025-02-13 11:16:14,G1,38.0,121.0,40.0,107.0,63.0,113.0,0.0,259.0
2025-02-13 11:16:14,G2,30.0,116.0,246.0,31.0,0.0,211.0,14.0,192.0
2025-02-13 11:16:14,G3,40.0,216.0,138.0,0.0,112.0,188.0,70.0,66.0
2025-02-13 11:16:14,G4,0.0,199.0,59.0,34.0,0.0,87.0,0.0,251.0
2025-02-13 11:16:14,G1,40.0,93.0,40.0,160.0,76.0,131.0,0.0,179.0
2025-02-13 11:16:15,G2,55.0,156.0,120.0,49.0,0.0,225.0,13.0,191.0
2025-02-13 11:16:15,G3,48.0,212.0,193.0,0.0,36.0,214.0,80.0,67.0
2025-02-13 11:16:15,G4,0.0,139.0,71.0,31.0,0.0,83.0,0.0,325.0
2025-02-13 11:16:15,G1,21.0,127.0,49.0,144.0,93.0,105.0,0.0,185.0
2025-02-13 11:16:15,G2,36.0,100.0,204.0,80.0,0.0,183.0,9.0,262.0
2025-02-13 11:16:15,G3,71.0,119.0,110.0,0.0,33.0,203.0,98.0,73.0
2025-02-13 11:16:15,G4,0.0,127.0,73.0,39.0,0.0,75.0,0.0,287.0
2025-02-13 11:16:16,G1,53.0,97.0,42.0,196.0,76.0,128.0,0.0,157.0
2025-02-13 11:16:16,G2,55.0,170.0,193.0,77.0,0.0,190.0,14.0,156.0
2025-02-13 11:16:16,G3,79.0,124.0,133.0,0.0,122.0,303.0,69.0,63.0
2025-02-13 11:16:16,G4,2.0,192.0,39.0,18.0,0.0,85.0,0.0,130.0
2025-02-13 11:16:16,G1,17.0,92.0,34.0,250.0,172.0,151.0,0.0,122.0
2025-02-13 11:16:16,G2,51.0,80.0,248.0,106.0,0.0,205.0,11.0,230.0
2025-02-13 11:16:17,G3,47.0,252.0,134.0,0.0,100.0,198.0,103.0,74.0
2025-02-13 11:16:17,G4,0.0,139.0,58.0,32.0,0.0,88.0,0.0,333.0
2025-02-13 11:16:18,G1,28.0,111.0,46.0,70.0,169.0,118.0,0.0,238.0
2025-02-13 11:16:18,G2,31.0,112.0,92.0,48.0,0.0,176.0,11.0,156.0
2025-02-13 11:16:18,G3,67.0,219.0,99.0,0.0,97.0,223.0,83.0,66.0
2025-02-13 11:16:18,G4,0.0,179.0,63.0,30.0,0.0,80.0,0.0,195.0
2025-02-13 11:16:19,G1,31.0,158.0,59.0,90.0,190.0,93.0,0.0,173.0
2025-02-13 11:16:19,G2,32.0,118.0,99.0,46.0,0.0,165.0,11.0,154.0
2025-02-13 11:16:19,G3,70.0,199.0,88.0,0.0,75.0,216.0,78.0,68.0
2025-02-13 11:16:19,G4,0.0,186.0,51.0,75.0,0.0,84.0,0.0,256.0
2025-02-13 11:16:19,G1,44.0,160.0,52.0,160.0,84.0,105.0,0.0,144.0
2025-02-13 11:16:19,G2,24.0,80.0,160.0,68.0,0.0,190.0,13.0,295.0
2025-02-13 11:16:19,G3,63.0,260.0,123.0,0.0,39.0,232.0,80.0,76.0
2025-02-13 11:16:19,G4,0.0,129.0,64.0,18.0,0.0,88.0,0.0,119.0
2025-02-13 11:16:20,G1,38.0,80.0,39.0,89.0,74.0,142.0,0.0,259.0
2025-02-13 11:16:20,G2,53.0,140.0,160.0,37.0,0.0,283.0,10.0,160.0
2025-02-13 11:16:20,G3,99.0,210.0,116.0,0.0,70.0,206.0,56.0,70.0
2025-02-13 11:16:20,G4,1.0,148.0,58.0,39.0,0.0,76.0,0.0,155.0
2025-02-13 11:16:20,G1,23.0,176.0,45.0,121.0,107.0,103.0,0.0,273.0
2025-02-13 11:16:20,G2,23.0,134.0,241.0,80.0,0.0,183.0,11.0,227.0
2025-02-13 11:16:21,G3,72.0,209.0,120.0,0.0,100.0,197.0,78.0,70.0
2025-02-13 11:16:21,G4,0.0,185.0,50.0,80.0,0.0,59.0,0.0,289.0
2025-02-13 11:16:21,G1,22.0,135.0,40.0,252.0,209.0,149.0,0.0,168.0
2025-02-13 11:16:21,G2,28.0,92.0,95.0,53.0,3.0,189.0,8.0,201.0
2025-02-13 11:16:21,G3,27.0,160.0,129.0,0.0,61.0,203.0,85.0,66.0
2025-02-13 11:16:21,G4,0.0,193.0,50.0,99.0,0.0,80.0,0.0,289.0
2025-02-13 11:16:23,G1,30.0,107.0,46.0,89.0,118.0,126.0,0.0,160.0
2025-02-13 11:16:23,G2,31.0,143.0,254.0,58.0,0.0,249.0,11.0,266.0
2025-02-13 11:16:23,G3,63.0,227.0,102.0,0.0,55.0,156.0,69.0,70.0
2025-02-13 11:16:23,G4,0.0,152.0,54.0,52.0,0.0,76.0,0.0,268.0
2025-02-13 11:16:23,G1,20.0,141.0,67.0,65.0,238.0,97.0,0.0,151.0
2025-02-13 11:16:23,G2,44.0,160.0,160.0,35.0,1.0,250.0,10.0,143.0
2025-02-13 11:16:24,G3,65.0,132.0,178.0,0.0,90.0,253.0,54.0,66.0
2025-02-13 11:16:24,G4,1.0,135.0,71.0,45.0,0.0,79.0,0.0,255.0
2025-02-13 11:16:24,G1,49.0,107.0,48.0,240.0,106.0,131.0,0.0,268.0
2025-02-13 11:16:24,G2,40.0,139.0,129.0,111.0,0.0,254.0,13.0,215.0
2025-02-13 11:16:24,G3,46.0,178.0,122.0,0.0,46.0,153.0,52.0,65.0
2025-02-13 11:16:24,G4,0.0,240.0,58.0,39.0,0.0,78.0,0.0,234.0
2025-02-13 11:16:24,G1,31.0,160.0,48.0,154.0,258.0,122.0,0.0,136.0
2025-02-13 11:16:25,G2,17.0,118.0,160.0,91.0,4.0,152.0,16.0,288.0
2025-02-13 11:16:25,G3,54.0,120.0,120.0,0.0,117.0,160.0,120.0,68.0
2025-02-13 11:16:25,G4,2.0,265.0,74.0,35.0,0.0,75.0,1.0,226.0
2025-02-13 11:16:25,G1,39.0,121.0,52.0,188.0,72.0,116.0,0.0,321.0
2025-02-13 11:16:25,G2,40.0,120.0,131.0,112.0,0.0,223.0,13.0,335.0
2025-02-13 11:16:25,G3,35.0,208.0,120.0,0.0,83.0,307.0,138.0,85.0
2025-02-13 11:16:25,G4,0.0,139.0,71.0,34.0,0.0,93.0,3.0,117.0
2025-02-13 11:16:26,G1,17.0,88.0,40.0,80.0,211.0,125.0,0.0,223.0
2025-02-13 11:16:26,G2,46.0,146.0,233.0,17.0,0.0,259.0,8.0,160.0
2025-02-13 11:16:26,G3,76.0,174.0,157.0,0.0,72.0,205.0,63.0,67.0
2025-02-13 11:16:26,G4,0.0,144.0,65.0,55.0,0.0,85.0,0.0,296.0
2025-02-13 11:16:27,G1,33.0,150.0,50.0,96.0,149.0,113.0,0.0,193.0
2025-02-13 11:16:27,G2,26.0,160.0,243.0,73.0,0.0,239.0,12.0,246.0
2025-02-13 11:16:28,G3,38.0,136.0,149.0,0.0,108.0,234.0,80.0,71.0
2025-02-13 11:16:28,G4,0.0,144.0,58.0,21.0,0.0,80.0,0.0,156.0
2025-02-13 11:16:28,G1,39.0,142.0,58.0,156.0,212.0,109.0,0.0,117.0
2025-02-13 11:16:28,G2,32.0,110.0,175.0,48.0,0.0,251.0,13.0,215.0
2025-02-13 11:16:28,G3,40.0,234.0,160.0,0.0,53.0,248.0,78.0,75.0
2025-02-13 11:16:28,G4,0.0,213.0,59.0,60.0,0.0,85.0,0.0,215.0
2025-02-13 11:16:29,G1,27.0,112.0,36.0,123.0,168.0,133.0,0.0,286.0
2025-02-13 11:16:29,G2,49.0,98.0,160.0,99.0,0.0,198.0,14.0,327.0
2025-02-13 11:16:29,G3,40.0,226.0,221.0,0.0,44.0,233.0,87.0,80.0
2025-02-13 11:16:29,G4,1.0,111.0,62.0,61.0,0.0,80.0,0.0,193.0
2025-02-13 11:16:29,G1,51.0,160.0,71.0,132.0,142.0,113.0,0.0,213.0
2025-02-13 11:16:29,G2,39.0,110.0,113.0,68.0,0.0,160.0,13.0,354.0
2025-02-13 11:16:29,G3,38.0,270.0,93.0,0.0,89.0,160.0,135.0,74.0
2025-02-13 11:16:29,G4,0.0,228.0,68.0,48.0,0.0,74.0,3.0,214.0
2025-02-13 11:16:30,G1,17.0,104.0,39.0,160.0,225.0,156.0,0.0,123.0
2025-02-13 11:16:30,G2,33.0,160.0,227.0,28.0,1.0,270.0,9.0,160.0
2025-02-13 11:16:30,G3,58.0,131.0,93.0,0.0,89.0,283.0,55.0,61.0
2025-02-13 11:16:30,G4,0.0,118.0,40.0,75.0,0.0,87.0,0.0,197.0
2025-02-13 11:16:31,G1,32.0,98.0,48.0,205.0,217.0,136.0,0.0,231.0
2025-02-13 11:16:32,G2,30.0,128.0,147.0,71.0,0.0,273.0,9.0,220.0
2025-02-13 11:16:32,G3,59.0,119.0,83.0,0.0,96.0,200.0,76.0,66.0
2025-02-13 11:16:32,G4,0.0,126.0,54.0,65.0,0.0,56.0,0.0,182.0
2025-02-13 11:16:32,G1,39.0,119.0,43.0,199.0,159.0,134.0,0.0,213.0
2025-02-13 11:16:32,G2,31.0,96.0,203.0,76.0,0.0,233.0,10.0,227.0
2025-02-13 11:16:32,G3,53.0,239.0,153.0,0.0,83.0,222.0,71.0,71.0
2025-02-13 11:16:32,G4,0.0,146.0,69.0,30.0,0.0,83.0,0.0,143.0
2025-02-13 11:16:33,G1,40.0,93.0,44.0,139.0,126.0,118.0,0.0,128.0
2025-02-13 11:16:33,G2,33.0,86.0,113.0,26.0,0.0,153.0,10.0,149.0
2025-02-13 11:16:33,G3,38.0,219.0,146.0,0.0,141.0,133.0,55.0,53.0
2025-02-13 11:16:33,G4,0.0,299.0,57.0,99.0,0.0,79.0,0.0,272.0
2025-02-13 11:16:33,G1,56.0,154.0,64.0,48.0,78.0,96.0,0.0,280.0
2025-02-13 11:16:33,G2,23.0,160.0,112.0,33.0,0.0,203.0,10.0,212.0
2025-02-13 11:16:33,G3,34.0,253.0,118.0,0.0,158.0,179.0,60.0,54.0
2025-02-13 11:16:34,G4,1.0,177.0,50.0,141.0,0.0,79.0,0.0,263.0
2025-02-13 11:16:34,G1,55.0,132.0,46.0,73.0,116.0,126.0,0.0,271.0
2025-02-13 11:16:34,G2,36.0,115.0,102.0,103.0,0.0,178.0,13.0,278.0
2025-02-13 11:16:34,G3,40.0,107.0,115.0,0.0,73.0,224.0,47.0,73.0
2025-02-13 11:16:34,G4,3.0,160.0,40.0,35.0,0.0,78.0,0.0,160.0
2025-02-13 11:16:34,G1,40.0,121.0,39.0,200.0,229.0,160.0,0.0,130.0
2025-02-13 11:16:34,G2,21.0,106.0,208.0,48.0,1.0,229.0,10.0,160.0
2025-02-13 11:16:35,G3,64.0,181.0,119.0,0.0,103.0,227.0,66.0,74.0
2025-02-13 11:16:35,G4,1.0,140.0,49.0,128.0,0.0,83.0,0.0,258.0
2025-02-13 11:16:35,G1,36.0,105.0,40.0,113.0,133.0,149.0,0.0,143.0
2025-02-13 11:16:35,G2,37.0,191.0,261.0,115.0,0.0,279.0,10.0,273.0
2025-02-13 11:16:35,G3,26.0,139.0,108.0,0.0,45.0,226.0,104.0,70.0
2025-02-13 11:16:35,G4,0.0,212.0,59.0,38.0,0.0,83.0,0.0,145.0
2025-02-13 11:16:36,G1,45.0,182.0,65.0,62.0,65.0,91.0,0.0,214.0
2025-02-13 11:16:36,G2,26.0,137.0,208.0,89.0,0.0,309.0,12.0,306.0
2025-02-13 11:16:36,G3,57.0,247.0,123.0,0.0,45.0,206.0,74.0,68.0
2025-02-13 11:16:36,G4,0.0,180.0,47.0,160.0,0.0,89.0,0.0,221.0
2025-02-13 11:16:37,G1,24.0,139.0,59.0,95.0,160.0,103.0,0.0,248.0
2025-02-13 11:16:38,G2,25.0,112.0,174.0,54.0,0.0,325.0,10.0,283.0
2025-02-13 11:16:38,G3,33.0,157.0,98.0,0.0,175.0,178.0,52.0,64.0
2025-02-13 11:16:38,G4,0.0,186.0,68.0,46.0,0.0,85.0,0.0,156.0
2025-02-13 11:16:38,G1,34.0,190.0,55.0,188.0,83.0,114.0,0.0,262.0
2025-02-13 11:16:38,G2,15.0,136.0,194.0,95.0,0.0,296.0,12.0,140.0
2025-02-13 11:16:38,G3,40.0,197.0,97.0,0.0,98.0,208.0,66.0,53.0
2025-02-13 11:16:38,G4,0.0,145.0,58.0,136.0,0.0,88.0,0.0,198.0
2025-02-13 11:16:39,G1,30.0,110.0,42.0,141.0,74.0,128.0,0.0,148.0
2025-02-13 11:16:39,G2,20.0,148.0,272.0,80.0,0.0,177.0,11.0,150.0
2025-02-13 11:16:39,G3,40.0,119.0,159.0,0.0,127.0,168.0,54.0,57.0
2025-02-13 11:16:39,G4,0.0,133.0,54.0,120.0,0.0,73.0,0.0,223.0
2025-02-13 11:16:39,G1,26.0,135.0,55.0,100.0,118.0,98.0,0.0,113.0
2025-02-13 11:16:39,G2,19.0,185.0,262.0,51.0,0.0,351.0,11.0,156.0
2025-02-13 11:16:39,G3,23.0,264.0,132.0,0.0,86.0,285.0,56.0,53.0
2025-02-13 11:16:40,G4,0.0,176.0,51.0,65.0,0.0,96.0,0.0,103.0
2025-02-13 11:16:40,G1,43.0,176.0,56.0,124.0,63.0,96.0,0.0,129.0
2025-02-13 11:16:40,G2,18.0,108.0,112.0,118.0,0.0,226.0,10.0,172.0
2025-02-13 11:16:40,G3,28.0,238.0,122.0,0.0,86.0,199.0,80.0,64.0
2025-02-13 11:16:40,G4,0.0,131.0,65.0,122.0,0.0,78.0,0.0,287.0
2025-02-13 11:16:40,G1,44.0,100.0,44.0,111.0,102.0,131.0,0.0,160.0
2025-02-13 11:16:41,G2,33.0,118.0,100.0,84.0,0.0,251.0,10.0,239.0
2025-02-13 11:16:41,G3,39.0,234.0,122.0,0.0,66.0,160.0,84.0,63.0
2025-02-13 11:16:41,G4,0.0,186.0,68.0,160.0,0.0,85.0,0.0,253.0
2025-02-13 11:16:42,G1,43.0,125.0,57.0,110.0,111.0,96.0,0.0,204.0
2025-02-13 11:16:42,G2,18.0,118.0,200.0,92.0,0.0,243.0,14.0,265.0
2025-02-13 11:16:42,G3,30.0,260.0,149.0,0.0,156.0,350.0,64.0,63.0
2025-02-13 11:16:42,G4,0.0,220.0,59.0,104.0,0.0,93.0,0.0,119.0
2025-02-13 11:16:43,G1,60.0,136.0,48.0,207.0,154.0,137.0,0.0,173.0
2025-02-13 11:16:43,G2,14.0,110.0,111.0,115.0,0.0,248.0,13.0,167.0
2025-02-13 11:16:43,G3,44.0,141.0,86.0,0.0,189.0,190.0,68.0,61.0
2025-02-13 11:16:43,G4,0.0,189.0,55.0,49.0,5.0,68.0,0.0,111.0
2025-02-13 11:16:43,G1,53.0,91.0,40.0,137.0,166.0,118.0,0.0,302.0
2025-02-13 11:16:43,G2,23.0,116.0,108.0,33.0,0.0,196.0,10.0,320.0
2025-02-13 11:16:43,G3,40.0,127.0,124.0,0.0,72.0,141.0,65.0,73.0
2025-02-13 11:16:44,G4,0.0,135.0,52.0,55.0,0.0,74.0,0.0,172.0
2025-02-13 11:16:44,G1,55.0,129.0,50.0,212.0,123.0,133.0,0.0,257.0
2025-02-13 11:16:44,G2,24.0,116.0,151.0,139.0,0.0,282.0,16.0,323.0
2025-02-13 11:16:44,G3,61.0,155.0,109.0,0.0,183.0,185.0,89.0,77.0
2025-02-13 11:16:44,G4,0.0,143.0,74.0,153.0,0.0,83.0,0.0,176.0
2025-02-13 11:16:44,G1,23.0,160.0,54.0,227.0,188.0,117.0,0.0,147.0
2025-02-13 11:16:44,G2,20.0,108.0,225.0,38.0,0.0,221.0,8.0,207.0
2025-02-13 11:16:45,G3,42.0,236.0,178.0,0.0,93.0,198.0,44.0,63.0
2025-02-13 11:16:45,G4,0.0,118.0,50.0,61.0,0.0,79.0,0.0,203.0
2025-02-13 11:16:45,G1,59.0,119.0,55.0,154.0,96.0,99.0,0.0,281.0
2025-02-13 11:16:45,G2,25.0,103.0,113.0,135.0,0.0,188.0,13.0,372.0
2025-02-13 11:16:45,G3,49.0,281.0,211.0,0.0,93.0,209.0,45.0,83.0
2025-02-13 11:16:45,G4,1.0,120.0,48.0,118.0,0.0,78.0,0.0,237.0
2025-02-13 11:16:47,G1,46.0,133.0,61.0,110.0,195.0,97.0,0.0,117.0
2025-02-13 11:16:47,G2,22.0,139.0,123.0,51.0,0.0,254.0,15.0,444.0
2025-02-13 11:16:47,G3,50.0,184.0,79.0,0.0,109.0,249.0,58.0,79.0
2025-02-13 11:16:47,G4,0.0,157.0,76.0,116.0,0.0,83.0,0.0,190.0
2025-02-13 11:16:47,G1,45.0,150.0,46.0,199.0,151.0,143.0,0.0,235.0
2025-02-13 11:16:47,G2,14.0,134.0,100.0,56.0,0.0,281.0,13.0,384.0
2025-02-13 11:16:48,G3,60.0,170.0,145.0,0.0,73.0,278.0,71.0,79.0
2025-02-13 11:16:48,G4,1.0,131.0,80.0,160.0,0.0,87.0,0.0,231.0
2025-02-13 11:16:48,G1,50.0,119.0,48.0,102.0,191.0,94.0,0.0,168.0
2025-02-13 11:16:48,G2,21.0,115.0,199.0,102.0,0.0,200.0,13.0,243.0
2025-02-13 11:16:48,G3,33.0,180.0,100.0,0.0,151.0,223.0,78.0,69.0
2025-02-13 11:16:48,G4,0.0,131.0,70.0,92.0,0.0,78.0,0.0,272.0
2025-02-13 11:16:48,G1,57.0,185.0,66.0,200.0,178.0,116.0,0.0,153.0
2025-02-13 11:16:49,G2,17.0,176.0,89.0,62.0,0.0,234.0,17.0,378.0
2025-02-13 11:16:49,G3,40.0,160.0,73.0,0.0,80.0,216.0,74.0,71.0
2025-02-13 11:16:49,G4,0.0,131.0,59.0,119.0,0.0,74.0,0.0,118.0
2025-02-13 11:16:49,G1,54.0,151.0,40.0,159.0,221.0,136.0,0.0,98.0
2025-02-13 11:16:49,G2,14.0,150.0,114.0,45.0,0.0,248.0,14.0,358.0
2025-02-13 11:16:49,G3,48.0,174.0,75.0,0.0,119.0,216.0,53.0,70.0
2025-02-13 11:16:49,G4,0.0,120.0,70.0,90.0,0.0,76.0,0.0,230.0
2025-02-13 11:16:51,G1,41.0,162.0,63.0,117.0,102.0,103.0,0.0,152.0
2025-02-13 11:16:51,G2,13.0,117.0,192.0,96.0,0.0,188.0,16.0,200.0
2025-02-13 11:16:51,G3,62.0,154.0,151.0,0.0,93.0,236.0,52.0,68.0
2025-02-13 11:16:51,G4,1.0,160.0,64.0,160.0,0.0,80.0,0.0,183.0
2025-02-13 11:16:51,G1,45.0,118.0,48.0,180.0,114.0,123.0,0.0,173.0
2025-02-13 11:16:51,G2,20.0,102.0,254.0,114.0,0.0,368.0,15.0,320.0
2025-02-13 11:16:52,G3,41.0,211.0,157.0,0.0,153.0,269.0,52.0,68.0
2025-02-13 11:16:52,G4,1.0,137.0,68.0,78.0,0.0,92.0,0.0,170.0
2025-02-13 11:16:52,G1,40.0,198.0,80.0,120.0,191.0,99.0,0.0,158.0
2025-02-13 11:16:52,G2,11.0,116.0,200.0,93.0,0.0,187.0,15.0,199.0
2025-02-13 11:16:52,G3,32.0,129.0,139.0,0.0,173.0,246.0,50.0,63.0
2025-02-13 11:16:52,G4,0.0,103.0,79.0,77.0,1.0,80.0,0.0,105.0
2025-02-13 11:16:53,G1,65.0,116.0,54.0,176.0,78.0,125.0,0.0,123.0
2025-02-13 11:16:53,G2,23.0,115.0,138.0,95.0,0.0,299.0,16.0,135.0
2025-02-13 11:16:53,G3,36.0,93.0,151.0,0.0,103.0,151.0,46.0,53.0
2025-02-13 11:16:53,G4,0.0,197.0,65.0,74.0,0.0,79.0,0.0,110.0
2025-02-13 11:16:53,G1,30.0,160.0,54.0,119.0,136.0,103.0,0.0,303.0
2025-02-13 11:16:53,G2,13.0,155.0,133.0,61.0,0.0,234.0,16.0,199.0
2025-02-13 11:16:53,G3,33.0,94.0,99.0,0.0,97.0,199.0,73.0,62.0
2025-02-13 11:16:53,G4,0.0,141.0,59.0,77.0,0.0,77.0,0.0,288.0
2025-02-13 11:16:54,G1,60.0,116.0,46.0,102.0,71.0,122.0,0.0,189.0
2025-02-13 11:16:54,G2,24.0,195.0,112.0,95.0,0.0,238.0,16.0,213.0
2025-02-13 11:16:54,G3,64.0,129.0,134.0,0.0,72.0,230.0,58.0,52.0
2025-02-13 11:16:54,G4,1.0,175.0,63.0,100.0,0.0,83.0,0.0,121.0
2025-02-13 11:17:23,G1,60.0,109.0,44.0,149.0,74.0,110.0,0.0,331.0
2025-02-13 11:17:23,G2,27.0,94.0,178.0,117.0,0.0,195.0,18.0,410.0
2025-02-13 11:17:23,G3,56.0,159.0,201.0,0.0,51.0,412.0,73.0,87.0
2025-02-13 11:17:23,G4,3.0,96.0,68.0,137.0,0.0,103.0,0.0,197.0
2025-02-13 11:17:23,G1,66.0,111.0,46.0,130.0,69.0,103.0,0.0,147.0
2025-02-13 11:17:23,G2,31.0,89.0,106.0,108.0,0.0,177.0,18.0,376.0
2025-02-13 11:17:24,G3,53.0,223.0,191.0,0.0,48.0,271.0,65.0,77.0
2025-02-13 11:17:24,G4,3.0,133.0,51.0,151.0,0.0,85.0,0.0,247.0
2025-02-13 11:17:24,G1,68.0,115.0,46.0,157.0,101.0,112.0,0.0,223.0
2025-02-13 11:17:24,G2,20.0,98.0,104.0,115.0,0.0,160.0,17.0,275.0
2025-02-13 11:17:24,G3,38.0,110.0,152.0,0.0,74.0,399.0,57.0,73.0
2025-02-13 11:17:24,G4,0.0,102.0,45.0,82.0,0.0,98.0,0.0,216.0
2025-02-13 11:17:24,G1,69.0,158.0,76.0,130.0,63.0,109.0,0.0,185.0
2025-02-13 11:17:25,G2,21.0,170.0,97.0,117.0,0.0,214.0,21.0,203.0
2025-02-13 11:17:25,G3,38.0,178.0,88.0,0.0,100.0,234.0,53.0,62.0
2025-02-13 11:17:25,G4,0.0,138.0,58.0,25.0,0.0,80.0,0.0,133.0
2025-02-13 11:17:25,G1,32.0,200.0,73.0,151.0,96.0,111.0,0.0,221.0
2025-02-13 11:17:25,G2,13.0,145.0,257.0,78.0,0.0,339.0,12.0,140.0
2025-02-13 11:17:25,G3,46.0,188.0,124.0,3.0,98.0,289.0,46.0,58.0
2025-02-13 11:17:25,G4,1.0,124.0,40.0,38.0,0.0,90.0,0.0,167.0
2025-02-13 11:17:26,G1,32.0,147.0,55.0,121.0,88.0,127.0,0.0,245.0
2025-02-13 11:17:26,G2,14.0,200.0,218.0,50.0,0.0,333.0,11.0,141.0
2025-02-13 11:17:26,G3,45.0,134.0,87.0,0.0,123.0,302.0,39.0,54.0
2025-02-13 11:17:26,G4,0.0,108.0,40.0,160.0,0.0,92.0,0.0,186.0
2025-02-13 11:17:27,G1,51.0,108.0,52.0,281.0,246.0,140.0,0.0,160.0
2025-02-13 11:17:27,G2,26.0,79.0,139.0,56.0,2.0,195.0,12.0,353.0
2025-02-13 11:17:27,G3,69.0,207.0,170.0,0.0,140.0,323.0,72.0,75.0
2025-02-13 11:17:27,G4,0.0,222.0,54.0,77.0,0.0,92.0,0.0,115.0
2025-02-13 11:17:28,G1,50.0,139.0,45.0,132.0,212.0,134.0,0.0,117.0
2025-02-13 11:17:28,G2,19.0,184.0,99.0,52.0,0.0,233.0,13.0,393.0
2025-02-13 11:17:28,G3,37.0,140.0,87.0,0.0,73.0,250.0,59.0,80.0
2025-02-13 11:17:28,G4,1.0,156.0,62.0,80.0,0.0,83.0,0.0,194.0
2025-02-13 11:17:28,G1,25.0,186.0,58.0,160.0,134.0,132.0,0.0,208.0
2025-02-13 11:17:28,G2,15.0,160.0,234.0,54.0,0.0,267.0,13.0,394.0
2025-02-13 11:17:28,G3,50.0,127.0,100.0,0.0,73.0,193.0,83.0,73.0
2025-02-13 11:17:29,G4,0.0,172.0,50.0,44.0,0.0,58.0,0.0,142.0
2025-02-13 11:17:29,G1,36.0,136.0,61.0,58.0,68.0,96.0,0.0,224.0
2025-02-13 11:17:29,G2,19.0,154.0,231.0,119.0,0.0,394.0,15.0,336.0
2025-02-13 11:17:29,G3,34.0,138.0,98.0,0.0,112.0,213.0,75.0,73.0
2025-02-13 11:17:29,G4,0.0,145.0,54.0,160.0,0.0,85.0,0.0,208.0
2025-02-13 11:17:29,G1,46.0,170.0,63.0,184.0,63.0,105.0,0.0,215.0
2025-02-13 11:17:30,G2,15.0,146.0,187.0,104.0,0.0,287.0,12.0,148.0
2025-02-13 11:17:30,G3,52.0,195.0,136.0,2.0,105.0,265.0,43.0,61.0
2025-02-13 11:17:30,G4,0.0,144.0,43.0,23.0,0.0,88.0,0.0,146.0
2025-02-13 11:17:30,G1,55.0,144.0,71.0,71.0,63.0,98.0,0.0,173.0
2025-02-13 11:17:30,G2,14.0,176.0,186.0,98.0,0.0,240.0,13.0,140.0
2025-02-13 11:17:30,G3,26.0,178.0,111.0,4.0,95.0,189.0,46.0,53.0
2025-02-13 11:17:30,G4,0.0,143.0,51.0,77.0,0.0,80.0,0.0,169.0
2025-02-13 11:17:31,G1,28.0,124.0,40.0,126.0,160.0,140.0,0.0,131.0
2025-02-13 11:17:31,G2,21.0,117.0,260.0,50.0,0.0,262.0,13.0,305.0
2025-02-13 11:17:31,G3,74.0,141.0,140.0,0.0,138.0,296.0,58.0,74.0
2025-02-13 11:17:31,G4,1.0,199.0,61.0,106.0,0.0,90.0,0.0,171.0
2025-02-13 11:17:31,G1,49.0,125.0,52.0,246.0,74.0,149.0,0.0,196.0
2025-02-13 11:17:31,G2,27.0,160.0,100.0,91.0,0.0,253.0,14.0,283.0
2025-02-13 11:17:31,G3,53.0,139.0,78.0,0.0,68.0,279.0,77.0,71.0
2025-02-13 11:17:32,G4,0.0,214.0,58.0,87.0,0.0,88.0,0.0,150.0
2025-02-13 11:17:33,G1,35.0,141.0,57.0,159.0,119.0,110.0,0.0,226.0
2025-02-13 11:17:33,G2,37.0,111.0,186.0,114.0,0.0,296.0,13.0,158.0
2025-02-13 11:17:33,G3,50.0,230.0,129.0,0.0,98.0,240.0,56.0,64.0
2025-02-13 11:17:33,G4,0.0,134.0,41.0,27.0,0.0,85.0,0.0,160.0
2025-02-13 11:17:33,G1,40.0,178.0,52.0,177.0,192.0,146.0,0.0,244.0
2025-02-13 11:17:33,G2,30.0,144.0,160.0,84.0,0.0,182.0,11.0,278.0
2025-02-13 11:17:34,G3,31.0,115.0,130.0,0.0,116.0,294.0,68.0,68.0
2025-02-13 11:17:34,G4,1.0,133.0,41.0,124.0,0.0,88.0,0.0,293.0
2025-02-13 11:17:34,G1,44.0,184.0,49.0,208.0,173.0,150.0,0.0,224.0
2025-02-13 11:17:34,G2,29.0,160.0,95.0,89.0,0.0,186.0,13.0,192.0
2025-02-13 11:17:34,G3,54.0,125.0,145.0,0.0,111.0,320.0,69.0,72.0
2025-02-13 11:17:34,G4,1.0,113.0,63.0,53.0,0.0,88.0,0.0,106.0
2025-02-13 11:17:35,G1,33.0,137.0,45.0,176.0,93.0,114.0,0.0,271.0
2025-02-13 11:17:35,G2,24.0,80.0,172.0,78.0,0.0,168.0,11.0,278.0
2025-02-13 11:17:35,G3,49.0,131.0,220.0,0.0,114.0,169.0,68.0,71.0
2025-02-13 11:17:35,G4,0.0,195.0,53.0,63.0,0.0,78.0,0.0,321.0
2025-02-13 11:17:35,G1,57.0,200.0,64.0,178.0,160.0,132.0,0.0,160.0
2025-02-13 11:17:35,G2,18.0,97.0,95.0,43.0,0.0,160.0,10.0,179.0
2025-02-13 11:17:35,G3,54.0,228.0,180.0,0.0,184.0,130.0,47.0,63.0
2025-02-13 11:17:36,G4,0.0,223.0,70.0,33.0,0.0,77.0,0.0,209.0
2025-02-13 11:17:37,G1,40.0,126.0,43.0,183.0,153.0,156.0,0.0,199.0
2025-02-13 11:17:37,G2,29.0,128.0,215.0,58.0,0.0,160.0,9.0,248.0
2025-02-13 11:17:37,G3,43.0,247.0,162.0,0.0,98.0,222.0,70.0,68.0
2025-02-13 11:17:37,G4,0.0,174.0,70.0,80.0,0.0,87.0,0.0,340.0
2025-02-13 11:17:37,G1,24.0,125.0,40.0,218.0,189.0,158.0,0.0,202.0
2025-02-13 11:17:38,G2,18.0,108.0,236.0,91.0,0.0,327.0,9.0,288.0
2025-02-13 11:17:38,G3,70.0,198.0,137.0,0.0,45.0,203.0,108.0,68.0
2025-02-13 11:17:38,G4,0.0,181.0,51.0,57.0,0.0,57.0,0.0,122.0
2025-02-13 11:17:38,G1,46.0,112.0,40.0,252.0,123.0,146.0,0.0,131.0
2025-02-13 11:17:38,G2,34.0,96.0,211.0,69.0,0.0,275.0,11.0,264.0
2025-02-13 11:17:38,G3,69.0,121.0,118.0,0.0,53.0,153.0,72.0,69.0
2025-02-13 11:17:38,G4,1.0,279.0,59.0,59.0,0.0,74.0,0.0,232.0
2025-02-13 11:17:39,G1,34.0,140.0,61.0,227.0,183.0,111.0,0.0,118.0
2025-02-13 11:17:39,G2,28.0,80.0,204.0,51.0,0.0,257.0,11.0,188.0
2025-02-13 11:17:39,G3,79.0,196.0,135.0,0.0,63.0,186.0,50.0,61.0
2025-02-13 11:17:39,G4,2.0,195.0,39.0,85.0,0.0,76.0,0.0,383.0
2025-02-13 11:17:39,G1,36.0,115.0,37.0,79.0,210.0,133.0,0.0,278.0
2025-02-13 11:17:39,G2,38.0,135.0,144.0,57.0,0.0,183.0,11.0,137.0
2025-02-13 11:17:40,G3,46.0,149.0,146.0,0.0,103.0,334.0,110.0,63.0
2025-02-13 11:17:40,G4,1.0,145.0,69.0,63.0,0.0,88.0,0.0,120.0
2025-02-13 11:17:41,G1,30.0,146.0,55.0,80.0,68.0,111.0,0.0,188.0
2025-02-13 11:17:41,G2,40.0,153.0,277.0,114.0,0.0,279.0,10.0,157.0
2025-02-13 11:17:41,G3,43.0,197.0,200.0,0.0,90.0,233.0,74.0,65.0
2025-02-13 11:17:41,G4,4.0,179.0,76.0,76.0,0.0,79.0,0.0,217.0
2025-02-13 11:17:42,G1,40.0,132.0,43.0,70.0,169.0,126.0,0.0,131.0
2025-02-13 11:17:42,G2,29.0,175.0,112.0,20.0,0.0,178.0,11.0,249.0
2025-02-13 11:17:42,G3,40.0,214.0,128.0,0.0,63.0,259.0,80.0,73.0
2025-02-13 11:17:42,G4,2.0,200.0,59.0,40.0,0.0,74.0,0.0,194.0
2025-02-13 11:17:42,G1,40.0,180.0,56.0,156.0,248.0,122.0,0.0,151.0
2025-02-13 11:17:42,G2,19.0,116.0,184.0,28.0,3.0,178.0,13.0,322.0
2025-02-13 11:17:42,G3,51.0,200.0,210.0,0.0,71.0,215.0,55.0,69.0
2025-02-13 11:17:43,G4,2.0,197.0,63.0,24.0,0.0,77.0,0.0,156.0
2025-02-13 11:17:43,G1,29.0,88.0,35.0,110.0,85.0,138.0,0.0,286.0
2025-02-13 11:17:43,G2,37.0,89.0,231.0,76.0,0.0,171.0,14.0,268.0
2025-02-13 11:17:43,G3,54.0,204.0,205.0,0.0,78.0,203.0,63.0,66.0
2025-02-13 11:17:43,G4,1.0,134.0,55.0,77.0,0.0,78.0,0.0,271.0
2025-02-13 11:17:43,G1,26.0,153.0,51.0,63.0,206.0,106.0,0.0,186.0
2025-02-13 11:17:44,G2,40.0,186.0,115.0,48.0,0.0,226.0,8.0,237.0
2025-02-13 11:17:44,G3,40.0,241.0,149.0,0.0,55.0,196.0,73.0,73.0
2025-02-13 11:17:44,G4,0.0,116.0,53.0,52.0,0.0,84.0,0.0,284.0
2025-02-13 11:17:44,G1,27.0,113.0,36.0,139.0,136.0,143.0,0.0,224.0
2025-02-13 11:17:44,G2,39.0,119.0,269.0,45.0,0.0,334.0,11.0,173.0
2025-02-13 11:17:44,G3,52.0,141.0,113.0,0.0,77.0,358.0,63.0,74.0
2025-02-13 11:17:44,G4,0.0,188.0,63.0,72.0,0.0,101.0,0.0,236.0
2025-02-13 11:17:46,G1,46.0,160.0,49.0,66.0,98.0,103.0,0.0,221.0
2025-02-13 11:17:46,G2,37.0,118.0,180.0,59.0,0.0,154.0,14.0,213.0
2025-02-13 11:17:46,G3,58.0,135.0,128.0,0.0,107.0,202.0,74.0,69.0
2025-02-13 11:17:46,G4,0.0,207.0,54.0,48.0,0.0,83.0,0.0,216.0
2025-02-13 11:17:46,G1,29.0,87.0,47.0,75.0,160.0,125.0,0.0,279.0
2025-02-13 11:17:46,G2,29.0,118.0,160.0,90.0,0.0,160.0,11.0,233.0
2025-02-13 11:17:47,G3,47.0,176.0,145.0,0.0,79.0,183.0,68.0,73.0
2025-02-13 11:17:47,G4,0.0,225.0,69.0,74.0,0.0,80.0,0.0,242.0
2025-02-13 11:17:47,G1,39.0,92.0,40.0,93.0,58.0,143.0,0.0,273.0
2025-02-13 11:17:47,G2,40.0,92.0,140.0,103.0,0.0,263.0,13.0,339.0
2025-02-13 11:17:47,G3,79.0,204.0,124.0,0.0,93.0,185.0,58.0,63.0
2025-02-13 11:17:47,G4,3.0,123.0,44.0,26.0,0.0,78.0,0.0,154.0
2025-02-13 11:17:48,G1,36.0,80.0,39.0,156.0,52.0,145.0,0.0,293.0
2025-02-13 11:17:48,G2,37.0,92.0,102.0,110.0,0.0,249.0,13.0,245.0
2025-02-13 11:17:48,G3,40.0,207.0,179.0,0.0,103.0,294.0,103.0,69.0
2025-02-13 11:17:48,G4,0.0,219.0,74.0,79.0,0.0,88.0,0.0,250.0
2025-02-13 11:17:48,G1,37.0,142.0,45.0,68.0,95.0,117.0,0.0,153.0
2025-02-13 11:17:48,G2,25.0,158.0,283.0,56.0,0.0,272.0,13.0,255.0
2025-02-13 11:17:48,G3,66.0,219.0,129.0,0.0,71.0,206.0,58.0,75.0
2025-02-13 11:17:49,G4,3.0,177.0,52.0,59.0,0.0,83.0,0.0,335.0
2025-02-13 11:17:49,G1,26.0,128.0,50.0,176.0,185.0,128.0,0.0,116.0
2025-02-13 11:17:49,G2,26.0,126.0,119.0,75.0,0.0,168.0,10.0,160.0
2025-02-13 11:17:49,G3,44.0,105.0,207.0,0.0,70.0,147.0,78.0,60.0
2025-02-13 11:17:49,G4,0.0,195.0,56.0,44.0,0.0,79.0,0.0,374.0
2025-02-13 11:17:51,G1,31.0,134.0,47.0,160.0,79.0,113.0,0.0,145.0
2025-02-13 11:17:51,G2,31.0,129.0,256.0,56.0,0.0,278.0,10.0,216.0
2025-02-13 11:17:51,G3,64.0,303.0,151.0,0.0,48.0,290.0,111.0,79.0
2025-02-13 11:17:51,G4,1.0,172.0,55.0,78.0,0.0,91.0,1.0,308.0
2025-02-13 11:17:51,G1,33.0,104.0,36.0,160.0,97.0,160.0,0.0,176.0
2025-02-13 11:17:51,G2,31.0,129.0,258.0,58.0,0.0,256.0,13.0,302.0
2025-02-13 11:17:52,G3,65.0,210.0,100.0,0.0,55.0,188.0,60.0,64.0
2025-02-13 11:17:52,G4,0.0,183.0,44.0,97.0,0.0,81.0,0.0,331.0
2025-02-13 11:17:52,G1,35.0,190.0,44.0,142.0,96.0,108.0,0.0,175.0
2025-02-13 11:17:52,G2,30.0,108.0,93.0,58.0,0.0,179.0,11.0,167.0
2025-02-13 11:17:52,G3,97.0,198.0,118.0,0.0,93.0,249.0,111.0,69.0
2025-02-13 11:17:52,G4,5.0,133.0,52.0,10.0,0.0,63.0,1.0,160.0
2025-02-13 11:17:52,G1,23.0,99.0,37.0,205.0,123.0,173.0,0.0,265.0
2025-02-13 11:17:53,G2,44.0,116.0,275.0,65.0,0.0,276.0,13.0,291.0
2025-02-13 11:17:53,G3,48.0,138.0,225.0,0.0,54.0,253.0,62.0,76.0
2025-02-13 11:17:53,G4,2.0,185.0,61.0,40.0,0.0,84.0,0.0,160.0
2025-02-13 11:17:53,G1,44.0,97.0,34.0,121.0,100.0,126.0,0.0,212.0
2025-02-13 11:17:53,G2,51.0,80.0,115.0,40.0,0.0,210.0,11.0,223.0
2025-02-13 11:17:53,G3,40.0,211.0,197.0,0.0,64.0,236.0,63.0,70.0
2025-02-13 11:17:53,G4,0.0,112.0,56.0,34.0,0.0,83.0,0.0,203.0
2025-02-13 11:17:55,G1,25.0,148.0,37.0,179.0,103.0,137.0,0.0,171.0
2025-02-13 11:17:55,G2,38.0,114.0,135.0,86.0,0.0,282.0,10.0,208.0
2025-02-13 11:17:55,G3,57.0,253.0,191.0,0.0,43.0,193.0,90.0,69.0
2025-02-13 11:17:55,G4,0.0,138.0,66.0,40.0,0.0,83.0,0.0,288.0
2025-02-13 11:17:56,G1,33.0,96.0,36.0,55.0,198.0,120.0,0.0,129.0
2025-02-13 11:17:56,G2,53.0,135.0,135.0,46.0,0.0,186.0,11.0,196.0
2025-02-13 11:17:56,G3,69.0,180.0,128.0,0.0,69.0,234.0,72.0,66.0
2025-02-13 11:17:56,G4,1.0,132.0,56.0,32.0,0.0,83.0,0.0,198.0
2025-02-13 11:17:56,G1,28.0,108.0,31.0,130.0,160.0,134.0,0.0,306.0
2025-02-13 11:17:56,G2,35.0,117.0,238.0,45.0,0.0,321.0,10.0,184.0
2025-02-13 11:17:56,G3,66.0,191.0,117.0,0.0,53.0,248.0,102.0,64.0
2025-02-13 11:17:57,G4,0.0,228.0,60.0,40.0,0.0,88.0,0.0,236.0
2025-02-13 11:17:57,G1,36.0,154.0,39.0,66.0,152.0,111.0,0.0,298.0
2025-02-13 11:17:57,G2,34.0,139.0,266.0,49.0,0.0,250.0,12.0,269.0
2025-02-13 11:17:57,G3,74.0,213.0,186.0,0.0,55.0,218.0,92.0,71.0
2025-02-13 11:17:57,G4,0.0,199.0,65.0,25.0,0.0,84.0,0.0,215.0
2025-02-13 11:17:57,G1,25.0,99.0,37.0,160.0,109.0,160.0,0.0,218.0
2025-02-13 11:17:57,G2,48.0,119.0,297.0,64.0,0.0,265.0,13.0,207.0
2025-02-13 11:17:58,G3,40.0,176.0,183.0,0.0,56.0,296.0,119.0,64.0
2025-02-13 11:17:58,G4,0.0,146.0,68.0,25.0,0.0,89.0,1.0,124.0
2025-02-13 11:17:58,G1,19.0,127.0,33.0,162.0,211.0,141.0,0.0,276.0
2025-02-13 11:17:58,G2,33.0,106.0,200.0,80.0,0.0,195.0,13.0,325.0
2025-02-13 11:17:58,G3,61.0,135.0,233.0,0.0,49.0,366.0,94.0,78.0
2025-02-13 11:17:58,G4,1.0,159.0,70.0,27.0,0.0,96.0,0.0,223.0
2025-02-13 11:17:59,G1,24.0,155.0,39.0,212.0,137.0,125.0,0.0,168.0
2025-02-13 11:18:00,G2,49.0,91.0,173.0,46.0,0.0,202.0,9.0,278.0
2025-02-13 11:18:00,G3,49.0,185.0,227.0,0.0,89.0,248.0,123.0,65.0
2025-02-13 11:18:00,G4,0.0,183.0,60.0,18.0,0.0,86.0,1.0,165.0
2025-02-13 11:18:00,G1,34.0,115.0,46.0,95.0,194.0,97.0,0.0,112.0
2025-02-13 11:18:00,G2,53.0,116.0,160.0,81.0,0.0,190.0,13.0,269.0
2025-02-13 11:18:00,G3,93.0,226.0,134.0,0.0,73.0,231.0,115.0,70.0
2025-02-13 11:18:00,G4,3.0,112.0,50.0,49.0,0.0,80.0,1.0,169.0
2025-02-13 11:18:01,G1,37.0,112.0,36.0,187.0,133.0,132.0,0.0,156.0
2025-02-13 11:18:01,G2,35.0,97.0,104.0,70.0,0.0,213.0,11.0,135.0
2025-02-13 11:18:01,G3,78.0,238.0,195.0,0.0,80.0,155.0,128.0,63.0
2025-02-13 11:18:01,G4,2.0,186.0,69.0,33.0,0.0,76.0,2.0,336.0
2025-02-13 11:18:01,G1,24.0,148.0,40.0,105.0,57.0,146.0,0.0,160.0
2025-02-13 11:18:01,G2,40.0,143.0,157.0,48.0,0.0,248.0,11.0,320.0
2025-02-13 11:18:01,G3,38.0,136.0,200.0,0.0,61.0,140.0,80.0,72.0
2025-02-13 11:18:02,G4,0.0,274.0,69.0,33.0,0.0,73.0,0.0,276.0
2025-02-13 11:18:02,G1,34.0,93.0,32.0,80.0,103.0,138.0,0.0,173.0
2025-02-13 11:18:02,G2,47.0,123.0,143.0,69.0,0.0,199.0,15.0,160.0
2025-02-13 11:18:02,G3,69.0,226.0,139.0,0.0,97.0,273.0,111.0,60.0
2025-02-13 11:18:02,G4,0.0,193.0,59.0,14.0,0.0,83.0,1.0,116.0
2025-02-13 11:18:02,G1,33.0,189.0,36.0,264.0,114.0,128.0,0.0,186.0
2025-02-13 11:18:02,G2,23.0,91.0,243.0,121.0,0.0,186.0,13.0,200.0
2025-02-13 11:18:03,G3,57.0,118.0,179.0,0.0,121.0,264.0,110.0,73.0
2025-02-13 11:18:03,G4,0.0,125.0,43.0,70.0,0.0,88.0,1.0,323.0
2025-02-13 11:18:04,G1,35.0,122.0,32.0,105.0,109.0,138.0,0.0,143.0
2025-02-13 11:18:04,G2,50.0,105.0,121.0,68.0,0.0,160.0,12.0,272.0
2025-02-13 11:18:04,G3,90.0,147.0,135.0,0.0,36.0,294.0,98.0,74.0
2025-02-13 11:18:04,G4,2.0,124.0,44.0,28.0,0.0,86.0,0.0,222.0
2025-02-13 11:18:05,G1,32.0,102.0,34.0,59.0,67.0,117.0,0.0,143.0
2025-02-13 11:18:05,G2,69.0,147.0,247.0,54.0,0.0,213.0,12.0,257.0
2025-02-13 11:18:05,G3,71.0,230.0,186.0,0.0,48.0,215.0,104.0,73.0
2025-02-13 11:18:05,G4,1.0,160.0,56.0,39.0,0.0,77.0,0.0,193.0
2025-02-13 11:18:05,G1,24.0,116.0,39.0,148.0,65.0,132.0,0.0,135.0
2025-02-13 11:18:05,G2,35.0,175.0,119.0,109.0,0.0,198.0,13.0,210.0
2025-02-13 11:18:05,G3,89.0,130.0,123.0,0.0,53.0,230.0,143.0,71.0
2025-02-13 11:18:06,G4,3.0,111.0,65.0,50.0,0.0,78.0,3.0,150.0
2025-02-13 11:18:06,G1,17.0,147.0,50.0,156.0,117.0,109.0,0.0,152.0
2025-02-13 11:18:06,G2,38.0,149.0,272.0,80.0,0.0,226.0,12.0,168.0
2025-02-13 11:18:06,G3,70.0,160.0,117.0,0.0,111.0,172.0,122.0,66.0
2025-02-13 11:18:06,G4,1.0,229.0,65.0,46.0,0.0,74.0,1.0,253.0
2025-02-13 11:18:06,G1,30.0,97.0,47.0,75.0,79.0,103.0,0.0,213.0
2025-02-13 11:18:07,G2,63.0,118.0,108.0,34.0,0.0,179.0,8.0,205.0
2025-02-13 11:18:07,G3,80.0,160.0,144.0,0.0,31.0,253.0,90.0,78.0
2025-02-13 11:18:07,G4,0.0,120.0,44.0,25.0,0.0,63.0,0.0,188.0
2025-02-13 11:18:07,G1,19.0,143.0,36.0,92.0,111.0,133.0,0.0,257.0
2025-02-13 11:18:07,G2,51.0,107.0,82.0,68.0,0.0,245.0,9.0,243.0
2025-02-13 11:18:07,G3,97.0,115.0,126.0,0.0,33.0,301.0,112.0,75.0
2025-02-13 11:18:07,G4,3.0,107.0,39.0,10.0,0.0,79.0,1.0,153.0
2025-02-13 11:18:09,G1,25.0,174.0,48.0,142.0,106.0,132.0,0.0,126.0
2025-02-13 11:18:09,G2,40.0,104.0,207.0,65.0,0.0,187.0,10.0,269.0
2025-02-13 11:18:09,G3,111.0,119.0,147.0,0.0,36.0,156.0,85.0,76.0
2025-02-13 11:18:09,G4,2.0,174.0,33.0,40.0,0.0,74.0,0.0,191.0
2025-02-13 11:18:09,G1,12.0,128.0,49.0,159.0,148.0,108.0,0.0,122.0
2025-02-13 11:18:10,G2,40.0,88.0,177.0,95.0,0.0,223.0,8.0,133.0
2025-02-13 11:18:10,G3,48.0,241.0,224.0,0.0,39.0,393.0,111.0,61.0
2025-02-13 11:18:10,G4,0.0,160.0,51.0,60.0,0.0,94.0,1.0,136.0
2025-02-13 11:18:10,G1,12.0,147.0,39.0,221.0,103.0,132.0,0.0,235.0
2025-02-13 11:18:10,G2,53.0,80.0,233.0,114.0,0.0,209.0,11.0,137.0
2025-02-13 11:18:10,G3,100.0,130.0,160.0,0.0,57.0,214.0,143.0,66.0
2025-02-13 11:18:10,G4,1.0,142.0,44.0,38.0,0.0,65.0,3.0,138.0
2025-02-13 11:18:11,G1,32.0,190.0,38.0,88.0,96.0,153.0,0.0,138.0
2025-02-13 11:18:11,G2,40.0,79.0,111.0,99.0,0.0,181.0,11.0,303.0
2025-02-13 11:18:11,G3,58.0,214.0,257.0,0.0,33.0,151.0,80.0,80.0
2025-02-13 11:18:11,G4,0.0,138.0,40.0,24.0,0.0,77.0,0.0,270.0
2025-02-13 11:18:11,G1,23.0,214.0,55.0,225.0,71.0,108.0,0.0,125.0
2025-02-13 11:18:11,G2,33.0,87.0,229.0,40.0,0.0,171.0,11.0,206.0
2025-02-13 11:18:11,G3,78.0,216.0,200.0,0.0,58.0,283.0,79.0,60.0
2025-02-13 11:18:12,G4,1.0,260.0,49.0,14.0,0.0,63.0,0.0,115.0
2025-02-13 11:18:12,G1,11.0,112.0,35.0,105.0,158.0,147.0,0.0,106.0
2025-02-13 11:18:12,G2,58.0,98.0,205.0,108.0,0.0,256.0,8.0,244.0
2025-02-13 11:18:12,G3,100.0,218.0,101.0,0.0,34.0,211.0,119.0,76.0
2025-02-13 11:18:12,G4,1.0,157.0,37.0,20.0,0.0,77.0,1.0,264.0
2025-02-13 11:18:12,G1,16.0,204.0,50.0,69.0,99.0,99.0,0.0,306.0
2025-02-13 11:18:13,G2,30.0,159.0,94.0,78.0,0.0,206.0,8.0,221.0
2025-02-13 11:18:13,G3,57.0,160.0,269.0,0.0,75.0,263.0,134.0,73.0
2025-02-13 11:18:13,G4,0.0,105.0,49.0,40.0,0.0,85.0,2.0,253.0
2025-02-13 11:18:14,G1,26.0,190.0,39.0,193.0,158.0,119.0,0.0,137.0
2025-02-13 11:18:14,G2,53.0,98.0,156.0,108.0,0.0,156.0,10.0,263.0
2025-02-13 11:18:14,G3,67.0,224.0,214.0,0.0,73.0,298.0,153.0,84.0
2025-02-13 11:18:15,G4,1.0,160.0,40.0,17.0,0.0,86.0,3.0,207.0
2025-02-13 11:18:15,G1,16.0,138.0,44.0,132.0,88.0,116.0,0.0,250.0
2025-02-13 11:18:15,G2,47.0,97.0,100.0,64.0,0.0,242.0,7.0,192.0
2025-02-13 11:18:15,G3,80.0,128.0,107.0,0.0,63.0,230.0,125.0,71.0
2025-02-13 11:18:15,G4,1.0,146.0,36.0,29.0,0.0,77.0,1.0,203.0
2025-02-13 11:18:15,G1,16.0,99.0,39.0,160.0,51.0,103.0,0.0,243.0
2025-02-13 11:18:16,G2,66.0,157.0,193.0,35.0,0.0,277.0,7.0,217.0
2025-02-13 11:18:16,G3,75.0,173.0,217.0,0.0,35.0,148.0,80.0,70.0
2025-02-13 11:18:16,G4,0.0,200.0,36.0,34.0,0.0,73.0,0.0,335.0
2025-02-13 11:18:16,G1,11.0,123.0,36.0,288.0,88.0,123.0,0.0,140.0
2025-02-13 11:18:16,G2,62.0,93.0,193.0,80.0,0.0,214.0,8.0,143.0
2025-02-13 11:18:16,G3,114.0,121.0,160.0,0.0,74.0,200.0,106.0,60.0
2025-02-13 11:18:16,G4,5.0,234.0,45.0,60.0,0.0,75.0,0.0,275.0
2025-02-13 11:18:17,G1,16.0,192.0,39.0,90.0,144.0,148.0,0.0,195.0
2025-02-13 11:18:17,G2,44.0,135.0,194.0,60.0,0.0,186.0,8.0,186.0
2025-02-13 11:18:17,G3,103.0,122.0,158.0,0.0,63.0,160.0,170.0,73.0
2025-02-13 11:18:17,G4,3.0,155.0,56.0,25.0,0.0,76.0,5.0,330.0
2025-02-13 11:18:17,G1,18.0,90.0,35.0,80.0,63.0,98.0,0.0,166.0
2025-02-13 11:18:17,G2,59.0,157.0,210.0,61.0,0.0,257.0,8.0,227.0
2025-02-13 11:18:18,G3,88.0,184.0,124.0,0.0,18.0,233.0,68.0,73.0
2025-02-13 11:18:18,G4,0.0,123.0,43.0,54.0,0.0,80.0,0.0,246.0
2025-02-13 11:18:19,G1,17.0,131.0,39.0,180.0,84.0,140.0,0.0,194.0
2025-02-13 11:18:19,G2,40.0,150.0,160.0,79.0,0.0,188.0,8.0,214.0
2025-02-13 11:18:19,G3,61.0,152.0,216.0,0.0,45.0,289.0,120.0,71.0
2025-02-13 11:18:19,G4,0.0,233.0,52.0,21.0,0.0,86.0,1.0,140.0
2025-02-13 11:18:19,G1,19.0,218.0,45.0,260.0,109.0,111.0,0.0,259.0
2025-02-13 11:18:20,G2,27.0,93.0,170.0,54.0,0.0,181.0,8.0,193.0
2025-02-13 11:18:20,G3,55.0,195.0,262.0,0.0,31.0,256.0,144.0,64.0
2025-02-13 11:18:20,G4,0.0,173.0,53.0,15.0,0.0,61.0,3.0,191.0
2025-02-13 11:18:20,G1,21.0,95.0,32.0,104.0,92.0,128.0,0.0,114.0
2025-02-13 11:18:20,G2,64.0,89.0,137.0,56.0,0.0,222.0,8.0,133.0
2025-02-13 11:18:20,G3,77.0,154.0,268.0,0.0,44.0,156.0,124.0,63.0
2025-02-13 11:18:20,G4,3.0,204.0,57.0,15.0,0.0,78.0,1.0,400.0
2025-02-13 11:18:21,G1,13.0,145.0,41.0,176.0,48.0,134.0,0.0,255.0
2025-02-13 11:18:21,G2,47.0,116.0,110.0,75.0,0.0,187.0,8.0,190.0
2025-02-13 11:18:21,G3,108.0,125.0,134.0,0.0,55.0,241.0,148.0,76.0
2025-02-13 11:18:21,G4,3.0,116.0,55.0,7.0,0.0,79.0,3.0,142.0
2025-02-13 11:18:21,G1,18.0,109.0,44.0,197.0,71.0,119.0,0.0,175.0
2025-02-13 11:18:21,G2,63.0,160.0,129.0,48.0,0.0,259.0,8.0,194.0
2025-02-13 11:18:21,G3,89.0,148.0,235.0,0.0,64.0,269.0,78.0,74.0
2025-02-13 11:18:22,G4,2.0,164.0,37.0,32.0,0.0,61.0,0.0,324.0
2025-02-13 11:18:22,G1,16.0,136.0,47.0,157.0,128.0,103.0,0.0,123.0
2025-02-13 11:18:22,G2,39.0,158.0,160.0,56.0,0.0,250.0,8.0,179.0
2025-02-13 11:18:22,G3,71.0,154.0,129.0,0.0,31.0,195.0,80.0,66.0
2025-02-13 11:18:22,G4,1.0,147.0,40.0,23.0,0.0,80.0,0.0,156.0
2025-02-13 11:18:24,G1,17.0,129.0,38.0,107.0,77.0,169.0,0.0,158.0
2025-02-13 11:18:24,G2,40.0,109.0,173.0,61.0,0.0,255.0,8.0,183.0
2025-02-13 11:18:24,G3,104.0,104.0,106.0,0.0,14.0,188.0,191.0,75.0
2025-02-13 11:18:24,G4,3.0,160.0,34.0,24.0,0.0,78.0,6.0,213.0
2025-02-13 11:18:24,G1,12.0,178.0,45.0,185.0,63.0,142.0,0.0,183.0
2025-02-13 11:18:24,G2,48.0,127.0,177.0,38.0,0.0,235.0,10.0,231.0
2025-02-13 11:18:24,G3,97.0,158.0,208.0,0.0,36.0,280.0,104.0,73.0
2025-02-13 11:18:25,G4,3.0,208.0,51.0,38.0,0.0,86.0,0.0,330.0
2025-02-13 11:18:25,G1,16.0,176.0,39.0,172.0,88.0,138.0,0.0,160.0
2025-02-13 11:18:25,G2,40.0,148.0,120.0,78.0,0.0,213.0,8.0,208.0
2025-02-13 11:18:25,G3,101.0,129.0,142.0,0.0,26.0,336.0,108.0,71.0
2025-02-13 11:18:25,G4,3.0,175.0,30.0,33.0,0.0,91.0,1.0,354.0
2025-02-13 11:18:25,G1,15.0,202.0,49.0,173.0,95.0,115.0,0.0,106.0
2025-02-13 11:18:26,G2,36.0,100.0,158.0,34.0,0.0,251.0,8.0,218.0
2025-02-13 11:18:26,G3,98.0,160.0,156.0,0.0,17.0,327.0,86.0,80.0
2025-02-13 11:18:26,G4,2.0,110.0,36.0,11.0,0.0,89.0,0.0,349.0
2025-02-13 11:18:26,G1,14.0,195.0,40.0,56.0,68.0,124.0,0.0,146.0
2025-02-13 11:18:26,G2,30.0,163.0,205.0,53.0,0.0,285.0,9.0,148.0
2025-02-13 11:18:26,G3,78.0,105.0,128.0,0.0,28.0,160.0,139.0,65.0
2025-02-13 11:18:26,G4,2.0,175.0,49.0,19.0,0.0,83.0,3.0,110.0
2025-02-13 11:18:27,G1,16.0,152.0,43.0,259.0,68.0,128.0,0.0,216.0
2025-02-13 11:18:27,G2,50.0,137.0,100.0,66.0,0.0,174.0,7.0,253.0
2025-02-13 11:18:27,G3,92.0,133.0,108.0,0.0,21.0,257.0,84.0,78.0
2025-02-13 11:18:27,G4,3.0,169.0,40.0,19.0,0.0,84.0,0.0,279.0
2025-02-13 11:18:28,G1,7.0,160.0,34.0,103.0,61.0,141.0,0.0,157.0
2025-02-13 11:18:28,G2,43.0,203.0,164.0,65.0,0.0,261.0,10.0,153.0
2025-02-13 11:18:28,G3,68.0,179.0,236.0,0.0,35.0,357.0,191.0,78.0
2025-02-13 11:18:29,G4,0.0,119.0,39.0,7.0,0.0,95.0,6.0,133.0
2025-02-13 11:18:29,G1,11.0,129.0,39.0,170.0,78.0,132.0,0.0,120.0
2025-02-13 11:18:29,G2,60.0,121.0,144.0,53.0,0.0,216.0,8.0,188.0
2025-02-13 11:18:29,G3,76.0,181.0,271.0,0.0,13.0,368.0,145.0,70.0
2025-02-13 11:18:29,G4,0.0,206.0,63.0,20.0,0.0,96.0,3.0,117.0
2025-02-13 11:18:29,G1,18.0,192.0,34.0,91.0,86.0,150.0,0.0,166.0
2025-02-13 11:18:29,G2,39.0,91.0,109.0,25.0,0.0,167.0,10.0,126.0
2025-02-13 11:18:30,G3,126.0,131.0,180.0,0.0,34.0,402.0,113.0,65.0
2025-02-13 11:18:30,G4,4.0,210.0,54.0,10.0,0.0,99.0,1.0,131.0
2025-02-13 11:18:30,G1,10.0,123.0,48.0,138.0,57.0,112.0,0.0,212.0
2025-02-13 11:18:30,G2,70.0,183.0,142.0,48.0,0.0,268.0,11.0,181.0
2025-02-13 11:18:30,G3,49.0,204.0,259.0,0.0,28.0,188.0,90.0,67.0
2025-02-13 11:18:30,G4,0.0,143.0,45.0,7.0,0.0,61.0,0.0,238.0
2025-02-13 11:18:30,G1,18.0,185.0,40.0,160.0,97.0,137.0,0.0,226.0
2025-02-13 11:18:31,G2,40.0,86.0,170.0,100.0,0.0,175.0,11.0,160.0
2025-02-13 11:18:31,G3,91.0,114.0,98.0,0.0,18.0,170.0,152.0,75.0
2025-02-13 11:18:31,G4,2.0,156.0,40.0,9.0,0.0,77.0,3.0,264.0
2025-02-13 11:18:31,G1,11.0,134.0,39.0,226.0,65.0,158.0,0.0,218.0
2025-02-13 11:18:31,G2,70.0,130.0,154.0,37.0,0.0,214.0,8.0,128.0
2025-02-13 11:18:31,G3,113.0,160.0,139.0,0.0,29.0,178.0,96.0,73.0
2025-02-13 11:18:31,G4,3.0,180.0,40.0,21.0,0.0,78.0,0.0,355.0
2025-02-13 11:18:33,G1,5.0,111.0,45.0,216.0,53.0,113.0,0.0,113.0
2025-02-13 11:18:33,G2,62.0,80.0,121.0,67.0,0.0,265.0,8.0,210.0
2025-02-13 11:18:33,G3,87.0,133.0,183.0,0.0,15.0,223.0,173.0,76.0
2025-02-13 11:18:33,G4,2.0,138.0,44.0,0.0,0.0,79.0,5.0,138.0
2025-02-13 11:18:33,G1,6.0,183.0,34.0,115.0,83.0,157.0,0.0,159.0
2025-02-13 11:18:34,G2,58.0,97.0,135.0,26.0,0.0,223.0,8.0,301.0
2025-02-13 11:18:34,G3,92.0,151.0,249.0,0.0,23.0,414.0,193.0,77.0
2025-02-13 11:18:34,G4,1.0,179.0,47.0,19.0,0.0,106.0,6.0,273.0
2025-02-13 11:18:34,G1,5.0,253.0,40.0,220.0,63.0,113.0,0.0,137.0
2025-02-13 11:18:34,G2,38.0,131.0,106.0,71.0,0.0,250.0,8.0,155.0
2025-02-13 11:18:34,G3,96.0,160.0,158.0,0.0,28.0,253.0,232.0,77.0
2025-02-13 11:18:34,G4,3.0,157.0,32.0,7.0,0.0,85.0,10.0,193.0
2025-02-13 11:18:35,G1,7.0,163.0,39.0,235.0,67.0,118.0,0.0,222.0
2025-02-13 11:18:35,G2,54.0,129.0,156.0,54.0,0.0,265.0,8.0,198.0
2025-02-13 11:18:35,G3,90.0,143.0,220.0,0.0,22.0,203.0,212.0,69.0
2025-02-13 11:18:35,G4,2.0,188.0,53.0,11.0,0.0,76.0,8.0,154.0
2025-02-13 11:18:35,G1,9.0,138.0,40.0,129.0,55.0,109.0,0.0,245.0
2025-02-13 11:18:35,G2,69.0,112.0,99.0,25.0,0.0,172.0,9.0,188.0
2025-02-13 11:18:35,G3,99.0,130.0,271.0,0.0,13.0,279.0,113.0,68.0
2025-02-13 11:18:36,G4,2.0,152.0,39.0,6.0,0.0,88.0,1.0,252.0
2025-02-13 11:18:36,G1,9.0,135.0,40.0,103.0,68.0,138.0,0.0,160.0
2025-02-13 11:18:36,G2,57.0,153.0,90.0,53.0,0.0,202.0,8.0,156.0
2025-02-13 11:18:36,G3,114.0,149.0,238.0,0.0,9.0,226.0,193.0,73.0
2025-02-13 11:18:36,G4,2.0,162.0,52.0,11.0,0.0,79.0,6.0,332.0
2025-02-13 11:18:37,G1,5.0,109.0,30.0,100.0,79.0,132.0,0.0,188.0
2025-02-13 11:18:38,G2,72.0,94.0,80.0,62.0,0.0,206.0,8.0,189.0
2025-02-13 11:18:38,G3,90.0,157.0,309.0,0.0,13.0,223.0,218.0,68.0
2025-02-13 11:18:38,G4,1.0,160.0,48.0,30.0,0.0,80.0,8.0,259.0
2025-02-13 11:18:38,G1,4.0,158.0,38.0,236.0,75.0,93.0,0.0,173.0
2025-02-13 11:18:38,G2,58.0,101.0,96.0,69.0,0.0,185.0,8.0,190.0
2025-02-13 11:18:38,G3,97.0,146.0,219.0,0.0,16.0,160.0,106.0,75.0
2025-02-13 11:18:38,G4,0.0,178.0,44.0,20.0,0.0,85.0,0.0,126.0
2025-02-13 11:18:39,G1,3.0,134.0,28.0,90.0,59.0,119.0,0.0,100.0
2025-02-13 11:18:39,G2,78.0,179.0,110.0,32.0,0.0,176.0,8.0,136.0
2025-02-13 11:18:39,G3,131.0,148.0,142.0,0.0,13.0,183.0,96.0,76.0
2025-02-13 11:18:39,G4,4.0,159.0,31.0,7.0,0.0,79.0,0.0,133.0
2025-02-13 11:18:39,G1,3.0,107.0,33.0,160.0,46.0,115.0,0.0,206.0
2025-02-13 11:18:39,G2,87.0,123.0,87.0,53.0,0.0,272.0,8.0,221.0
2025-02-13 11:18:39,G3,126.0,178.0,126.0,0.0,21.0,276.0,196.0,76.0
2025-02-13 11:18:39,G4,2.0,195.0,33.0,5.0,0.0,83.0,7.0,153.0
2025-02-13 11:18:40,G1,10.0,220.0,33.0,120.0,53.0,115.0,0.0,147.0
2025-02-13 11:18:40,G2,69.0,105.0,92.0,32.0,0.0,190.0,7.0,216.0
2025-02-13 11:18:40,G3,143.0,172.0,117.0,0.0,10.0,206.0,182.0,73.0
2025-02-13 11:18:40,G4,5.0,179.0,32.0,14.0,0.0,76.0,6.0,208.0
2025-02-13 11:18:40,G1,14.0,107.0,30.0,139.0,78.0,123.0,0.0,233.0
2025-02-13 11:18:40,G2,48.0,140.0,171.0,54.0,0.0,278.0,10.0,165.0
2025-02-13 11:18:41,G3,80.0,145.0,119.0,0.0,18.0,198.0,108.0,66.0
2025-02-13 11:18:41,G4,0.0,200.0,33.0,24.0,0.0,76.0,0.0,179.0
2025-02-13 11:18:41,G1,8.0,160.0,31.0,114.0,76.0,125.0,0.0,91.0
2025-02-13 11:18:41,G2,64.0,80.0,101.0,50.0,0.0,153.0,10.0,101.0
2025-02-13 11:18:41,G3,58.0,125.0,224.0,0.0,23.0,243.0,151.0,76.0
2025-02-13 11:18:41,G4,0.0,121.0,34.0,37.0,0.0,78.0,3.0,328.0
2025-02-13 11:18:43,G1,3.0,116.0,31.0,209.0,53.0,108.0,0.0,168.0
2025-02-13 11:18:43,G2,97.0,119.0,135.0,73.0,0.0,241.0,10.0,178.0
2025-02-13 11:18:43,G3,124.0,138.0,186.0,0.0,12.0,248.0,144.0,71.0
2025-02-13 11:18:43,G4,5.0,209.0,40.0,15.0,0.0,83.0,3.0,117.0
2025-02-13 11:18:43,G1,12.0,186.0,37.0,186.0,90.0,114.0,0.0,141.0
2025-02-13 11:18:43,G2,71.0,160.0,154.0,47.0,0.0,258.0,11.0,160.0
2025-02-13 11:18:43,G3,63.0,136.0,219.0,0.0,11.0,285.0,116.0,91.0
2025-02-13 11:18:43,G4,0.0,132.0,40.0,28.0,0.0,88.0,1.0,225.0
2025-02-13 11:18:44,G1,9.0,134.0,40.0,323.0,65.0,118.0,0.0,143.0
2025-02-13 11:18:44,G2,53.0,107.0,119.0,49.0,0.0,152.0,10.0,234.0
2025-02-13 11:18:44,G3,153.0,140.0,126.0,0.0,17.0,230.0,197.0,73.0
2025-02-13 11:18:44,G4,6.0,238.0,33.0,20.0,0.0,76.0,7.0,293.0
2025-02-13 11:18:44,G1,12.0,155.0,35.0,329.0,61.0,140.0,0.0,159.0
2025-02-13 11:18:44,G2,40.0,91.0,114.0,77.0,0.0,197.0,10.0,183.0
2025-02-13 11:18:45,G3,75.0,130.0,296.0,0.0,19.0,147.0,185.0,95.0
2025-02-13 11:18:45,G4,2.0,122.0,46.0,18.0,0.0,77.0,6.0,383.0
2025-02-13 11:18:45,G1,7.0,183.0,33.0,303.0,58.0,115.0,0.0,208.0
2025-02-13 11:18:45,G2,57.0,90.0,134.0,74.0,0.0,262.0,8.0,200.0
2025-02-13 11:18:45,G3,80.0,145.0,245.0,0.0,8.0,265.0,168.0,103.0
2025-02-13 11:18:45,G4,0.0,129.0,41.0,18.0,0.0,86.0,5.0,208.0
2025-02-13 11:18:45,G1,11.0,184.0,36.0,251.0,85.0,106.0,0.0,133.0
2025-02-13 11:18:46,G2,50.0,125.0,147.0,53.0,0.0,211.0,11.0,126.0
2025-02-13 11:18:46,G3,97.0,134.0,251.0,0.0,16.0,237.0,93.0,65.0
2025-02-13 11:18:46,G4,2.0,194.0,48.0,0.0,0.0,76.0,0.0,243.0
2025-02-13 11:18:47,G1,4.0,110.0,32.0,279.0,58.0,103.0,0.0,153.0
2025-02-13 11:18:47,G2,65.0,96.0,89.0,68.0,0.0,227.0,7.0,209.0
2025-02-13 11:18:47,G3,99.0,122.0,210.0,0.0,13.0,248.0,212.0,124.0
2025-02-13 11:18:48,G4,2.0,124.0,34.0,26.0,0.0,83.0,8.0,360.0
2025-02-13 11:18:48,G1,1.0,205.0,40.0,215.0,53.0,97.0,0.0,263.0
2025-02-13 11:18:48,G2,49.0,98.0,98.0,71.0,0.0,188.0,6.0,209.0
2025-02-13 11:18:48,G3,75.0,115.0,160.0,0.0,13.0,221.0,309.0,118.0
2025-02-13 11:18:48,G4,1.0,172.0,35.0,11.0,0.0,70.0,18.0,287.0
2025-02-13 11:18:48,G1,11.0,126.0,30.0,99.0,62.0,108.0,0.0,189.0
2025-02-13 11:18:49,G2,78.0,121.0,132.0,74.0,0.0,274.0,9.0,130.0
2025-02-13 11:18:49,G3,130.0,141.0,161.0,0.0,12.0,268.0,239.0,118.0
2025-02-13 11:18:49,G4,3.0,118.0,32.0,2.0,0.0,68.0,11.0,178.0
2025-02-13 11:18:49,G1,10.0,160.0,38.0,109.0,64.0,110.0,0.0,98.0
2025-02-13 11:18:49,G2,65.0,135.0,121.0,37.0,0.0,195.0,9.0,134.0
2025-02-13 11:18:49,G3,80.0,131.0,258.0,0.0,5.0,266.0,145.0,76.0
2025-02-13 11:18:49,G4,1.0,136.0,49.0,20.0,0.0,80.0,3.0,273.0
2025-02-13 11:18:50,G1,8.0,178.0,33.0,260.0,46.0,103.0,0.0,210.0
2025-02-13 11:18:50,G2,66.0,142.0,91.0,27.0,0.0,208.0,8.0,131.0
2025-02-13 11:18:50,G3,106.0,113.0,330.0,0.0,13.0,139.0,122.0,79.0
2025-02-13 11:18:50,G4,1.0,192.0,59.0,0.0,0.0,74.0,1.0,214.0
2025-02-13 11:18:50,G1,8.0,217.0,32.0,88.0,63.0,130.0,0.0,103.0
2025-02-13 11:18:50,G2,44.0,146.0,80.0,70.0,0.0,169.0,8.0,195.0
2025-02-13 11:18:50,G3,80.0,144.0,129.0,0.0,16.0,221.0,118.0,74.0
2025-02-13 11:18:50,G4,0.0,134.0,31.0,14.0,0.0,80.0,1.0,213.0
2025-02-13 11:18:52,G1,5.0,102.0,38.0,207.0,70.0,93.0,0.0,184.0
2025-02-13 11:18:52,G2,66.0,139.0,120.0,29.0,0.0,331.0,8.0,127.0
2025-02-13 11:18:52,G3,91.0,158.0,290.0,0.0,15.0,275.0,288.0,93.0
2025-02-13 11:18:52,G4,1.0,153.0,51.0,3.0,0.0,86.0,16.0,265.0
2025-02-13 11:18:52,G1,9.0,133.0,35.0,252.0,48.0,93.0,0.0,111.0
2025-02-13 11:18:52,G2,90.0,111.0,98.0,40.0,0.0,226.0,10.0,118.0
2025-02-13 11:18:53,G3,144.0,160.0,225.0,0.0,13.0,263.0,86.0,86.0
2025-02-13 11:18:53,G4,3.0,193.0,40.0,7.0,0.0,85.0,0.0,135.0
2025-02-13 11:18:53,G1,5.0,113.0,38.0,251.0,57.0,151.0,0.0,187.0
2025-02-13 11:18:53,G2,92.0,78.0,80.0,36.0,0.0,170.0,8.0,160.0
2025-02-13 11:18:53,G3,79.0,155.0,369.0,0.0,10.0,254.0,143.0,88.0
2025-02-13 11:18:53,G4,1.0,224.0,62.0,1.0,0.0,70.0,3.0,152.0
2025-02-13 11:18:54,G1,9.0,109.0,30.0,84.0,89.0,115.0,0.0,149.0
2025-02-13 11:18:54,G2,73.0,142.0,88.0,41.0,0.0,286.0,8.0,143.0
2025-02-13 11:18:54,G3,78.0,115.0,298.0,0.0,18.0,181.0,123.0,103.0
2025-02-13 11:18:54,G4,0.0,120.0,40.0,1.0,0.0,80.0,1.0,412.0
2025-02-13 11:18:54,G1,6.0,151.0,32.0,80.0,74.0,148.0,0.0,115.0
2025-02-13 11:18:54,G2,50.0,123.0,90.0,49.0,0.0,283.0,8.0,125.0
2025-02-13 11:18:54,G3,80.0,141.0,302.0,0.0,16.0,186.0,219.0,89.0
2025-02-13 11:18:55,G4,0.0,127.0,44.0,0.0,0.0,79.0,9.0,415.0
2025-02-13 11:18:55,G1,10.0,172.0,39.0,267.0,51.0,133.0,0.0,97.0
2025-02-13 11:18:55,G2,40.0,143.0,80.0,29.0,0.0,156.0,8.0,208.0
2025-02-13 11:18:55,G3,135.0,141.0,173.0,0.0,17.0,338.0,101.0,80.0
2025-02-13 11:18:55,G4,3.0,152.0,30.0,0.0,0.0,97.0,0.0,213.0
2025-02-13 11:18:57,G1,12.0,120.0,31.0,151.0,86.0,145.0,0.0,124.0
2025-02-13 11:18:57,G2,95.0,88.0,103.0,38.0,0.0,203.0,8.0,128.0
2025-02-13 11:18:57,G3,79.0,111.0,172.0,0.0,19.0,154.0,269.0,105.0
2025-02-13 11:18:57,G4,0.0,253.0,40.0,3.0,1.0,79.0,14.0,178.0
2025-02-13 11:18:57,G1,1.0,209.0,40.0,277.0,67.0,108.0,0.0,123.0
2025-02-13 11:18:57,G2,50.0,104.0,71.0,46.0,0.0,193.0,8.0,140.0
2025-02-13 11:18:57,G3,94.0,117.0,186.0,0.0,18.0,220.0,179.0,121.0
2025-02-13 11:18:57,G4,1.0,134.0,33.0,0.0,0.0,67.0,6.0,288.0
2025-02-13 11:18:58,G1,0.0,203.0,36.0,103.0,73.0,131.0,0.0,158.0
2025-02-13 11:18:58,G2,89.0,132.0,89.0,35.0,0.0,276.0,9.0,179.0
2025-02-13 11:18:58,G3,118.0,143.0,381.0,0.0,9.0,142.0,286.0,97.0
2025-02-13 11:18:58,G4,3.0,160.0,54.0,2.0,0.0,72.0,16.0,336.0
2025-02-13 11:18:58,G1,7.0,241.0,28.0,94.0,53.0,130.0,0.0,108.0
2025-02-13 11:18:58,G2,80.0,84.0,119.0,28.0,0.0,290.0,8.0,111.0
2025-02-13 11:18:59,G3,96.0,135.0,291.0,0.0,7.0,217.0,118.0,92.0
2025-02-13 11:18:59,G4,3.0,160.0,38.0,0.0,0.0,79.0,1.0,293.0
2025-02-13 11:18:59,G1,3.0,139.0,34.0,112.0,80.0,118.0,0.0,169.0
2025-02-13 11:18:59,G2,42.0,155.0,98.0,25.0,0.0,349.0,8.0,166.0
2025-02-13 11:18:59,G3,133.0,139.0,240.0,0.0,16.0,323.0,294.0,133.0
2025-02-13 11:18:59,G4,4.0,134.0,34.0,8.0,3.0,90.0,16.0,301.0
2025-02-13 11:19:01,G1,9.0,152.0,34.0,196.0,69.0,174.0,0.0,115.0
2025-02-13 11:19:01,G2,59.0,103.0,128.0,33.0,0.0,296.0,10.0,100.0
2025-02-13 11:19:01,G3,134.0,121.0,191.0,0.0,10.0,167.0,252.0,111.0
2025-02-13 11:19:01,G4,4.0,170.0,30.0,0.0,3.0,88.0,13.0,232.0
2025-02-13 11:19:01,G1,4.0,160.0,35.0,191.0,66.0,103.0,0.0,160.0
2025-02-13 11:19:01,G2,92.0,106.0,65.0,40.0,0.0,157.0,8.0,155.0
2025-02-13 11:19:01,G3,130.0,158.0,435.0,0.0,7.0,298.0,307.0,99.0
2025-02-13 11:19:02,G4,4.0,174.0,66.0,5.0,0.0,88.0,18.0,217.0
2025-02-13 11:19:02,G1,6.0,160.0,27.0,88.0,52.0,152.0,0.0,159.0
2025-02-13 11:19:02,G2,104.0,147.0,97.0,22.0,0.0,285.0,11.0,175.0
2025-02-13 11:19:02,G3,100.0,182.0,135.0,0.0,13.0,300.0,98.0,108.0
2025-02-13 11:19:02,G4,2.0,152.0,25.0,0.0,0.0,88.0,0.0,158.0
2025-02-13 11:19:02,G1,3.0,125.0,36.0,122.0,64.0,153.0,0.0,185.0
2025-02-13 11:19:03,G2,45.0,81.0,80.0,32.0,0.0,215.0,7.0,140.0
2025-02-13 11:19:03,G3,160.0,145.0,176.0,0.0,16.0,177.0,301.0,63.0
2025-02-13 11:19:03,G4,8.0,240.0,37.0,5.0,3.0,80.0,18.0,377.0
2025-02-13 11:19:03,G1,1.0,253.0,37.0,142.0,72.0,150.0,0.0,178.0
2025-02-13 11:19:03,G2,39.0,154.0,77.0,40.0,0.0,193.0,10.0,192.0
2025-02-13 11:19:03,G3,98.0,126.0,296.0,0.0,13.0,212.0,116.0,107.0
2025-02-13 11:19:03,G4,1.0,137.0,36.0,0.0,0.0,76.0,0.0,140.0
2025-02-13 11:19:04,G1,3.0,213.0,40.0,152.0,69.0,106.0,0.0,113.0
2025-02-13 11:19:04,G2,72.0,137.0,91.0,35.0,0.0,179.0,11.0,136.0
2025-02-13 11:19:04,G3,91.0,181.0,394.0,0.0,10.0,167.0,101.0,78.0
2025-02-13 11:19:04,G4,0.0,208.0,57.0,9.0,0.0,79.0,0.0,288.0
2025-02-13 11:19:05,G1,4.0,129.0,35.0,148.0,71.0,133.0,0.0,155.0
2025-02-13 11:19:05,G2,101.0,99.0,62.0,29.0,0.0,199.0,8.0,125.0
2025-02-13 11:19:05,G3,121.0,108.0,238.0,0.0,14.0,209.0,134.0,93.0
2025-02-13 11:19:05,G4,3.0,214.0,31.0,0.0,0.0,78.0,3.0,235.0
2025-02-13 11:19:06,G1,2.0,160.0,34.0,140.0,63.0,96.0,0.0,123.0
2025-02-13 11:19:06,G2,78.0,136.0,100.0,36.0,0.0,284.0,8.0,132.0
2025-02-13 11:19:06,G3,124.0,131.0,254.0,0.0,8.0,183.0,168.0,93.0
2025-02-13 11:19:06,G4,4.0,200.0,39.0,7.0,0.0,78.0,5.0,254.0
2025-02-13 11:19:06,G1,1.0,160.0,29.0,122.0,67.0,132.0,0.0,111.0
2025-02-13 11:19:06,G2,114.0,111.0,80.0,36.0,0.0,287.0,7.0,146.0
2025-02-13 11:19:06,G3,196.0,149.0,172.0,0.0,8.0,254.0,159.0,103.0
2025-02-13 11:19:07,G4,9.0,209.0,27.0,0.0,0.0,84.0,3.0,160.0
2025-02-13 11:19:07,G1,2.0,227.0,40.0,340.0,88.0,98.0,0.0,121.0
2025-02-13 11:19:07,G2,57.0,104.0,83.0,57.0,0.0,273.0,7.0,124.0
2025-02-13 11:19:07,G3,113.0,115.0,308.0,0.0,5.0,338.0,160.0,113.0
2025-02-13 11:19:07,G4,5.0,213.0,43.0,0.0,0.0,88.0,3.0,176.0
2025-02-13 11:19:07,G1,5.0,235.0,32.0,139.0,68.0,136.0,0.0,126.0
2025-02-13 11:19:08,G2,60.0,155.0,103.0,39.0,0.0,258.0,8.0,177.0
2025-02-13 11:19:08,G3,133.0,160.0,182.0,0.0,1.0,248.0,308.0,93.0
2025-02-13 11:19:08,G4,4.0,269.0,27.0,15.0,0.0,86.0,18.0,321.0
2025-02-13 11:19:08,G1,3.0,106.0,27.0,99.0,56.0,128.0,0.0,160.0
2025-02-13 11:19:08,G2,114.0,152.0,69.0,48.0,0.0,160.0,9.0,143.0
2025-02-13 11:19:08,G3,99.0,164.0,255.0,0.0,6.0,252.0,203.0,119.0
2025-02-13 11:19:08,G4,1.0,159.0,30.0,21.0,0.0,83.0,8.0,278.0
2025-02-13 11:19:09,G1,2.0,213.0,35.0,252.0,44.0,131.0,0.0,200.0
2025-02-13 11:19:09,G2,96.0,123.0,71.0,69.0,0.0,186.0,8.0,146.0
2025-02-13 11:19:09,G3,120.0,155.0,274.0,0.0,10.0,140.0,146.0,108.0
2025-02-13 11:19:09,G4,2.0,149.0,33.0,0.0,0.0,80.0,3.0,320.0
2025-02-13 11:19:10,G1,3.0,238.0,35.0,242.0,68.0,118.0,0.0,83.0
2025-02-13 11:19:10,G2,54.0,132.0,89.0,65.0,0.0,263.0,8.0,135.0
2025-02-13 11:19:10,G3,130.0,154.0,208.0,0.0,12.0,207.0,241.0,104.0
2025-02-13 11:19:11,G4,5.0,220.0,28.0,12.0,0.0,80.0,12.0,224.0
2025-02-13 11:19:11,G1,0.0,217.0,32.0,115.0,101.0,175.0,0.0,98.0
2025-02-13 11:19:11,G2,73.0,139.0,69.0,23.0,0.0,287.0,8.0,184.0
2025-02-13 11:19:11,G3,185.0,177.0,188.0,0.0,13.0,181.0,183.0,119.0
2025-02-13 11:19:11,G4,10.0,160.0,26.0,0.0,3.0,80.0,6.0,222.0
2025-02-13 11:19:11,G1,4.0,119.0,36.0,160.0,76.0,108.0,0.0,183.0
2025-02-13 11:19:11,G2,113.0,135.0,103.0,44.0,0.0,285.0,7.0,220.0
2025-02-13 11:19:12,G3,107.0,135.0,235.0,0.0,7.0,198.0,198.0,105.0
2025-02-13 11:19:12,G4,1.0,192.0,30.0,25.0,0.0,81.0,19.0,223.0
2025-02-13 11:19:12,G1,0.0,173.0,33.0,320.0,56.0,108.0,0.0,174.0
2025-02-13 11:19:12,G2,120.0,115.0,51.0,59.0,0.0,168.0,6.0,103.0
2025-02-13 11:19:12,G3,73.0,160.0,258.0,0.0,6.0,218.0,114.0,85.0
2025-02-13 11:19:12,G4,2.0,197.0,34.0,3.0,0.0,78.0,1.0,156.0
2025-02-13 11:19:13,G1,3.0,198.0,32.0,80.0,56.0,150.0,0.0,186.0
2025-02-13 11:19:13,G2,79.0,146.0,88.0,27.0,0.0,376.0,8.0,172.0
2025-02-13 11:19:13,G3,140.0,160.0,152.0,0.0,8.0,203.0,118.0,107.0
2025-02-13 11:19:13,G4,7.0,171.0,20.0,10.0,3.0,68.0,1.0,320.0
2025-02-13 11:19:13,G1,1.0,151.0,33.0,93.0,79.0,118.0,0.0,98.0
2025-02-13 11:19:13,G2,80.0,146.0,79.0,27.0,0.0,359.0,8.0,156.0
2025-02-13 11:19:13,G3,215.0,174.0,249.0,0.0,14.0,137.0,131.0,127.0
2025-02-13 11:19:13,G4,12.0,214.0,33.0,3.0,0.0,75.0,2.0,200.0
2025-02-13 11:19:15,G1,2.0,137.0,35.0,178.0,80.0,158.0,0.0,103.0
2025-02-13 11:19:15,G2,108.0,78.0,62.0,45.0,0.0,217.0,7.0,113.0
2025-02-13 11:19:15,G3,160.0,184.0,246.0,0.0,19.0,193.0,256.0,93.0
2025-02-13 11:19:15,G4,5.0,160.0,31.0,0.0,0.0,83.0,13.0,227.0
2025-02-13 11:19:16,G1,2.0,126.0,43.0,204.0,66.0,112.0,0.0,110.0
2025-02-13 11:19:16,G2,145.0,127.0,79.0,31.0,0.0,193.0,9.0,125.0
2025-02-13 11:19:16,G3,147.0,160.0,226.0,0.0,27.0,196.0,230.0,78.0
2025-02-13 11:19:16,G4,5.0,200.0,27.0,13.0,1.0,78.0,10.0,283.0
2025-02-13 11:19:16,G1,0.0,133.0,31.0,151.0,88.0,151.0,0.0,99.0
2025-02-13 11:19:16,G2,74.0,106.0,66.0,20.0,0.0,237.0,6.0,136.0
2025-02-13 11:19:17,G3,88.0,114.0,160.0,0.0,10.0,178.0,141.0,78.0
2025-02-13 11:19:17,G4,0.0,308.0,23.0,7.0,0.0,76.0,3.0,199.0
2025-02-13 11:19:17,G1,0.0,231.0,34.0,191.0,48.0,113.0,0.0,160.0
2025-02-13 11:19:17,G2,70.0,88.0,80.0,27.0,0.0,235.0,6.0,115.0
2025-02-13 11:19:17,G3,176.0,160.0,267.0,0.0,3.0,153.0,141.0,136.0
2025-02-13 11:19:17,G4,8.0,235.0,34.0,6.0,0.0,77.0,3.0,232.0
2025-02-13 11:19:18,G1,0.0,143.0,33.0,71.0,46.0,156.0,0.0,170.0
2025-02-13 11:19:18,G2,105.0,123.0,61.0,18.0,0.0,169.0,7.0,223.0
2025-02-13 11:19:18,G3,141.0,160.0,306.0,0.0,7.0,145.0,114.0,118.0
2025-02-13 11:19:18,G4,4.0,174.0,36.0,4.0,2.0,73.0,1.0,303.0
2025-02-13 11:19:18,G1,0.0,117.0,36.0,80.0,40.0,130.0,0.0,160.0
2025-02-13 11:19:18,G2,65.0,123.0,64.0,24.0,0.0,217.0,8.0,175.0
2025-02-13 11:19:18,G3,113.0,161.0,186.0,0.0,23.0,289.0,260.0,103.0
2025-02-13 11:19:18,G4,3.0,220.0,26.0,7.0,8.0,85.0,13.0,129.0
2025-02-13 11:19:20,G1,0.0,158.0,36.0,374.0,74.0,112.0,0.0,128.0
2025-02-13 11:19:20,G2,127.0,97.0,50.0,60.0,0.0,190.0,6.0,93.0
2025-02-13 11:19:20,G3,75.0,176.0,214.0,0.0,15.0,242.0,150.0,107.0
2025-02-13 11:19:20,G4,0.0,198.0,28.0,3.0,0.0,76.0,3.0,266.0
2025-02-13 11:19:20,G1,0.0,148.0,40.0,163.0,69.0,159.0,0.0,121.0
2025-02-13 11:19:20,G2,52.0,97.0,59.0,11.0,0.0,216.0,6.0,134.0
2025-02-13 11:19:20,G3,142.0,214.0,278.0,0.0,17.0,193.0,130.0,122.0
2025-02-13 11:19:21,G4,4.0,200.0,34.0,0.0,0.0,72.0,2.0,212.0
2025-02-13 11:19:21,G1,0.0,121.0,36.0,184.0,53.0,148.0,0.0,158.0
2025-02-13 11:19:21,G2,121.0,70.0,53.0,34.0,0.0,189.0,6.0,95.0
2025-02-13 11:19:21,G3,80.0,185.0,184.0,0.0,17.0,159.0,281.0,113.0
2025-02-13 11:19:21,G4,0.0,269.0,26.0,13.0,0.0,80.0,15.0,171.0
2025-02-13 11:19:21,G1,0.0,160.0,39.0,80.0,68.0,172.0,0.0,115.0
2025-02-13 11:19:21,G2,74.0,112.0,49.0,25.0,0.0,211.0,5.0,121.0
2025-02-13 11:19:22,G3,177.0,184.0,200.0,0.0,11.0,136.0,287.0,118.0
2025-02-13 11:19:22,G4,7.0,196.0,26.0,0.0,1.0,72.0,16.0,247.0
2025-02-13 11:19:22,G1,1.0,155.0,40.0,279.0,71.0,107.0,0.0,108.0
2025-02-13 11:19:22,G2,73.0,111.0,80.0,48.0,0.0,283.0,7.0,133.0
2025-02-13 11:19:22,G3,206.0,107.0,273.0,0.0,9.0,137.0,285.0,111.0
2025-02-13 11:19:22,G4,9.0,160.0,34.0,0.0,3.0,73.0,16.0,151.0
2025-02-13 11:19:23,G1,0.0,193.0,56.0,160.0,53.0,171.0,0.0,121.0
2025-02-13 11:19:23,G2,118.0,95.0,58.0,39.0,0.0,175.0,7.0,160.0
2025-02-13 11:19:23,G3,67.0,232.0,238.0,0.0,1.0,254.0,268.0,93.0
2025-02-13 11:19:23,G4,0.0,254.0,28.0,3.0,0.0,86.0,14.0,299.0
2025-02-13 11:19:24,G1,0.0,226.0,34.0,160.0,93.0,113.0,0.0,102.0
2025-02-13 11:19:24,G2,127.0,107.0,57.0,27.0,0.0,181.0,8.0,159.0
2025-02-13 11:19:24,G3,123.0,179.0,282.0,0.0,21.0,133.0,304.0,134.0
2025-02-13 11:19:25,G4,2.0,212.0,34.0,1.0,0.0,74.0,18.0,171.0
2025-02-13 11:19:25,G1,0.0,157.0,45.0,98.0,65.0,160.0,0.0,111.0
2025-02-13 11:19:25,G2,89.0,111.0,55.0,17.0,0.0,198.0,6.0,115.0
2025-02-13 11:19:25,G3,109.0,135.0,291.0,0.0,10.0,248.0,283.0,92.0
2025-02-13 11:19:25,G4,4.0,302.0,38.0,0.0,0.0,85.0,16.0,179.0
2025-02-13 11:19:25,G1,0.0,200.0,39.0,98.0,67.0,135.0,0.0,80.0
2025-02-13 11:19:26,G2,57.0,99.0,66.0,38.0,0.0,282.0,7.0,113.0
2025-02-13 11:19:26,G3,160.0,160.0,374.0,0.0,37.0,213.0,408.0,98.0
2025-02-13 11:19:26,G4,7.0,197.0,44.0,1.0,0.0,74.0,30.0,113.0
2025-02-13 11:19:26,G1,0.0,178.0,35.0,154.0,73.0,175.0,0.0,129.0
2025-02-13 11:19:26,G2,58.0,104.0,66.0,31.0,0.0,288.0,6.0,174.0
2025-02-13 11:19:26,G3,125.0,182.0,257.0,0.0,8.0,157.0,118.0,123.0
2025-02-13 11:19:26,G4,5.0,191.0,32.0,0.0,0.0,79.0,1.0,176.0
2025-02-13 11:19:27,G1,0.0,259.0,39.0,128.0,64.0,113.0,0.0,128.0
2025-02-13 11:19:27,G2,55.0,122.0,57.0,14.0,0.0,191.0,8.0,118.0
2025-02-13 11:19:27,G3,150.0,148.0,219.0,0.0,5.0,233.0,108.0,135.0
2025-02-13 11:19:27,G4,5.0,143.0,28.0,3.0,0.0,74.0,1.0,214.0
