time [s],duty_cycle,
1.665e-06,0,
0.00124994,0,
0.00238693,0,
0.00300006,0,
0.00400005,0,
0.00512454,0,
0.00627672,0,
0.00795057,0,
0.00973885,0,
0.0111139,0,
0.0124147,0,
0.0137835,0,
0.0144433,0,
0.0150541,0,
0.0158571,0,
0.0164601,0,
0.017789,0,
0.0190178,0,
0.0196228,0,
0.0202224,0,
0.0208473,0,
0.0214724,0,
0.0220975,0,
0.0230001,0,
0.024,0,
0.0250001,0,
0.026,0,
0.0270001,0,
0.028,0,
0.0290001,0,
0.03,0,
0.0310809,0,
0.032,0,
0.033,0,
0.034,0,
0.035,0,
0.036,0,
0.0370001,0,
0.0380001,0,
0.039172,0,
0.0401556,0,
0.041,0,
0.042,0,
0.043,0,
0.044,0,
0.045,0,
0.046,0,
0.047,0,
0.0481472,0,
0.0492474,0,
0.050328,0,
0.0513955,0,
0.0526552,0,
0.053604,0,
0.0542609,0,
0.055,0,
0.056,0,
0.057,0,
0.058,0,
0.059,0,
0.06,0,
0.061,0,
0.062,0,
0.063,0,
0.064,0,
0.065,0,
0.066,0,
0.067,0,
0.068,0,
0.069,0,
0.07,0,
0.071,0,
0.072,0,
0.073,0,
0.074,0,
0.075,0,
0.076,0,
0.077,0,
0.078,0,
0.079,0,
0.08,0,
0.081,0,
0.082,0,
0.083,0,
0.084,0,
0.085,0,
0.086,0,
0.087,0,
0.088,0,
0.089,0,
0.09,0,
0.0910001,0,
0.0920422,0,
0.0934242,0,
0.0944735,0,
0.0952608,0,
0.0960001,0,
0.097,0,
0.0980001,0,
0.0990001,0,
0.1,0,
0.101,0,
0.102,0,
0.103,0,
0.104,0,
0.105,0,
0.106,0,
0.107096,0,
0.108,0,
0.109,0,
0.11,0,
0.111,0,
0.112,0,
0.113192,0,
0.114359,0,
0.115327,0,
0.116,0,
0.117,0,
0.118,0,
0.119,0,
0.12,0,
0.121,0,
0.122,0,
0.1231,0,
0.124,0,
0.125,0,
0.126,0,
0.127,0,
0.128,0,
0.129,0,
0.13,0,
0.131,0,
0.132,0,
0.133,0,
0.134,0,
0.135,0,
0.136,0,
0.137,0,
0.138,0,
0.139,0,
0.14,0,
0.141,0,
0.142,0,
0.143,0,
0.144,0,
0.145,0,
0.146,0,
0.147,0,
0.148,0,
0.149,0,
0.15,0,
0.151,0,
0.152,0,
0.153,0,
0.154,0,
0.155,0,
0.156,0,
0.157,0,
0.158,0,
0.159,0,
0.16,0,
0.161,0,
0.162,0,
0.163,0,
0.164406,0,
0.16564,0,
0.166966,0,
0.1679,0,
0.168426,0,
0.169,0,
0.17,0,
0.171,0,
0.172239,0,
0.173,0,
0.174,0,
0.175178,0,
0.176448,0,
0.1777,0,
0.178534,0,
0.179215,0,
0.18,0,
0.181,0,
0.182,0,
0.183,0,
0.184,0,
0.185,0,
0.186,0,
0.187,0,
0.188,0,
0.189,0,
0.190047,0,
0.191,0,
0.192,0,
0.193,0,
0.194,0,
0.195,0,
0.196,0,
0.197,0,
0.198,0,
0.199,0,
0.2,0,
0.201,0,
0.202,0,
0.203,0,
0.204,0,
0.205,0,
0.206,0,
0.207,0,
0.208,0,
0.209,0,
0.21,0,
0.211,0,
0.212,0,
0.213,0,
0.214,0,
0.215276,0,
0.216737,0,
0.217606,0,
0.218347,0,
0.219,0,
0.22,0,
0.221032,0,
0.222,0,
0.223,0,
0.224,0,
0.225,0,
0.226,0,
0.227,0,
0.228,0,
0.229,0,
0.230026,0,
0.231,0,
0.232,0,
0.233,0,
0.234,0,
0.235,0,
0.236,0,
0.237209,0,
0.238,0,
0.239,0,
0.24,0,
0.241,0,
0.242,0,
0.243,0,
0.244,0,
0.245,0,
0.246,0,
0.247,0,
0.248,0,
0.249,0,
0.25,0,
0.251,0,
0.252,0,
0.253,0,
0.254,0,
0.255,0,
0.256,0,
0.257,0,
0.258,0,
0.259,0,
0.26,0,
0.261,0,
0.262,0,
0.263,0,
0.264,0,
0.265,0,
0.266,0,
0.267,0,
0.268,0,
0.269,0,
0.27,0,
0.271,0,
0.272,0,
0.273,0,
0.274,0,
0.275,0,
0.276,0,
0.277,0,
0.278,0,
0.279,0,
0.28,0,
0.281,0,
0.282,0,
0.283,0,
0.284,0,
0.285,0,
0.286,0,
0.287,0,
0.288,0,
0.289,0,
0.29,0,
0.291,0,
0.292,0,
0.293,0,
0.294,0,
0.295,0,
0.296,0,
0.297,0,
0.298,0,
0.299,0,
0.300169,0,
0.301097,0,
0.302,0,
0.303,0,
0.304,0,
0.305,0,
0.30607,0,
0.307085,0,
0.308331,0,
0.309387,0,
0.31071,0,
0.311832,0,
0.312948,0,
0.3135,0,
0.314059,0,
0.315,0,
0.316,0,
0.317,0,
0.318,0,
0.319,0,
0.32,0,
0.321,0,
0.322,0,
0.323,0,
0.324,0,
0.325,0,
0.326,0,
0.327,0,
0.328,0,
0.329,0,
0.33,0,
0.331,0,
0.332,0,
0.333,0,
0.334,0,
0.335,0,
0.336,0,
0.337,0,
0.338,0,
0.339,0,
0.34,0,
0.341,0,
0.342,0,
0.343,0,
0.344,0,
0.345,0,
0.346,0,
0.347,0,
0.34861,0,
0.349882,0,
0.350923,0,
0.351502,0,
0.352007,0,
0.353,0,
0.354,0,
0.355,0,
0.356,0,
0.357,0,
0.358,0,
0.359,0,
0.36,0,
0.361,0,
0.362,0,
0.363,0,
0.364,0,
0.365,0,
0.366,0,
0.367,0,
0.368,0,
0.369,0,
0.37,0,
0.371,0,
0.372,0,
0.373,0,
0.374,0,
0.375,0,
0.376,0,
0.377,0,
0.378,0,
0.379,0,
0.38,0,
0.381,0,
0.382,0,
0.383,0,
0.384,0,
0.385,0,
0.386,0,
0.387,0,
0.388,0,
0.389,0,
0.39,0,
0.391,0,
0.392,0,
0.393,0,
0.394,0,
0.395,0,
0.396,0,
0.397,0,
0.398,0,
0.399,0,
0.4,0,
0.401,0,
0.402,0,
0.403,0,
0.404,0,
0.405,0,
0.406,0,
0.407,0,
0.408,0,
0.409,0,
0.41,0,
0.411,0,
0.412,0,
0.413,0,
0.414,0,
0.415,0,
0.416,0,
0.417,0,
0.418,0,
0.419,0,
0.42,0,
0.421,0,
0.422,0,
0.423,0,
0.424,0,
0.425,0,
0.426,0,
0.427,0,
0.428,0,
0.429,0,
0.43,0,
0.431,0,
0.432,0,
0.433,0,
0.434,0,
0.435,0,
0.436,0,
0.437,0,
0.438,0,
0.439,0,
0.44,0,
0.441,0,
0.442,0,
0.443,0,
0.444,0,
0.445,0,
0.446,0,
0.447,0,
0.448,0,
0.449,0,
0.45,0,
0.451,0,
0.452,0,
0.453,0,
0.454,0,
0.455164,0,
0.456,0,
0.457,0,
0.458,0,
0.459,0,
0.46,0,
0.461,0,
0.462,0,
0.463,0,
0.464,0,
0.465,0,
0.466,0,
0.467,0,
0.468,0,
0.469,0,
0.47,0,
0.471,0,
0.472,0,
0.473,0,
0.474,0,
0.475,0,
0.476,0,
0.477,0,
0.478,0,
0.479,0,
0.48,0,
0.481,0,
0.482,0,
0.483,0,
0.484,0,
0.485,0,
0.486,0,
0.487115,0,
0.488,0,
0.489,0,
0.49,0,
0.491,0,
0.492,0,
0.493,0,
0.494,0,
0.495,0,
0.496,0,
0.497,0,
0.498,0,
0.499,0,
0.5,0,
0.501025,0,
0.502115,0,
0.503,0,
0.504,0,
0.505,0,
0.506,0,
0.507,0,
0.508081,0,
0.509,0,
0.51,0,
0.511,0,
0.512,0,
0.513,0,
0.51404,0,
0.515,0,
0.516097,0,
0.517,0,
0.518,0,
0.519,0,
0.52,0,
0.521,0,
0.522,0,
0.523,0,
0.524009,0,
0.525,0,
0.526,0,
0.527,0,
0.528,0,
0.529,0,
0.53,0,
0.531,0,
0.532,0,
0.533,0,
0.534,0,
0.535,0,
0.536,0,
0.537,0,
0.538,0,
0.539,0,
0.54,0,
0.541,0,
0.542,0,
0.543,0,
0.544,0,
0.545,0,
0.546,0,
0.547,0,
0.548305,0,
0.549,0,
0.55,0,
0.551,0,
0.552,0,
0.553,0,
0.554,0,
0.555,0,
0.556,0,
0.557,0,
0.558,0,
0.559,0,
0.56,0,
0.561,0,
0.562,0,
0.563,0,
0.564,0,
0.565155,0,
0.566308,0,
0.567358,0,
0.568,0,
0.569,0,
0.57,0,
0.571,0,
0.572,0,
0.573,0,
0.574,0,
0.575,0,
0.576,0,
0.577,0,
0.578,0,
0.579,0,
0.58,0,
0.581,0,
0.582,0,
0.583,0,
0.584,0,
0.585,0,
0.586,0,
0.587,0,
0.588,0,
0.589,0,
0.59,0,
0.591,0,
0.592,0,
0.593,0,
0.594,0,
0.595,0,
0.596,0,
0.597,0,
0.598,0,
0.599,0,
0.6,0,
0.601,0,
0.602,0,
0.603,0,
0.604,0,
0.605,0,
0.606,0,
0.607,0,
0.608,0,
0.609,0,
0.61,0,
0.611,0,
0.612,0,
0.613,0,
0.614,0,
0.615,0,
0.616,0,
0.617,0,
0.618,0,
0.619,0,
0.62,0,
0.621,0,
0.622,0,
0.623,0,
0.624,0,
0.625,0,
0.626,0,
0.627,0,
0.628,0,
0.629,0,
0.63,0,
0.631,0,
0.632,0,
0.633,0,
0.634065,0,
0.635,0,
0.636026,0,
0.637,0,
0.638,0,
0.639,0,
0.64,0,
0.641,0,
0.642,0,
0.643,0,
0.644,0,
0.645,0,
0.646,0,
0.647,0,
0.648,0,
0.649,0,
0.65,0,
0.651,0,
0.652,0,
0.653,0,
0.654,0,
0.655,0,
0.656,0,
0.657,0,
0.658,0,
0.659,0,
0.66,0,
0.661,0,
0.662,0,
0.663,0,
0.664,0,
0.665,0,
0.666,0,
0.667,0,
0.668,0,
0.669,0,
0.67,0,
0.671,0,
0.672,0,
0.67348,0,
0.674783,0,
0.675697,0,
0.676885,0,
0.677441,0,
0.678011,0,
0.679,0,
0.68,0,
0.681,0,
0.682,0,
0.683,0,
0.684,0,
0.685,0,
0.686,0,
0.687,0,
0.688,0,
0.689,0,
0.69,0,
0.691,0,
0.692,0,
0.693,0,
0.694,0,
0.695,0,
0.696,0,
0.697,0,
0.698,0,
0.699,0,
0.7,0,
0.701,0,
0.702,0,
0.703,0,
0.704,0,
0.705,0,
0.706,0,
0.707,0,
0.708,0,
0.709168,0,
0.71,0,
0.711,0,
0.712,0,
0.713,0,
0.714,0,
0.715,0,
0.716,0,
0.717,0,
0.718,0,
0.719,0,
0.72,0,
0.721,0,
0.722149,0,
0.723,0,
0.724,0,
0.725,0,
0.726,0,
0.727,0,
0.728034,0,
0.729,0,
0.73,0,
0.731,0,
0.732,0,
0.733,0,
0.734,0,
0.735,0,
0.736,0,
0.737,0,
0.738,0,
0.739,0,
0.74,0,
0.741,0,
0.742,0,
0.743,0,
0.744,0,
0.745,0,
0.746,0,
0.747,0,
0.748,0,
0.749,0,
0.75,0,
0.751,0,
0.752,0,
0.753,0,
0.754,0,
0.755,0,
0.756,0,
0.757,0,
0.758043,0,
0.759,0,
0.760076,0,
0.761,0,
0.762,0,
0.763,0,
0.764,0,
0.765,0,
0.766,0,
0.767,0,
0.768,0,
0.769,0,
0.77,0,
0.771,0,
0.772,0,
0.773,0,
0.774,0,
0.775,0,
0.776,0,
0.777,0,
0.778,0,
0.779,0,
0.78,0,
0.781,0,
0.782,0,
0.783,0,
0.784,0,
0.785,0,
0.786,0,
0.787,0,
0.788,0,
0.789,0,
0.79,0,
0.791,0,
0.792,0,
0.793,0,
0.794,0,
0.795,0,
0.796,0,
0.797,0,
0.798,0,
0.799,0,
0.8,0,
0.801,0,
0.802,0,
0.8031,0,
0.804,0,
0.805,0,
0.806159,0,
0.807,0,
0.808,0,
0.809,0,
0.81,0,
0.811,0,
0.812,0,
0.813,0,
0.814,0,
0.815,0,
0.816,0,
0.817,0,
0.818,0,
0.819112,0,
0.82,0,
0.821,0,
0.8221,0,
0.823,0,
0.824,0,
0.825,0,
0.826,0,
0.827,0,
0.828,0,
0.829,0,
0.83,0,
0.831,0,
0.832,0,
0.833,0,
0.834,0,
0.835,0,
0.836,0,
0.837,0,
0.838,0,
0.839,0,
0.84,0,
0.841,0,
0.842,0,
0.843,0,
0.844,0,
0.845,0,
0.846,0,
0.847,0,
0.848,0,
0.849,0,
0.85,0,
0.851,0,
0.852,0,
0.853,0,
0.854,0,
0.855,0,
0.856049,0,
0.857,0,
0.858,0,
0.859,0,
0.86,0,
0.861,0,
0.862,0,
0.863,0,
0.864079,0,
0.865,0,
0.866,0,
0.867,0,
0.868,0,
0.869,0,
0.87,0,
0.871,0,
0.872,0,
0.873,0,
0.874,0,
0.875,0,
0.876,0,
0.877,0,
0.878,0,
0.879,0,
0.88,0,
0.881,0,
0.882,0,
0.883209,0,
0.884079,0,
0.885,0,
0.886,0,
0.887,0,
0.888,0,
0.889,0,
0.89,0,
0.891,0,
0.892,0,
0.893,0,
0.894,0,
0.895,0,
0.896,0,
0.89735,0,
0.898616,0,
0.899454,0,
0.9,0,
0.901,0,
0.902,0,
0.903472,0,
0.904397,0,
0.905,0,
0.906,0,
0.907,0,
0.908,0,
0.909,0,
0.91,0,
0.911,0,
0.912,0,
0.913,0,
0.914,0,
0.915,0,
0.916,0,
0.917,0,
0.918,0,
0.919,0,
0.92,0,
0.921,0,
0.922,0,
0.923,0,
0.924,0,
0.925,0,
0.926,0,
0.927,0,
0.928,0,
0.929,0,
0.93,0,
0.931,0,
0.932,0,
0.933,0,
0.934,0,
0.935,0,
0.936,0,
0.937,0,
0.938,0,
0.939,0,
0.94,0,
0.941,0,
0.942,0,
0.943,0,
0.944,0,
0.945,0,
0.946,0,
0.947162,0,
0.948284,0,
0.949,0,
0.95,0,
0.951,0,
0.952,0,
0.953,0,
0.954,0,
0.955,0,
0.956,0,
0.957,0,
0.958,0,
0.959,0,
0.96,0,
0.961,0,
0.962,0,
0.963,0,
0.964,0,
0.965,0,
0.966,0,
0.967,0,
0.968,0,
0.969,0,
0.97,0,
0.971,0,
0.972,0,
0.973,0,
0.974,0,
0.975,0,
0.976,0,
0.977,0,
0.978,0,
0.979,0,
0.98,0,
0.981,0,
0.982,0,
0.983,0,
0.984,0,
0.985,0,
0.986,0,
0.987,0,
0.988,0,
0.989,0,
0.99,0,
0.991,0,
0.992,0,
0.993,0,
0.994,0,
0.995,0,
0.996,0,
0.997,0,
0.998,0,
0.999,0,
1,0,
1.001,0,
1.002,0,
1.003,0,
1.004,0,
1.005,0,
1.006,0,
1.007,0,
1.008,0,
1.009,0,
1.01,0,
1.011,0,
1.012,0,
1.013,0,
1.014,0,
1.015,0,
1.016,0,
1.017,0,
1.018,0,
1.019,0,
1.02,0,
1.021,0,
1.022,0,
1.023,0,
1.024,0,
1.02529,0,
1.02623,0,
1.027,0,
1.028,0,
1.029,0,
1.03,0,
1.031,0,
1.032,0,
1.033,0,
1.034,0,
1.035,0,
1.036,0,
1.037,0,
1.038,0,
1.039,0,
1.04,0,
1.041,0,
1.042,0,
1.043,0,
1.044,0,
1.045,0,
1.046,0,
1.047,0,
1.048,0,
1.049,0,
1.05,0,
1.051,0,
1.052,0,
1.053,0,
1.054,0,
1.055,0,
1.056,0,
1.057,0,
1.058,0,
1.059,0,
1.06,0,
1.061,0,
1.062,0,
1.063,0,
1.064,0,
1.065,0,
1.066,0,
1.067,0,
1.068,0,
1.069,0,
1.07,0,
1.071,0,
1.072,0,
1.073,0,
1.074,0,
1.075,0,
1.076,0,
1.077,0,
1.078,0,
1.079,0,
1.08,0,
1.081,0,
1.082,0,
1.083,0,
1.084,0,
1.085,0,
1.086,0,
1.087,0,
1.088,0,
1.089,0,
1.09,0,
1.091,0,
1.092,0,
1.093,0,
1.094,0,
1.095,0,
1.096,0,
1.097,0,
1.098,0,
1.099,0,
1.1,0,
1.101,0,
1.102,0,
1.103,0,
1.104,0,
1.105,0,
1.106,0,
1.107,0,
1.108,0,
1.109,0,
1.11,0,
1.111,0,
1.112,0,
1.113,0,
1.114,0,
1.115,0,
1.116,0,
1.117,0,
1.118,0,
1.119,0,
1.12011,0,
1.12129,0,
1.12238,0,
1.12325,0,
1.124,0,
1.125,0,
1.126,0,
1.127,0,
1.128,0,
1.129,0,
1.13,0,
1.131,0,
1.132,0,
1.133,0,
1.134,0,
1.135,0,
1.136,0,
1.137,0,
1.138,0,
1.139,0,
1.14,0,
1.141,0,
1.142,0,
1.143,0,
1.144,0,
1.145,0,
1.146,0,
1.147,0,
1.148,0,
1.149,0,
1.15,0,
1.151,0,
1.152,0,
1.153,0,
1.154,0,
1.155,0,
1.156,0,
1.157,0,
1.158,0,
1.159,0,
1.16,0,
1.161,0,
1.162,0,
1.163,0,
1.164,0,
1.165,0,
1.166,0,
1.167,0,
1.168,0,
1.169,0,
1.17,0,
1.171,0,
1.172,0,
1.173,0,
1.174,0,
1.175,0,
1.176,0,
1.177,0,
1.1782,0,
1.17959,0,
1.18078,0,
1.18142,0,
1.182,0,
1.183,0,
1.184,0,
1.185,0,
1.186,0,
1.187,0,
1.188,0,
1.18902,0,
1.19,0,
1.191,0,
1.192,0,
1.193,0,
1.194,0,
1.195,0,
1.196,0,
1.197,0,
1.198,0,
1.199,0,
1.2,0,
1.201,0,
1.202,0,
1.203,0,
1.204,0,
1.205,0,
1.206,0,
1.207,0,
1.208,0,
1.209,0,
1.21,0,
1.211,0,
1.212,0,
1.213,0,
1.214,0,
1.215,0,
1.216,0,
1.217,0,
1.218,0,
1.219,0,
1.22,0,
1.221,0,
1.222,0,
1.22313,0,
1.224,0,
1.225,0,
1.226,0,
1.227,0,
1.228,0,
1.229,0,
1.23,0,
1.231,0,
1.232,0,
1.233,0,
1.234,0,
1.235,0,
1.236,0,
1.237,0,
1.238,0,
1.23909,0,
1.24,0,
1.241,0,
1.242,0,
1.243,0,
1.244,0,
1.245,0,
1.246,0,
1.247,0,
1.248,0,
1.249,0,
1.25,0,
1.251,0,
1.252,0,
1.253,0,
1.254,0,
1.255,0,
1.256,0,
1.257,0,
1.258,0,
1.259,0,
1.26,0,
1.26113,0,
1.26213,0,
1.263,0,
1.264,0,
1.265,0,
1.266,0,
1.267,0,
1.268,0,
1.269,0,
1.27,0,
1.271,0,
1.272,0,
1.273,0,
1.274,0,
1.275,0,
1.276,0,
1.277,0,
1.278,0,
1.279,0,
1.28,0,
1.281,0,
1.282,0,
1.283,0,
1.284,0,
1.285,0,
1.286,0,
1.287,0,
1.288,0,
1.289,0,
1.29,0,
1.291,0,
1.292,0,
1.293,0,
1.294,0,
1.295,0,
1.29611,0,
1.297,0,
1.298,0,
1.299,0,
1.3,0,
1.301,0,
1.302,0,
1.303,0,
1.304,0,
1.305,0,
1.306,0,
1.307,0,
1.30816,0,
1.30956,0,
1.3108,0,
1.31204,0,
1.31316,0,
1.31368,0,
1.31424,0,
1.315,0,
1.316,0,
1.317,0,
1.318,0,
1.319,0,
1.32,0,
1.321,0,
1.322,0,
1.323,0,
1.324,0,
1.325,0,
1.326,0,
1.327,0,
1.328,0,
1.329,0,
1.33,0,
1.331,0,
1.332,0,
1.333,0,
1.334,0,
1.335,0,
1.336,0,
1.337,0,
1.338,0,
1.339,0,
1.34,0,
1.341,0,
1.342,0,
1.343,0,
1.344,0,
1.345,0,
1.346,0,
1.347,0,
1.348,0,
1.349,0,
1.35,0,
1.351,0,
1.352,0,
1.353,0,
1.354,0,
1.355,0,
1.356,0,
1.357,0,
1.358,0,
1.359,0,
1.36,0,
1.361,0,
1.362,0,
1.363,0,
1.364,0,
1.365,0,
1.366,0,
1.367,0,
1.368,0,
1.369,0,
1.37,0,
1.371,0,
1.372,0,
1.373,0,
1.374,0,
1.375,0,
1.376,0,
1.377,0,
1.378,0,
1.379,0,
1.38,0,
1.381,0,
1.38201,0,
1.383,0,
1.384,0,
1.385,0,
1.386,0,
1.387,0,
1.388,0,
1.389,0,
1.39,0,
1.391,0,
1.392,0,
1.393,0,
1.394,0,
1.395,0,
1.396,0,
1.397,0,
1.398,0,
1.399,0,
1.4,0,
1.401,0,
1.402,0,
1.403,0,
1.404,0,
1.405,0,
1.406,0,
1.407,0,
1.408,0,
1.409,0,
1.41,0,
1.411,0,
1.412,0,
1.413,0,
1.41431,0,
1.41518,0,
1.416,0,
1.417,0,
1.418,0,
1.419,0,
1.42,0,
1.421,0,
1.422,0,
1.42307,0,
1.424,0,
1.425,0,
1.426,0,
1.427,0,
1.428,0,
1.429,0,
1.43,0,
1.431,0,
1.432,0,
1.433,0,
1.434,0,
1.435,0,
1.436,0,
1.437,0,
1.438,0,
1.439,0,
1.44,0,
1.441,0,
1.442,0,
1.443,0,
1.444,0,
1.445,0,
1.446,0,
1.447,0,
1.448,0,
1.449,0,
1.45,0,
1.451,0,
1.452,0,
1.453,0,
1.454,0,
1.455,0,
1.456,0,
1.457,0,
1.458,0,
1.459,0,
1.46,0,
1.461,0,
1.462,0,
1.463,0,
1.464,0,
1.465,0,
1.466,0,
1.467,0,
1.468,0,
1.469,0,
1.47,0,
1.471,0,
1.472,0,
1.473,0,
1.474,0,
1.475,0,
1.476,0,
1.477,0,
1.478,0,
1.479,0,
1.48,0,
1.481,0,
1.482,0,
1.483,0,
1.484,0,
1.485,0,
1.486,0,
1.487,0,
1.488,0,
1.489,0,
1.49014,0,
1.491,0,
1.492,0,
1.493,0,
1.494,0,
1.495,0,
1.496,0,
1.497,0,
1.498,0,
1.499,0,
1.5,0,
1.501,0,
1.502,0,
1.503,0,
1.504,0,
1.505,0,
1.50612,0,
1.507,0,
1.508,0,
1.509,0,
1.51,0,
1.511,0,
1.512,0,
1.513,0,
1.514,0,
1.515,0,
1.516,0,
1.517,0,
1.518,0,
1.519,0,
1.52,0,
1.521,0,
1.522,0,
1.523,0,
1.524,0,
1.525,0,
1.526,0,
1.527,0,
1.528,0,
1.529,0,
1.53,0,
1.531,0,
1.532,0,
1.533,0,
1.534,0,
1.535,0,
1.536,0,
1.537,0,
1.538,0,
1.539,0,
1.54,0,
1.541,0,
1.542,0,
1.543,0,
1.544,0,
1.545,0,
1.546,0,
1.547,0,
1.548,0,
1.549,0,
1.55,0,
1.551,0,
1.552,0,
1.553,0,
1.554,0,
1.555,0,
1.556,0,
1.557,0,
1.558,0,
1.559,0,
1.56,0,
1.561,0,
1.562,0,
1.563,0,
1.564,0,
1.565,0,
1.566,0,
1.567,0,
1.568,0,
1.569,0,
1.57,0,
1.571,0,
1.572,0,
1.573,0,
1.574,0,
1.575,0,
1.576,0,
1.577,0,
1.578,0,
1.579,0,
1.58,0,
1.581,0,
1.582,0,
1.583,0,
1.584,0,
1.585,0,
1.586,0,
1.587,0,
1.588,0,
1.589,0,
1.59,0,
1.591,0,
1.592,0,
1.593,0,
1.594,0,
1.595,0,
1.596,0,
1.597,0,
1.598,0,
1.599,0,
1.6,0,
1.601,0,
1.602,0,
1.603,0,
1.604,0,
1.605,0,
1.606,0,
1.607,0,
1.608,0,
1.609,0,
1.61,0,
1.611,0,
1.612,0,
1.613,0,
1.614,0,
1.615,0,
1.616,0,
1.617,0,
1.618,0,
1.619,0,
1.62,0,
1.621,0,
1.622,0,
1.623,0,
1.624,0,
1.625,0,
1.626,0,
1.627,0,
1.628,0,
1.629,0,
1.63,0,
1.631,0,
1.632,0,
1.633,0,
1.634,0,
1.635,0,
1.636,0,
1.637,0,
1.638,0,
1.639,0,
1.64,0,
1.641,0,
1.642,0,
1.643,0,
1.644,0,
1.645,0,
1.646,0,
1.647,0,
1.648,0,
1.649,0,
1.65,0,
1.651,0,
1.652,0,
1.653,0,
1.654,0,
1.655,0,
1.656,0,
1.657,0,
1.658,0,
1.659,0,
1.66,0,
1.66115,0,
1.66212,0,
1.663,0,
1.664,0,
1.66505,0,
1.666,0,
1.667,0,
1.668,0,
1.669,0,
1.67009,0,
1.671,0,
1.672,0,
1.673,0,
1.674,0,
1.675,0,
1.676,0,
1.677,0,
1.678,0,
1.679,0,
1.68,0,
1.681,0,
1.682,0,
1.683,0,
1.684,0,
1.685,0,
1.686,0,
1.687,0,
1.688,0,
1.689,0,
1.69,0,
1.691,0,
1.692,0,
1.693,0,
1.694,0,
1.695,0,
1.696,0,
1.697,0,
1.698,0,
1.699,0,
1.7,0,
1.701,0,
1.702,0,
1.703,0,
1.704,0,
1.70527,0,
1.706,0,
1.707,0,
1.708,0,
1.709,0,
1.71,0,
1.711,0,
1.712,0,
1.713,0,
1.714,0,
1.715,0,
1.716,0,
1.717,0,
1.718,0,
1.719,0,
1.72,0,
1.721,0,
1.722,0,
1.723,0,
1.724,0,
1.725,0,
1.726,0,
1.727,0,
1.728,0,
1.729,0,
1.73,0,
1.731,0,
1.732,0,
1.733,0,
1.734,0,
1.735,0,
1.736,0,
1.737,0,
1.738,0,
1.739,0,
1.74,0,
1.741,0,
1.742,0,
1.743,0,
1.744,0,
1.745,0,
1.746,0,
1.747,0,
1.748,0,
1.749,0,
1.75,0,
1.751,0,
1.752,0,
1.753,0,
1.754,0,
1.75523,0,
1.75629,0,
1.757,0,
1.758,0,
1.759,0,
1.76,0,
1.761,0,
1.762,0,
1.763,0,
1.764,0,
1.765,0,
1.766,0,
1.767,0,
1.768,0,
1.769,0,
1.77,0,
1.771,0,
1.772,0,
1.773,0,
1.774,0,
1.775,0,
1.776,0,
1.777,0,
1.778,0,
1.779,0,
1.78,0,
1.781,0,
1.782,0,
1.783,0,
1.784,0,
1.785,0,
1.786,0,
1.787,0,
1.788,0,
1.789,0,
1.79,0,
1.791,0,
1.792,0,
1.793,0,
1.794,0,
1.795,0,
1.796,0,
1.797,0,
1.798,0,
1.799,0,
1.8,0,
1.801,0,
1.802,0,
1.803,0,
1.804,0,
1.805,0,
1.806,0,
1.807,0,
1.808,0,
1.809,0,
1.81,0,
1.811,0,
1.812,0,
1.813,0,
1.814,0,
1.815,0,
1.816,0,
1.817,0,
1.818,0,
1.819,0,
1.82,0,
1.821,0,
1.822,0,
1.823,0,
1.824,0,
1.825,0,
1.826,0,
1.827,0,
1.828,0,
1.829,0,
1.83,0,
1.831,0,
1.832,0,
1.833,0,
1.834,0,
1.835,0,
1.836,0,
1.837,0,
1.838,0,
1.839,0,
1.84,0,
1.84101,0,
1.842,0,
1.843,0,
1.844,0,
1.845,0,
1.846,0,
1.847,0,
1.848,0,
1.849,0,
1.85,0,
1.851,0,
1.852,0,
1.853,0,
1.854,0,
1.855,0,
1.856,0,
1.857,0,
1.858,0,
1.859,0,
1.86,0,
1.861,0,
1.862,0,
1.863,0,
1.864,0,
1.86503,0,
1.86626,0,
1.86734,0,
1.86838,0,
1.86917,0,
1.87,0,
1.871,0,
1.872,0,
1.873,0,
1.874,0,
1.875,0,
1.876,0,
1.877,0,
1.878,0,
1.879,0,
1.88,0,
1.881,0,
1.882,0,
1.883,0,
1.884,0,
1.885,0,
1.886,0,
1.887,0,
1.888,0,
1.889,0,
1.89,0,
1.891,0,
1.892,0,
1.893,0,
1.894,0,
1.895,0,
1.896,0,
1.897,0,
1.898,0,
1.899,0,
1.9,0,
1.901,0,
1.902,0,
1.903,0,
1.904,0,
1.905,0,
1.906,0,
1.907,0,
1.908,0,
1.909,0,
1.91,0,
1.911,0,
1.912,0,
1.913,0,
1.914,0,
1.915,0,
1.916,0,
1.917,0,
1.918,0,
1.919,0,
1.92,0,
1.921,0,
1.922,0,
1.923,0,
1.924,0,
1.925,0,
1.926,0,
1.927,0,
1.928,0,
1.929,0,
1.93,0,
1.931,0,
1.932,0,
1.933,0,
1.934,0,
1.935,0,
1.936,0,
1.937,0,
1.938,0,
1.939,0,
1.94,0,
1.941,0,
1.942,0,
1.943,0,
1.944,0,
1.945,0,
1.946,0,
1.947,0,
1.948,0,
1.949,0,
1.95,0,
1.951,0,
1.952,0,
1.953,0,
1.954,0,
1.955,0,
1.956,0,
1.957,0,
1.958,0,
1.959,0,
1.96,0,
1.961,0,
1.962,0,
1.963,0,
1.964,0,
1.965,0,
1.966,0,
1.967,0,
1.968,0,
1.969,0,
1.97,0,
1.971,0,
1.972,0,
1.973,0,
1.974,0,
1.975,0,
1.976,0,
1.977,0,
1.978,0,
1.979,0,
1.98,0,
1.981,0,
1.982,0,
1.983,0,
1.984,0,
1.985,0,
1.986,0,
1.987,0,
1.988,0,
1.989,0,
1.99,0,
1.991,0,
1.992,0,
1.993,0,
1.994,0,
1.995,0,
1.996,0,
1.997,0,
1.998,0,
1.999,0,
2,0,
2.001,0,
2.002,0,
2.003,0,
2.004,0,
2.005,0,
2.006,0,
2.007,0,
2.008,0,
2.009,0,
2.01,0,
2.011,0,
2.012,0,
2.013,0,
2.014,0,
2.015,0,
2.016,0,
2.017,0,
2.018,0,
2.019,0,
2.02,0,
2.021,0,
2.022,0,
2.023,0,
2.024,0,
2.025,0,
2.026,0,
2.027,0,
2.028,0,
2.029,0,
2.03,0,
2.031,0,
2.032,0,
2.033,0,
2.034,0,
2.035,0,
2.036,0,
2.037,0,
2.038,0,
2.039,0,
2.04,0,
2.041,0,
2.042,0,
2.043,0,
2.044,0,
2.045,0,
2.046,0,
2.047,0,
2.048,0,
2.049,0,
2.05,0,
2.051,0,
2.052,0,
2.053,0,
2.054,0,
2.055,0,
2.056,0,
2.057,0,
2.058,0,
2.059,0,
2.06,0,
2.061,0,
2.062,0,
2.063,0,
2.064,0,
2.065,0,
2.066,0,
2.067,0,
2.068,0,
2.069,0,
2.07,0,
2.071,0,
2.072,0,
2.073,0,
2.074,0,
2.075,0,
2.076,0,
2.077,0,
2.078,0,
2.079,0,
2.08,0,
2.081,0,
2.082,0,
2.083,0,
2.084,0,
2.085,0,
2.086,0,
2.087,0,
2.088,0,
2.089,0,
2.09,0,
2.091,0,
2.092,0,
2.093,0,
2.094,0,
2.095,0,
2.096,0,
2.097,0,
2.098,0,
2.099,0,
2.1,0,
2.101,0,
2.102,0,
2.103,0,
2.104,0,
2.105,0,
2.106,0,
2.107,0,
2.108,0,
2.109,0,
2.11,0,
2.111,0,
2.112,0,
2.113,0,
2.114,0,
2.115,0,
2.116,0,
2.117,0,
2.118,0,
2.119,0,
2.12,0,
2.121,0,
2.122,0,
2.123,0,
2.124,0,
2.125,0,
2.126,0,
2.127,0,
2.128,0,
2.129,0,
2.13,0,
2.131,0,
2.132,0,
2.133,0,
2.134,0,
2.135,0,
2.136,0,
2.137,0,
2.138,0,
2.139,0,
2.14,0,
2.141,0,
2.142,0,
2.143,0,
2.144,0,
2.145,0,
2.146,0,
2.147,0,
2.148,0,
2.149,0,
2.15,0,
2.151,0,
2.152,0,
2.153,0,
2.154,0,
2.155,0,
2.156,0,
2.157,0,
2.158,0,
2.159,0,
2.16,0,
2.161,0,
2.162,0,
2.163,0,
2.164,0,
2.165,0,
2.166,0,
2.167,0,
2.168,0,
2.169,0,
2.17,0,
2.171,0,
2.172,0,
2.173,0,
2.174,0,
2.175,0,
2.176,0,
2.177,0,
2.178,0,
2.179,0,
2.18,0,
2.181,0,
2.182,0,
2.183,0,
2.184,0,
2.185,0,
2.186,0,
2.187,0,
2.188,0,
2.189,0,
2.19,0,
2.191,0,
2.192,0,
2.193,0,
2.194,0,
2.195,0,
2.196,0,
2.197,0,
2.198,0,
2.199,0,
2.2,0,
2.201,0,
2.202,0,
2.203,0,
2.204,0,
2.205,0,
2.206,0,
2.207,0,
2.208,0,
2.209,0,
2.21,0,
2.211,0,
2.212,0,
2.213,0,
2.214,0,
2.215,0,
2.216,0,
2.217,0,
2.218,0,
2.219,0,
2.22,0,
2.221,0,
2.222,0,
2.223,0,
2.224,0,
2.225,0,
2.226,0,
2.227,0,
2.228,0,
2.229,0,
2.23,0,
2.231,0,
2.232,0,
2.233,0,
2.234,0,
2.235,0,
2.236,0,
2.237,0,
2.238,0,
2.239,0,
2.24,0,
2.241,0,
2.242,0,
2.243,0,
2.244,0,
2.245,0,
2.246,0,
2.247,0,
2.248,0,
2.249,0,
2.25,0,
2.251,0,
2.252,0,
2.253,0,
2.254,0,
2.255,0,
2.256,0,
2.257,0,
2.258,0,
2.259,0,
2.26,0,
2.261,0,
2.262,0,
2.263,0,
2.264,0,
2.265,0,
2.266,0,
2.267,0,
2.268,0,
2.269,0,
2.27,0,
2.271,0,
2.272,0,
2.273,0,
2.274,0,
2.275,0,
2.276,0,
2.277,0,
2.278,0,
2.279,0,
2.28,0,
2.281,0,
2.282,0,
2.283,0,
2.284,0,
2.285,0,
2.286,0,
2.287,0,
2.288,0,
2.289,0,
2.29,0,
2.291,0,
2.292,0,
2.293,0,
2.294,0,
2.295,0,
2.296,0,
2.297,0,
2.298,0,
2.299,0,
2.3,0,
2.301,0,
2.302,0,
2.303,0,
2.304,0,
2.305,0,
2.306,0,
2.307,0,
2.308,0,
2.309,0,
2.31,0,
2.311,0,
2.312,0,
2.313,0,
2.314,0,
2.315,0,
2.316,0,
2.317,0,
2.318,0,
2.319,0,
2.32,0,
2.321,0,
2.322,0,
2.323,0,
2.324,0,
2.325,0,
2.326,0,
2.327,0,
2.328,0,
2.329,0,
2.33,0,
2.331,0,
2.332,0,
2.333,0,
2.334,0,
2.335,0,
2.336,0,
2.337,0,
2.338,0,
2.339,0,
2.34,0,
2.341,0,
2.342,0,
2.343,0,
2.344,0,
2.345,0,
2.346,0,
2.347,0,
2.348,0,
2.349,0,
2.35,0,
2.351,0,
2.352,0,
2.353,0,
2.354,0,
2.355,0,
2.356,0,
2.357,0,
2.358,0,
2.359,0,
2.36,0,
2.361,0,
2.362,0,
2.363,0,
2.364,0,
2.365,0,
2.366,0,
2.367,0,
2.368,0,
2.369,0,
2.37,0,
2.371,0,
2.372,0,
2.373,0,
2.374,0,
2.375,0,
2.376,0,
2.377,0,
2.378,0,
2.379,0,
2.38,0,
2.381,0,
2.382,0,
2.383,0,
2.384,0,
2.385,0,
2.386,0,
2.387,0,
2.388,0,
2.389,0,
2.39,0,
2.391,0,
2.392,0,
2.393,0,
2.394,0,
2.395,0,
2.396,0,
2.397,0,
2.398,0,
2.399,0,
2.4,0,
2.401,0,
2.402,0,
2.403,0,
2.404,0,
2.405,0,
2.406,0,
2.407,0,
2.408,0,
2.409,0,
2.41,0,
2.411,0,
2.412,0,
2.413,0,
2.414,0,
2.415,0,
2.416,0,
2.417,0,
2.418,0,
2.419,0,
2.42,0,
2.421,0,
2.422,0,
2.423,0,
2.424,0,
2.425,0,
2.426,0,
2.427,0,
2.428,0,
2.429,0,
2.43,0,
2.431,0,
2.432,0,
2.433,0,
2.434,0,
2.435,0,
2.436,0,
2.437,0,
2.438,0,
2.439,0,
2.44,0,
2.441,0,
2.442,0,
2.443,0,
2.444,0,
2.445,0,
2.446,0,
2.447,0,
2.448,0,
2.449,0,
2.45,0,
2.451,0,
2.452,0,
2.453,0,
2.454,0,
2.455,0,
2.456,0,
2.457,0,
2.458,0,
2.459,0,
2.46,0,
2.461,0,
2.462,0,
2.463,0,
2.464,0,
2.465,0,
2.466,0,
2.467,0,
2.468,0,
2.469,0,
2.47,0,
2.471,0,
2.472,0,
2.473,0,
2.474,0,
2.475,0,
2.476,0,
2.477,0,
2.478,0,
2.479,0,
2.48,0,
2.481,0,
2.482,0,
2.483,0,
2.484,0,
2.485,0,
2.486,0,
2.487,0,
2.488,0,
2.489,0,
2.49,0,
2.491,0,
2.492,0,
2.493,0,
2.494,0,
2.495,0,
2.496,0,
2.497,0,
2.498,0,
2.499,0,
2.5,0,
2.501,0,
2.502,0,
2.503,0,
2.504,0,
2.505,0,
2.506,0,
2.507,0,
2.508,0,
2.509,0,
2.51,0,
2.511,0,
2.512,0,
2.513,0,
2.514,0,
2.515,0,
2.516,0,
2.517,0,
2.518,0,
2.519,0,
2.52,0,
2.521,0,
2.522,0,
2.523,0,
2.524,0,
2.525,0,
2.526,0,
2.527,0,
2.528,0,
2.529,0,
2.53,0,
2.531,0,
2.532,0,
2.533,0,
2.534,0,
2.535,0,
2.536,0,
2.537,0,
2.538,0,
2.539,0,
2.54,0,
2.541,0,
2.542,0,
2.543,0,
2.544,0,
2.545,0,
2.546,0,
2.547,0,
2.548,0,
2.549,0,
2.55,0,
2.551,0,
2.552,0,
2.553,0,
2.554,0,
2.555,0,
2.556,0,
2.557,0,
2.558,0,
2.559,0,
2.56,0,
2.561,0,
2.562,0,
2.563,0,
2.564,0,
2.565,0,
2.566,0,
2.567,0,
2.568,0,
2.569,0,
2.57,0,
2.571,0,
2.572,0,
2.573,0,
2.574,0,
2.575,0,
2.576,0,
2.577,0,
2.578,0,
2.579,0,
2.58,0,
2.581,0,
2.582,0,
2.583,0,
2.584,0,
2.585,0,
2.586,0,
2.587,0,
2.588,0,
2.589,0,
2.59,0,
2.591,0,
2.592,0,
2.593,0,
2.594,0,
2.595,0,
2.596,0,
2.597,0,
2.598,0,
2.599,0,
2.6,0,
2.601,0,
2.602,0,
2.603,0,
2.604,0,
2.605,0,
2.606,0,
2.607,0,
2.608,0,
2.609,0,
2.61,0,
2.611,0,
2.612,0,
2.613,0,
2.614,0,
2.615,0,
2.616,0,
2.617,0,
2.618,0,
2.619,0,
2.62,0,
2.621,0,
2.622,0,
2.623,0,
2.624,0,
2.625,0,
2.626,0,
2.627,0,
2.628,0,
2.629,0,
2.63,0,
2.631,0,
2.632,0,
2.633,0,
2.634,0,
2.635,0,
2.636,0,
2.637,0,
2.638,0,
2.639,0,
2.64,0,
2.641,0,
2.642,0,
2.643,0,
2.644,0,
2.645,0,
2.646,0,
2.647,0,
2.648,0,
2.649,0,
2.65,0,
2.651,0,
2.652,0,
2.653,0,
2.654,0,
2.655,0,
2.656,0,
2.657,0,
2.658,0,
2.659,0,
2.66,0,
2.661,0,
2.662,0,
2.663,0,
2.664,0,
2.665,0,
2.666,0,
2.667,0,
2.668,0,
2.669,0,
2.67,0,
2.671,0,
2.672,0,
2.673,0,
2.674,0,
2.675,0,
2.676,0,
2.677,0,
2.678,0,
2.679,0,
2.68,0,
2.681,0,
2.682,0,
2.683,0,
2.684,0,
2.685,0,
2.686,0,
2.687,0,
2.688,0,
2.689,0,
2.69,0,
2.691,0,
2.692,0,
2.693,0,
2.694,0,
2.695,0,
2.696,0,
2.697,0,
2.698,0,
2.699,0,
2.7,0,
2.701,0,
2.702,0,
2.703,0,
2.704,0,
2.705,0,
2.706,0,
2.707,0,
2.708,0,
2.709,0,
2.71,0,
2.711,0,
2.712,0,
2.713,0,
2.714,0,
2.715,0,
2.716,0,
2.71713,0,
2.71823,0,
2.719,0,
2.72,0,
2.721,0,
2.722,0,
2.723,0,
2.724,0,
2.725,0,
2.726,0,
2.727,0,
2.728,0,
2.729,0,
2.73,0,
2.731,0,
2.732,0,
2.733,0,
2.734,0,
2.735,0,
2.736,0,
2.737,0,
2.738,0,
2.739,0,
2.74,0,
2.741,0,
2.742,0,
2.743,0,
2.744,0,
2.745,0,
2.746,0,
2.747,0,
2.748,0,
2.749,0,
2.75,0,
2.751,0,
2.752,0,
2.753,0,
2.754,0,
2.75501,0,
2.7562,0,
2.75716,0,
2.75808,0,
2.759,0,
2.76,0,
2.761,0,
2.762,0,
2.763,0,
2.764,0,
2.765,0,
2.766,0,
2.767,0,
2.768,0,
2.769,0,
2.77,0,
2.771,0,
2.772,0,
2.773,0,
2.774,0,
2.775,0,
2.776,0,
2.777,0,
2.778,0,
2.779,0,
2.78,0,
2.781,0,
2.782,0,
2.783,0,
2.784,0,
2.785,0,
2.786,0,
2.787,0,
2.788,0,
2.789,0,
2.79,0,
2.791,0,
2.792,0,
2.793,0,
2.794,0,
2.795,0,
2.796,0,
2.797,0,
2.798,0,
2.799,0,
2.8,0,
2.801,0,
2.80215,0,
2.80315,0,
2.80419,0,
2.805,0,
2.806,0,
2.807,0,
2.808,0,
2.809,0,
2.81,0,
2.811,0,
2.81202,0,
2.813,0,
2.814,0,
2.815,0,
2.816,0,
2.817,0,
2.818,0,
2.819,0,
2.82,0,
2.821,0,
2.822,0,
2.823,0,
2.824,0,
2.825,0,
2.826,0,
2.827,0,
2.828,0,
2.829,0,
2.83,0,
2.831,0,
2.832,0,
2.833,0,
2.834,0,
2.835,0,
2.836,0,
2.837,0,
2.83813,0,
2.839,0,
2.84,0,
2.841,0,
2.842,0,
2.84325,0,
2.84465,0,
2.84547,0,
2.84602,0,
2.847,0,
2.848,0,
2.849,0,
2.85,0,
2.851,0,
2.852,0,
2.853,0,
2.854,0,
2.855,0,
2.85637,0,
2.85723,0,
2.858,0,
2.859,0,
2.86,0,
2.861,0,
2.862,0,
2.863,0,
2.864,0,
2.865,0,
2.866,0,
2.867,0,
2.868,0,
2.869,0,
2.87,0,
2.871,0,
2.872,0,
2.873,0,
2.874,0,
2.875,0,
2.876,0,
2.877,0,
2.87825,0,
2.879,0,
2.88,0,
2.881,0,
2.882,0,
2.883,0,
2.884,0,
2.885,0,
2.886,0,
2.887,0,
2.888,0,
2.889,0,
2.89,0,
2.891,0,
2.892,0,
2.893,0,
2.894,0,
2.895,0,
2.896,0,
2.897,0,
2.898,0,
2.899,0,
2.9,0,
2.901,0,
2.902,0,
2.903,0,
2.904,0,
2.905,0,
2.906,0,
2.907,0,
2.908,0,
2.909,0,
2.91,0,
2.911,0,
2.912,0,
2.913,0,
2.914,0,
2.915,0,
2.916,0,
2.917,0,
2.918,0,
2.919,0,
2.9201,0,
2.921,0,
2.922,0,
2.923,0,
2.924,0,
2.92522,0,
2.9264,0,
2.92763,0,
2.92841,0,
2.929,0,
2.93,0,
2.931,0,
2.932,0,
2.933,0,
2.934,0,
2.935,0,
2.936,0,
2.937,0,
2.93807,0,
2.939,0,
2.94,0,
2.941,0,
2.942,0,
2.943,0,
2.944,0,
2.945,0,
2.946,0,
2.947,0,
2.948,0,
2.949,0,
2.95,0,
2.951,0,
2.952,0,
2.953,0,
2.954,0,
2.955,0,
2.956,0,
2.957,0,
2.958,0,
2.959,0,
2.96,0,
2.961,0,
2.962,0,
2.963,0,
2.964,0,
2.965,0,
2.966,0,
2.967,0,
2.968,0,
2.969,0,
2.97,0,
2.971,0,
2.972,0,
2.973,0,
2.974,0,
2.975,0,
2.976,0,
2.977,0,
2.978,0,
2.979,0,
2.98,0,
2.981,0,
2.982,0,
2.983,0,
2.984,0,
2.985,0,
2.986,0,
2.987,0,
2.988,0,
2.989,0,
2.99,0,
2.991,0,
2.992,0,
2.993,0,
2.994,0,
2.995,0,
2.996,0,
2.99703,0,
2.99814,0,
2.99903,0,
3,0,
3.001,0,
3.002,0,
3.003,0,
3.004,0,
3.00529,0,
3.00631,0,
3.007,0,
3.008,0,
3.009,0,
3.01,0,
3.011,0,
3.012,0,
3.013,0,
3.01485,0,
3.01614,0,
3.01671,0,
3.01724,0,
3.018,0,
3.019,0,
3.02,0,
3.021,0,
3.022,0,
3.023,0,
3.024,0,
3.025,0,
3.026,0,
3.02709,0,
3.028,0,
3.029,0,
3.03,0,
3.031,0,
3.032,0,
3.033,0,
3.034,0,
3.035,0,
3.036,0,
3.037,0,
3.038,0,
3.039,0,
3.04,0,
3.041,0,
3.042,0,
3.043,0,
3.044,0,
3.045,0,
3.046,0,
3.047,0,
3.048,0,
3.049,0,
3.05,0,
3.051,0,
3.052,0,
3.053,0,
3.054,0,
3.055,0,
3.056,0,
3.057,0,
3.058,0,
3.059,0,
3.06,0,
3.061,0,
3.062,0,
3.063,0,
3.064,0,
3.065,0,
3.066,0,
3.067,0,
3.068,0,
3.069,0,
3.07,0,
3.071,0,
3.072,0,
3.073,0,
3.074,0,
3.075,0,
3.076,0,
3.077,0,
3.078,0,
3.079,0,
3.08,0,
3.081,0,
3.082,0,
3.083,0,
3.08406,0,
3.085,0,
3.086,0,
3.087,0,
3.088,0,
3.089,0,
3.09,0,
3.091,0,
3.092,0,
3.093,0,
3.094,0,
3.09653,0,
3.09841,0,
3.09936,0,
3.10031,0,
3.10081,0,
3.10129,0,
3.103,0,
3.10355,0,
3.10405,0,
3.1046,0,
3.10518,0,
3.106,0,
3.107,0,
3.108,0,
3.109,0,
3.11,0,
3.111,0,
3.112,0,
3.113,0,
3.114,0,
3.115,0,
3.116,0,
3.11704,0,
3.118,0,
3.119,0,
3.12,0,
3.121,0,
3.122,0,
3.12329,0,
3.124,0,
3.125,0,
3.126,0,
3.127,0,
3.128,0,
3.129,0,
3.13,0,
3.131,0,
3.132,0,
3.133,0,
3.134,0,
3.135,0,
3.136,0,
3.137,0,
3.138,0,
3.139,0,
3.14,0,
3.141,0,
3.142,0,
3.143,0,
3.144,0,
3.145,0,
3.146,0,
3.147,0,
3.148,0,
3.149,0,
3.15,0,
3.151,0,
3.152,0,
3.153,0,
3.15402,0,
3.155,0,
3.1567,0,
3.1589,0,
3.16039,0,
3.16188,0,
3.16414,0,
3.1661,0,
3.1678,0,
3.16846,0,
3.16893,0,
3.16941,0,
3.16992,0,
3.17041,0,
3.17091,0,
3.17138,0,
3.17183,0,
3.17231,0,
3.17285,0,
3.17338,0,
3.17402,0,
3.175,0,
3.176,0,
3.177,0,
3.178,0,
3.179,0,
3.18,0,
3.181,0,
3.182,0,
3.183,0,
3.184,0,
3.18569,0,
3.18672,0,
3.18748,0,
3.18801,0,
3.189,0,
3.19,0,
3.191,0,
3.192,0,
3.193,0,
3.19408,0,
3.19672,0,
3.19831,0,
3.19911,0,
3.19956,0,
3.20006,0,
3.20054,0,
3.20165,0,
3.20273,0,
3.20323,0,
3.204,0,
3.205,0,
3.206,0,
3.207,0,
3.208,0,
3.209,0,
3.21013,0,
3.21117,0,
3.21225,0,
3.213,0,
3.214,0,
3.215,0,
3.216,0,
3.217,0,
3.218,0,
3.219,0,
3.22,0,
3.221,0,
3.222,0,
3.223,0,
3.224,0,
3.225,0,
3.226,0,
3.22721,0,
3.2291,0,
3.23056,0,
3.23135,0,
3.2319,0,
3.23249,0,
3.23309,0,
3.234,0,
3.235,0,
3.236,0,
3.237,0,
3.238,0,
3.239,0,
3.24,0,
3.241,0,
3.24203,0,
3.243,0,
3.244,0,
3.245,0,
3.246,0,
3.247,0,
3.248,0,
3.249,0,
3.25,0,
3.251,0,
3.25213,0,
3.25333,0,
3.254,0,
3.255,0,
3.256,0,
3.257,0,
3.258,0,
3.259,0,
3.26,0,
3.261,0,
3.262,0,
3.263,0,
3.264,0,
3.265,0,
3.266,0,
3.267,0,
3.268,0,
3.269,0,
3.27,0,
3.271,0,
3.272,0,
3.273,0,
3.274,0,
3.275,0,
3.276,0,
3.277,0,
3.278,0,
3.279,0,
3.28,0,
3.281,0,
3.282,0,
3.283,0,
3.284,0,
3.285,0,
3.286,0,
3.287,0,
3.288,0,
3.289,0,
3.29,0,
3.291,0,
3.292,0,
3.293,0,
3.294,0,
3.295,0,
3.296,0,
3.297,0,
3.298,0,
3.299,0,
3.3,0,
3.301,0,
3.302,0,
3.30333,0,
3.30497,0,
3.30551,0,
3.30601,0,
3.307,0,
3.308,0,
3.309,0,
3.31,0,
3.311,0,
3.312,0,
3.313,0,
3.314,0,
3.315,0,
3.316,0,
3.317,0,
3.318,0,
3.319,0,
3.32,0,
3.321,0,
3.322,0,
3.323,0,
3.324,0,
3.325,0,
3.32605,0,
3.327,0,
3.328,0,
3.329,0,
3.33,0,
3.331,0,
3.332,0,
3.333,0,
3.334,0,
3.335,0,
3.336,0,
3.337,0,
3.338,0,
3.339,0,
3.34,0,
3.341,0,
3.342,0,
3.343,0,
3.344,0,
3.345,0,
3.346,0,
3.34728,0,
3.34839,0,
3.34981,0,
3.35077,0,
3.35125,0,
3.352,0,
3.353,0,
3.354,0,
3.355,0,
3.356,0,
3.357,0,
3.358,0,
3.35969,0,
3.36109,0,
3.36303,0,
3.36441,0,
3.36602,0,
3.36654,0,
3.36703,0,
3.36753,0,
3.368,0,
3.36988,0,
3.37121,0,
3.37169,0,
3.37225,0,
3.37279,0,
3.37331,0,
3.374,0,
3.375,0,
3.376,0,
3.377,0,
3.378,0,
3.379,0,
3.38,0,
3.381,0,
3.382,0,
3.383,0,
3.38478,0,
3.38632,0,
3.38691,0,
3.38755,0,
3.3881,0,
3.389,0,
3.39075,0,
3.39131,0,
3.39201,0,
3.393,0,
3.394,0,
3.395,0,
3.396,0,
3.397,0,
3.398,0,
3.399,0,
3.4,0,
3.401,0,
3.402,0,
3.403,0,
3.404,0,
3.405,0,
3.406,0,
3.407,0,
3.408,0,
3.409,0,
3.41,0,
3.411,0,
3.412,0,
3.413,0,
3.414,0,
3.415,0,
3.416,0,
3.417,0,
3.418,0,
3.419,0,
3.42,0,
3.421,0,
3.422,0,
3.423,0,
3.424,0,
3.425,0,
3.426,0,
3.427,0,
3.428,0,
3.429,0,
3.43,0,
3.43111,0,
3.43206,0,
3.4332,0,
3.43406,0,
3.435,0,
3.436,0,
3.437,0,
3.43817,0,
3.439,0,
3.44,0,
3.441,0,
3.442,0,
3.443,0,
3.444,0,
3.445,0,
3.446,0,
3.447,0,
3.448,0,
3.449,0,
3.45,0,
3.451,0,
3.452,0,
3.453,0,
3.454,0,
3.455,0,
3.456,0,
3.457,0,
3.458,0,
3.459,0,
3.46,0,
3.461,0,
3.462,0,
3.463,0,
3.464,0,
3.465,0,
3.466,0,
3.467,0,
3.468,0,
3.469,0,
3.47,0,
3.471,0,
3.472,0,
3.473,0,
3.474,0,
3.475,0,
3.476,0,
3.477,0,
3.478,0,
3.479,0,
3.48,0,
3.481,0,
3.482,0,
3.483,0,
3.484,0,
3.485,0,
3.486,0,
3.487,0,
3.488,0,
3.489,0,
3.49005,0,
3.491,0,
3.492,0,
3.493,0,
3.494,0,
3.495,0,
3.49612,0,
3.497,0,
3.498,0,
3.49955,0,
3.50006,0,
3.501,0,
3.502,0,
3.503,0,
3.504,0,
3.505,0,
3.506,0,
3.507,0,
3.508,0,
3.509,0,
3.51,0,
3.511,0,
3.512,0,
3.513,0,
3.514,0,
3.515,0,
3.516,0,
3.517,0,
3.518,0,
3.519,0,
3.52,0,
3.521,0,
3.522,0,
3.523,0,
3.524,0,
3.525,0,
3.526,0,
3.527,0,
3.528,0,
3.529,0,
3.53,0,
3.531,0,
3.532,0,
3.533,0,
3.534,0,
3.535,0,
3.536,0,
3.537,0,
3.538,0,
3.539,0,
3.54,0,
3.541,0,
3.542,0,
3.543,0,
3.544,0,
3.545,0,
3.546,0,
3.547,0,
3.548,0,
3.549,0,
3.55,0,
3.551,0,
3.552,0,
3.553,0,
3.554,0,
3.555,0,
3.556,0,
3.557,0,
3.558,0,
3.559,0,
3.56012,0,
3.561,0,
3.562,0,
3.563,0,
3.564,0,
3.565,0,
3.566,0,
3.567,0,
3.568,0,
3.569,0,
3.57,0,
3.571,0,
3.572,0,
3.573,0,
3.574,0,
3.575,0,
3.576,0,
3.577,0,
3.578,0,
3.57955,0,
3.58082,0,
3.58144,0,
3.58223,0,
3.583,0,
3.584,0,
3.585,0,
3.586,0,
3.587,0,
3.588,0,
3.589,0,
3.59,0,
3.591,0,
3.592,0,
3.593,0,
3.594,0,
3.595,0,
3.596,0,
3.597,0,
3.598,0,
3.599,0,
3.6,0,
3.601,0,
3.60209,0,
3.603,0,
3.604,0,
3.605,0,
3.606,0,
3.607,0,
3.608,0,
3.609,0,
3.61037,0,
3.611,0,
3.612,0,
3.613,0,
3.614,0,
3.615,0,
3.616,0,
3.617,0,
3.618,0,
3.619,0,
3.62063,0,
3.62243,0,
3.62391,0,
3.62516,0,
3.62701,0,
3.62753,0,
3.62807,0,
3.62858,0,
3.62912,0,
3.62962,0,
3.63009,0,
3.631,0,
3.632,0,
3.633,0,
3.634,0,
3.635,0,
3.636,0,
3.637,0,
3.638,0,
3.639,0,
3.64059,0,
3.64214,0,
3.64338,0,
3.64395,0,
3.64453,0,
3.64506,0,
3.646,0,
3.647,0,
3.648,0,
3.649,0,
3.65,0,
3.651,0,
3.652,0,
3.653,0,
3.654,0,
3.655,0,
3.65612,0,
3.65822,0,
3.66013,0,
3.66167,0,
3.66219,0,
3.66266,0,
3.66317,0,
3.66367,0,
3.66416,0,
3.665,0,
3.666,0,
3.667,0,
3.668,0,
3.669,0,
3.67,0,
3.671,0,
3.67203,0,
3.673,0,
3.674,0,
3.675,0,
3.676,0,
3.677,0,
3.678,0,
3.679,0,
3.68,0,
3.681,0,
3.682,0,
3.683,0,
3.684,0,
3.685,0,
3.686,0,
3.687,0,
3.688,0,
3.689,0,
3.69,0,
3.691,0,
3.692,0,
3.693,0,
3.694,0,
3.695,0,
3.696,0,
3.697,0,
3.698,0,
3.699,0,
3.7,0,
3.701,0,
3.702,0,
3.703,0,
3.704,0,
3.705,0,
3.706,0,
3.707,0,
3.708,0,
3.709,0,
3.71,0,
3.711,0,
3.712,0,
3.713,0,
3.714,0,
3.715,0,
3.716,0,
3.717,0,
3.718,0,
3.719,0,
3.7203,0,
3.72127,0,
3.722,0,
3.723,0,
3.724,0,
3.725,0,
3.726,0,
3.727,0,
3.728,0,
3.729,0,
3.73049,0,
3.73106,0,
3.732,0,
3.733,0,
3.734,0,
3.735,0,
3.736,0,
3.737,0,
3.738,0,
3.739,0,
3.74,0,
3.741,0,
3.742,0,
3.743,0,
3.744,0,
3.745,0,
3.746,0,
3.747,0,
3.748,0,
3.749,0,
3.75,0,
3.751,0,
3.752,0,
3.753,0,
3.754,0,
3.755,0,
3.756,0,
3.757,0,
3.758,0,
3.759,0,
3.76,0,
3.761,0,
3.762,0,
3.763,0,
3.764,0,
3.765,0,
3.766,0,
3.767,0,
3.768,0,
3.769,0,
3.77,0,
3.771,0,
3.772,0,
3.773,0,
3.774,0,
3.775,0,
3.776,0,
3.777,0,
3.778,0,
3.779,0,
3.78,0,
3.781,0,
3.782,0,
3.783,0,
3.784,0,
3.785,0,
3.786,0,
3.787,0,
3.788,0,
3.789,0,
3.79,0,
3.791,0,
3.792,0,
3.793,0,
3.794,0,
3.795,0,
3.796,0,
3.797,0,
3.798,0,
3.799,0,
3.8,0,
3.801,0,
3.802,0,
3.803,0,
3.804,0,
3.80509,0,
3.80764,0,
3.8084,0,
3.80898,0,
3.8096,0,
3.81025,0,
3.811,0,
3.812,0,
3.813,0,
3.814,0,
3.815,0,
3.816,0,
3.817,0,
3.818,0,
3.819,0,
3.82,0,
3.82219,0,
3.82415,0,
3.82488,0,
3.82539,0,
3.8259,0,
3.82641,0,
3.827,0,
3.828,0,
3.829,0,
3.83,0,
3.831,0,
3.832,0,
3.833,0,
3.834,0,
3.835,0,
3.83614,0,
3.837,0,
3.838,0,
3.839,0,
3.84,0,
3.841,0,
3.842,0,
3.843,0,
3.844,0,
3.845,0,
3.84691,0,
3.84745,0,
3.848,0,
3.849,0,
3.85,0,
3.851,0,
3.852,0,
3.853,0,
3.854,0,
3.855,0,
3.856,0,
3.857,0,
3.858,0,
3.859,0,
3.86,0,
3.861,0,
3.862,0,
3.863,0,
3.864,0,
3.865,0,
3.866,0,
3.867,0,
3.868,0,
3.869,0,
3.87,0,
3.871,0,
3.872,0,
3.873,0,
3.874,0,
3.875,0,
3.876,0,
3.877,0,
3.878,0,
3.879,0,
3.88,0,
3.881,0,
3.882,0,
3.883,0,
3.884,0,
3.885,0,
3.886,0,
3.887,0,
3.888,0,
3.889,0,
3.89,0,
3.891,0,
3.892,0,
3.893,0,
3.894,0,
3.895,0,
3.896,0,
3.897,0,
3.898,0,
3.899,0,
3.9,0,
3.901,0,
3.902,0,
3.903,0,
3.904,0,
3.905,0,
3.906,0,
3.907,0,
3.908,0,
3.909,0,
3.91,0,
3.911,0,
3.912,0,
3.913,0,
3.914,0,
3.915,0,
3.916,0,
3.917,0,
3.918,0,
3.919,0,
3.92,0,
3.921,0,
3.922,0,
3.923,0,
3.924,0,
3.925,0,
3.926,0,
3.927,0,
3.928,0,
3.929,0,
3.93,0,
3.931,0,
3.932,0,
3.933,0,
3.934,0,
3.935,0,
3.936,0,
3.937,0,
3.938,0,
3.939,0,
3.94,0,
3.941,0,
3.942,0,
3.943,0,
3.944,0,
3.945,0,
3.946,0,
3.947,0,
3.948,0,
3.949,0,
3.95,0,
3.951,0,
3.952,0,
3.953,0,
3.954,0,
3.955,0,
3.956,0,
3.957,0,
3.958,0,
3.959,0,
3.96,0,
3.961,0,
3.962,0,
3.963,0,
3.964,0,
3.965,0,
3.966,0,
3.967,0,
3.968,0,
3.969,0,
3.97,0,
3.971,0,
3.972,0,
3.973,0,
3.974,0,
3.975,0,
3.976,0,
3.977,0,
3.978,0,
3.979,0,
3.98,0,
3.981,0,
3.982,0,
3.983,0,
3.984,0,
3.985,0,
3.986,0,
3.987,0,
3.988,0,
3.989,0,
3.99,0,
3.991,0,
3.992,0,
3.993,0,
3.994,0,
3.995,0,
3.996,0,
3.997,0,
3.998,0,
3.999,0,
4,0,
4.001,0,
4.002,0,
4.003,0,
4.004,0,
4.005,0,
4.006,0,
4.007,0,
4.008,0,
4.009,0,
4.01,0,
4.011,0,
4.012,0,
4.013,0,
4.014,0,
4.015,0,
4.016,0,
4.017,0,
4.018,0,
4.019,0,
4.02,0,
4.021,0,
4.022,0,
4.023,0,
4.024,0,
4.025,0,
4.026,0,
4.027,0,
4.028,0,
4.029,0,
4.03,0,
4.031,0,
4.032,0,
4.033,0,
4.034,0,
4.035,0,
4.036,0,
4.037,0,
4.038,0,
4.039,0,
4.04,0,
4.041,0,
4.042,0,
4.043,0,
4.044,0,
4.045,0,
4.046,0,
4.047,0,
4.048,0,
4.049,0,
4.05,0,
4.051,0,
4.052,0,
4.053,0,
4.054,0,
4.055,0,
4.056,0,
4.057,0,
4.058,0,
4.059,0,
4.06,0,
4.061,0,
4.062,0,
4.063,0,
4.064,0,
4.065,0,
4.066,0,
4.067,0,
4.068,0,
4.069,0,
4.07,0,
4.071,0,
4.072,0,
4.073,0,
4.074,0,
4.075,0,
4.076,0,
4.077,0,
4.078,0,
4.079,0,
4.08,0,
4.081,0,
4.082,0,
4.083,0,
4.084,0,
4.085,0,
4.086,0,
4.087,0,
4.088,0,
4.089,0,
4.09,0,
4.091,0,
4.092,0,
4.093,0,
4.094,0,
4.095,0,
4.096,0,
4.097,0,
4.098,0,
4.099,0,
4.1,0,
4.101,0,
4.102,0,
4.103,0,
4.104,0,
4.105,0,
4.106,0,
4.107,0,
4.108,0,
4.109,0,
4.11,0,
4.111,0,
4.112,0,
4.113,0,
4.114,0,
4.115,0,
4.116,0,
4.117,0,
4.118,0,
4.119,0,
4.12,0,
4.121,0,
4.122,0,
4.123,0,
4.124,0,
4.125,0,
4.126,0,
4.127,0,
4.128,0,
4.129,0,
4.13,0,
4.131,0,
4.132,0,
4.133,0,
4.134,0,
4.135,0,
4.136,0,
4.137,0,
4.138,0,
4.139,0,
4.14,0,
4.141,0,
4.142,0,
4.143,0,
4.144,0,
4.145,0,
4.146,0,
4.147,0,
4.148,0,
4.149,0,
4.15,0,
4.151,0,
4.152,0,
4.153,0,
4.154,0,
4.155,0,
4.156,0,
4.157,0,
4.158,0,
4.159,0,
4.16,0,
4.161,0,
4.162,0,
4.163,0,
4.164,0,
4.165,0,
4.166,0,
4.167,0,
4.168,0,
4.169,0,
4.17,0,
4.171,0,
4.172,0,
4.173,0,
4.174,0,
4.175,0,
4.176,0,
4.177,0,
4.178,0,
4.179,0,
4.18,0,
4.181,0,
4.182,0,
4.183,0,
4.184,0,
4.185,0,
4.186,0,
4.187,0,
4.188,0,
4.189,0,
4.19,0,
4.191,0,
4.192,0,
4.193,0,
4.194,0,
4.195,0,
4.196,0,
4.197,0,
4.198,0,
4.199,0,
4.2,0,
4.201,0,
4.202,0,
4.203,0,
4.204,0,
4.205,0,
4.206,0,
4.207,0,
4.208,0,
4.209,0,
4.21,0,
4.211,0,
4.212,0,
4.213,0,
4.214,0,
4.215,0,
4.216,0,
4.217,0,
4.218,0,
4.219,0,
4.22,0,
4.221,0,
4.222,0,
4.223,0,
4.224,0,
4.225,0,
4.226,0,
4.227,0,
4.228,0,
4.229,0,
4.23,0,
4.231,0,
4.232,0,
4.233,0,
4.234,0,
4.235,0,
4.236,0,
4.237,0,
4.238,0,
4.239,0,
4.24,0,
4.241,0,
4.242,0,
4.243,0,
4.244,0,
4.245,0,
4.246,0,
4.247,0,
4.248,0,
4.249,0,
4.25,0,
4.251,0,
4.252,0,
4.253,0,
4.254,0,
4.255,0,
4.256,0,
4.257,0,
4.258,0,
4.259,0,
4.26,0,
4.261,0,
4.262,0,
4.263,0,
4.264,0,
4.265,0,
4.266,0,
4.267,0,
4.268,0,
4.269,0,
4.27,0,
4.271,0,
4.272,0,
4.273,0,
4.274,0,
4.275,0,
4.276,0,
4.277,0,
4.278,0,
4.279,0,
4.28,0,
4.281,0,
4.282,0,
4.283,0,
4.284,0,
4.285,0,
4.286,0,
4.287,0,
4.288,0,
4.289,0,
4.29,0,
4.291,0,
4.29206,0,
4.293,0,
4.294,0,
4.295,0,
4.29646,0,
4.297,0,
4.298,0,
4.299,0,
4.3,0,
4.301,0,
4.302,0,
4.303,0,
4.304,0,
4.305,0,
4.306,0,
4.307,0,
4.308,0,
4.309,0,
4.31,0,
4.311,0,
4.31202,0,
4.313,0,
4.314,0,
4.315,0,
4.316,0,
4.31729,0,
4.318,0,
4.319,0,
4.32,0,
4.321,0,
4.322,0,
4.323,0,
4.324,0,
4.325,0,
4.326,0,
4.327,0,
4.328,0,
4.329,0,
4.33,0,
4.33117,0,
4.33303,0,
4.33447,0,
4.33559,0,
4.33715,0,
4.33906,0,
4.34029,0,
4.34126,0,
4.34187,0,
4.34267,0,
4.34444,0,
4.34577,0,
4.34631,0,
4.34781,0,
4.34847,0,
4.34905,0,
4.34964,0,
4.35028,0,
4.3509,0,
4.353,0,
4.35361,0,
4.35424,0,
4.35486,0,
4.35549,0,
4.35609,0,
4.35666,0,
4.35728,0,
4.358,0,
4.359,0,
4.36,0,
4.36118,0,
4.36278,0,
4.36514,0,
4.36659,0,
4.36826,0,
4.37013,0,
4.37069,0,
4.37124,0,
4.37178,0,
4.37234,0,
4.37287,0,
4.37342,0,
4.37393,0,
4.37447,0,
4.375,0,
4.376,0,
4.377,0,
4.378,0,
4.379,0,
4.38,0,
4.381,0,
4.382,0,
4.383,0,
4.384,0,
4.3853,0,
4.3866,0,
4.38711,0,
4.388,0,
4.389,0,
4.39,0,
4.391,0,
4.392,0,
4.393,0,
4.394,0,
4.395,0,
4.396,0,
4.397,0,
4.398,0,
4.399,0,
4.4,0,
4.401,0,
4.402,0,
4.403,0,
4.404,0,
4.405,0,
4.406,0,
4.407,0,
4.408,0,
4.409,0,
4.41,0,
4.411,0,
4.412,0,
4.413,0,
4.414,0,
4.415,0,
4.416,0,
4.417,0,
4.418,0,
4.419,0,
4.42,0,
4.421,0,
4.422,0,
4.423,0,
4.424,0,
4.425,0,
4.426,0,
4.427,0,
4.428,0,
4.429,0,
4.43,0,
4.431,0,
4.432,0,
4.433,0,
4.434,0,
4.435,0,
4.436,0,
4.437,0,
4.438,0,
4.439,0,
4.44,0,
4.441,0,
4.442,0,
4.443,0,
4.444,0,
4.445,0,
4.446,0,
4.447,0,
4.448,0,
4.449,0,
4.45,0,
4.451,0,
4.452,0,
4.453,0,
4.454,0,
4.455,0,
4.456,0,
4.457,0,
4.45927,0,
4.4606,0,
4.4613,0,
4.4618,0,
4.46232,0,
4.463,0,
4.464,0,
4.465,0,
4.466,0,
4.467,0,
4.468,0,
4.469,0,
4.47134,0,
4.47287,0,
4.47451,0,
4.47576,0,
4.47798,0,
4.47895,0,
4.47943,0,
4.47993,0,
4.48043,0,
4.48096,0,
4.48153,0,
4.48207,0,
4.48286,0,
4.48424,0,
4.48526,0,
4.48608,0,
4.48666,0,
4.48723,0,
4.488,0,
4.489,0,
4.49,0,
4.491,0,
4.492,0,
4.49386,0,
4.49436,0,
4.495,0,
4.496,0,
4.497,0,
4.498,0,
4.499,0,
4.5,0,
4.501,0,
4.502,0,
4.503,0,
4.504,0,
4.505,0,
4.506,0,
4.507,0,
4.50815,0,
4.509,0,
4.51,0,
4.511,0,
4.512,0,
4.51329,0,
4.514,0,
4.515,0,
4.516,0,
4.51701,0,
4.51802,0,
4.519,0,
4.52,0,
4.521,0,
4.522,0,
4.523,0,
4.524,0,
4.525,0,
4.526,0,
4.527,0,
4.528,0,
4.529,0,
4.53,0,
4.531,0,
4.532,0,
4.533,0,
4.534,0,
4.535,0,
4.536,0,
4.537,0,
4.538,0,
4.539,0,
4.54,0,
4.541,0,
4.542,0,
4.543,0,
4.544,0,
4.545,0,
4.546,0,
4.547,0,
4.548,0,
4.549,0,
4.55,0,
4.551,0,
4.55205,0,
4.553,0,
4.554,0,
4.555,0,
4.556,0,
4.557,0,
4.558,0,
4.559,0,
4.56,0,
4.561,0,
4.56258,0,
4.5635,0,
4.56409,0,
4.565,0,
4.566,0,
4.567,0,
4.568,0,
4.569,0,
4.57,0,
4.571,0,
4.572,0,
4.573,0,
4.574,0,
4.575,0,
4.576,0,
4.577,0,
4.578,0,
4.579,0,
4.58,0,
4.581,0,
4.582,0,
4.583,0,
4.584,0,
4.585,0,
4.586,0,
4.587,0,
4.588,0,
4.589,0,
4.59,0,
4.591,0,
4.592,0,
4.593,0,
4.594,0,
4.595,0,
4.596,0,
4.597,0,
4.598,0,
4.59929,0,
4.60011,0,
4.601,0,
4.602,0,
4.603,0,
4.604,0,
4.605,0,
4.606,0,
4.607,0,
4.608,0,
4.609,0,
4.61045,0,
4.61231,0,
4.61383,0,
4.6166,0,
4.61819,0,
4.61869,0,
4.61919,0,
4.61984,0,
4.62041,0,
4.62092,0,
4.62145,0,
4.62195,0,
4.62246,0,
4.62303,0,
4.624,0,
4.625,0,
4.626,0,
4.62781,0,
4.62832,0,
4.629,0,
4.63,0,
4.631,0,
4.632,0,
4.633,0,
4.634,0,
4.635,0,
4.6375,0,
4.63843,0,
4.63897,0,
4.6395,0,
4.64005,0,
4.641,0,
4.642,0,
4.643,0,
4.64402,0,
4.645,0,
4.646,0,
4.647,0,
4.648,0,
4.649,0,
4.65,0,
4.651,0,
4.652,0,
4.653,0,
4.654,0,
4.655,0,
4.656,0,
4.657,0,
4.65902,0,
4.65993,0,
4.66143,0,
4.66306,0,
4.66471,0,
4.66553,0,
4.66612,0,
4.6667,0,
4.66725,0,
4.66782,0,
4.66836,0,
4.66901,0,
4.67013,0,
4.671,0,
4.672,0,
4.673,0,
4.674,0,
4.675,0,
4.676,0,
4.677,0,
4.678,0,
4.679,0,
4.68,0,
4.681,0,
4.682,0,
4.683,0,
4.684,0,
4.685,0,
4.686,0,
4.687,0,
4.688,0,
4.689,0,
4.69,0,
4.691,0,
4.692,0,
4.69333,0,
4.694,0,
4.695,0,
4.696,0,
4.697,0,
4.698,0,
4.699,0,
4.7,0,
4.701,0,
4.702,0,
4.703,0,
4.704,0,
4.705,0,
4.706,0,
4.707,0,
4.708,0,
4.709,0,
4.71,0,
4.711,0,
4.712,0,
4.713,0,
4.714,0,
4.715,0,
4.716,0,
4.717,0,
4.718,0,
4.719,0,
4.72,0,
4.721,0,
4.722,0,
4.723,0,
4.724,0,
4.725,0,
4.726,0,
4.727,0,
4.728,0,
4.729,0,
4.73,0,
4.731,0,
4.732,0,
4.733,0,
4.734,0,
4.735,0,
4.736,0,
4.737,0,
4.738,0,
4.739,0,
4.74,0,
4.741,0,
4.742,0,
4.743,0,
4.744,0,
4.745,0,
4.746,0,
4.747,0,
4.748,0,
4.749,0,
4.75,0,
4.751,0,
4.75263,0,
4.75433,0,
4.75544,0,
4.75593,0,
4.75673,0,
4.75724,0,
4.758,0,
4.759,0,
4.76,0,
4.76144,0,
4.76386,0,
4.76523,0,
4.76629,0,
4.76763,0,
4.76965,0,
4.7707,0,
4.77121,0,
4.77174,0,
4.77221,0,
4.77279,0,
4.77335,0,
4.7739,0,
4.77477,0,
4.77528,0,
4.776,0,
4.777,0,
4.778,0,
4.77956,0,
4.78006,0,
4.781,0,
4.782,0,
4.783,0,
4.784,0,
4.785,0,
4.786,0,
4.787,0,
4.788,0,
4.789,0,
4.79,0,
4.791,0,
4.792,0,
4.793,0,
4.794,0,
4.795,0,
4.796,0,
4.797,0,
4.798,0,
4.799,0,
4.8,0,
4.801,0,
4.802,0,
4.80315,0,
4.804,0,
4.805,0,
4.806,0,
4.807,0,
4.808,0,
4.809,0,
4.81,0,
4.811,0,
4.812,0,
4.813,0,
4.814,0,
4.815,0,
4.816,0,
4.81705,0,
4.8181,0,
4.82022,0,
4.82077,0,
4.82128,0,
4.822,0,
4.823,0,
4.824,0,
4.825,0,
4.826,0,
4.827,0,
4.828,0,
4.829,0,
4.83,0,
4.831,0,
4.832,0,
4.833,0,
4.834,0,
4.835,0,
4.836,0,
4.837,0,
4.838,0,
4.839,0,
4.84,0,
4.841,0,
4.842,0,
4.843,0,
4.844,0,
4.845,0,
4.846,0,
4.847,0,
4.848,0,
4.849,0,
4.85,0,
4.85102,0,
4.852,0,
4.853,0,
4.85479,0,
4.85596,0,
4.85646,0,
4.857,0,
4.858,0,
4.859,0,
4.86,0,
4.861,0,
4.862,0,
4.863,0,
4.864,0,
4.865,0,
4.866,0,
4.867,0,
4.868,0,
4.869,0,
4.87,0,
4.871,0,
4.872,0,
4.873,0,
4.874,0,
4.875,0,
4.876,0,
4.87716,0,
4.87818,0,
4.8795,0,
4.8804,0,
4.881,0,
4.882,0,
4.883,0,
4.884,0,
4.885,0,
4.886,0,
4.887,0,
4.888,0,
4.889,0,
4.89,0,
4.89224,0,
4.89385,0,
4.89449,0,
4.89512,0,
4.89574,0,
4.8964,0,
4.897,0,
4.89826,0,
4.90001,0,
4.90152,0,
4.90232,0,
4.90283,0,
4.90408,0,
4.90463,0,
4.9052,0,
4.906,0,
4.907,0,
4.908,0,
4.909,0,
4.91,0,
4.911,0,
4.91235,0,
4.91328,0,
4.91431,0,
4.91646,0,
4.91816,0,
4.91974,0,
4.92093,0,
4.92228,0,
4.92279,0,
4.92334,0,
4.92387,0,
4.92437,0,
4.92489,0,
4.92541,0,
4.926,0,
4.927,0,
4.928,0,
4.929,0,
4.93,0,
4.931,0,
4.932,0,
4.933,0,
4.934,0,
4.935,0,
4.936,0,
4.937,0,
4.93806,0,
4.939,0,
4.94,0,
4.941,0,
4.942,0,
4.943,0,
4.944,0,
4.945,0,
4.946,0,
4.947,0,
4.948,0,
4.949,0,
4.95,0,
4.951,0,
4.952,0,
4.953,0,
4.954,0,
4.955,0,
4.95633,0,
4.95763,0,
4.95817,0,
4.959,0,
4.96,0,
4.961,0,
4.962,0,
4.963,0,
4.964,0,
4.965,0,
4.966,0,
4.967,0,
4.968,0,
4.969,0,
4.97,0,
4.971,0,
4.972,0,
4.973,0,
4.974,0,
4.975,0,
4.976,0,
4.977,0,
4.978,0,
4.979,0,
4.98,0,
4.981,0,
4.982,0,
4.983,0,
4.984,0,
4.985,0,
4.986,0,
4.987,0,
4.988,0,
4.989,0,
4.99,0,
4.991,0,
4.992,0,
4.993,0,
4.994,0,
4.995,0,
4.996,0,
4.997,0,
4.998,0,
4.999,0,
5,0,
5.001,0,
5.002,0,
5.003,0,
5.00423,0,
5.005,0,
5.006,0,
5.007,0,
5.008,0,
5.009,0,
5.01,0,
5.011,0,
5.012,0,
5.01335,0,
5.014,0,
5.015,0,
5.016,0,
5.017,0,
5.018,0,
5.019,0,
5.02,0,
5.021,0,
5.022,0,
5.023,0,
5.024,0,
5.025,0,
5.026,0,
5.027,0,
5.028,0,
5.029,0,
5.03,0,
5.031,0,
5.032,0,
5.033,0,
5.034,0,
5.035,0,
5.036,0,
5.037,0,
5.038,0,
5.039,0,
5.04,0,
5.041,0,
5.042,0,
5.043,0,
5.044,0,
5.045,0,
5.046,0,
5.047,0,
5.048,0,
5.049,0,
5.05,0,
5.051,0,
5.052,0,
5.053,0,
5.054,0,
5.055,0,
5.056,0,
5.057,0,
5.058,0,
5.059,0,
5.06,0,
5.061,0,
5.062,0,
5.063,0,
5.064,0,
5.065,0,
5.066,0,
5.06704,0,
5.068,0,
5.069,0,
5.07,0,
5.071,0,
5.072,0,
5.073,0,
5.07519,0,
5.07574,0,
5.07621,0,
5.077,0,
5.078,0,
5.079,0,
5.08,0,
5.081,0,
5.082,0,
5.08404,0,
5.08534,0,
5.08632,0,
5.08685,0,
5.08736,0,
5.088,0,
5.089,0,
5.09,0,
5.091,0,
5.092,0,
5.093,0,
5.094,0,
5.095,0,
5.096,0,
5.097,0,
5.098,0,
5.099,0,
5.1,0,
5.101,0,
5.10202,0,
5.103,0,
5.104,0,
5.10502,0,
5.106,0,
5.107,0,
5.108,0,
5.109,0,
5.11,0,
5.111,0,
5.112,0,
5.113,0,
5.114,0,
5.115,0,
5.11677,0,
5.11808,0,
5.11978,0,
5.12135,0,
5.12231,0,
5.12279,0,
5.12333,0,
5.12381,0,
5.12511,0,
5.12697,0,
5.1283,0,
5.12932,0,
5.12982,0,
5.13034,0,
5.13086,0,
5.13138,0,
5.132,0,
5.133,0,
5.134,0,
5.135,0,
5.136,0,
5.137,0,
5.138,0,
5.139,0,
5.14,0,
5.141,0,
5.142,0,
5.143,0,
5.144,0,
5.145,0,
5.146,0,
5.147,0,
5.148,0,
5.149,0,
5.15,0,
5.151,0,
5.152,0,
5.153,0,
5.154,0,
5.155,0,
5.156,0,
5.157,0.002,
5.15807,0.002,
5.159,0.002,
5.16,0.004,
5.161,0.004,
5.162,0.004,
5.163,0.004,
5.164,0.006,
5.165,0.006,
5.166,0.006,
5.16702,0.008,
5.168,0.008,
5.169,0.008,
5.17037,0.01,
5.17134,0.01,
5.172,0.01,
5.173,0.01,
5.174,0.012,
5.175,0.012,
5.176,0.012,
5.177,0.012,
5.178,0.014,
5.179,0.014,
5.18072,0.014,
5.18122,0.016,
5.182,0.016,
5.183,0.016,
5.184,0.016,
5.185,0.018,
5.186,0.018,
5.187,0.018,
5.188,0.02,
5.19008,0.022,
5.19221,0.022,
5.1936,0.022,
5.19416,0.022,
5.19471,0.024,
5.19521,0.024,
5.1957,0.024,
5.19618,0.024,
5.197,0.024,
5.198,0.024,
5.199,0.026,
5.2,0.026,
5.201,0.026,
5.202,0.028,
5.203,0.028,
5.204,0.028,
5.205,0.028,
5.206,0.03,
5.207,0.03,
5.208,0.03,
5.209,0.032,
5.21,0.032,
5.211,0.032,
5.212,0.032,
5.213,0.034,
5.214,0.034,
5.215,0.034,
5.216,0.036,
5.217,0.036,
5.218,0.036,
5.21912,0.036,
5.22,0.038,
5.221,0.038,
5.222,0.038,
5.223,0.04,
5.224,0.04,
5.225,0.04,
5.226,0.04,
5.227,0.042,
5.22809,0.042,
5.22908,0.042,
5.23,0.044,
5.231,0.044,
5.232,0.044,
5.233,0.044,
5.234,0.046,
5.235,0.046,
5.236,0.046,
5.237,0.046,
5.238,0.048,
5.239,0.048,
5.24,0.048,
5.241,0.05,
5.242,0.05,
5.243,0.05,
5.244,0.052,
5.24501,0.052,
5.246,0.052,
5.247,0.052,
5.248,0.054,
5.249,0.054,
5.25,0.054,
5.251,0.054,
5.252,0.056,
5.253,0.056,
5.254,0.058,
5.25625,0.058,
5.25712,0.058,
5.25761,0.058,
5.25811,0.058,
5.259,0.06,
5.26017,0.06,
5.261,0.06,
5.262,0.062,
5.26324,0.062,
5.264,0.062,
5.2652,0.064,
5.2668,0.064,
5.26823,0.064,
5.26979,0.066,
5.27183,0.066,
5.27298,0.068,
5.27486,0.068,
5.27601,0.068,
5.27651,0.07,
5.27704,0.07,
5.27756,0.07,
5.27806,0.07,
5.27857,0.07,
5.27906,0.07,
5.27959,0.07,
5.28009,0.072,
5.281,0.072,
5.282,0.072,
5.283,0.072,
5.284,0.074,
5.285,0.074,
5.286,0.076,
5.28771,0.076,
5.28824,0.076,
5.289,0.076,
5.29,0.076,
5.291,0.078,
5.292,0.078,
5.293,0.078,
5.294,0.08,
5.295,0.08,
5.296,0.08,
5.29702,0.082,
5.29819,0.082,
5.29992,0.082,
5.30046,0.082,
5.301,0.084,
5.302,0.084,
5.303,0.084,
5.304,0.084,
5.305,0.086,
5.306,0.086,
5.307,0.086,
5.308,0.086,
5.309,0.088,
5.31,0.088,
5.311,0.088,
5.312,0.09,
5.313,0.09,
5.314,0.09,
5.315,0.09,
5.316,0.092,
5.317,0.092,
5.318,0.092,
5.319,0.094,
5.32,0.094,
5.321,0.094,
5.322,0.094,
5.323,0.0959999,
5.324,0.0959999,
5.325,0.0959999,
5.326,0.0979999,
5.327,0.0979999,
5.328,0.0979999,
5.329,0.0979999,
5.33,0.0999999,
5.331,0.0999999,
5.332,0.0999999,
5.333,0.0999999,
5.334,0.102,
5.335,0.102,
5.336,0.102,
5.337,0.104,
5.338,0.104,
5.339,0.104,
5.34,0.104,
5.341,0.106,
5.342,0.106,
5.343,0.106,
5.344,0.108,
5.345,0.108,
5.346,0.108,
5.347,0.108,
5.348,0.11,
5.349,0.11,
5.35,0.11,
5.351,0.112,
5.352,0.112,
5.353,0.112,
5.354,0.112,
5.355,0.114,
5.356,0.114,
5.357,0.114,
5.358,0.116,
5.359,0.116,
5.36,0.116,
5.361,0.118,
5.36221,0.118,
5.363,0.118,
5.364,0.118,
5.365,0.118,
5.366,0.12,
5.367,0.12,
5.36858,0.12,
5.36912,0.122,
5.37,0.122,
5.371,0.122,
5.372,0.122,
5.373,0.124,
5.374,0.124,
5.375,0.124,
5.376,0.126,
5.377,0.126,
5.378,0.126,
5.379,0.126,
5.38,0.128,
5.381,0.128,
5.38204,0.128,
5.38335,0.13,
5.384,0.13,
5.385,0.13,
5.386,0.13,
5.387,0.132,
5.388,0.132,
5.389,0.132,
5.39,0.134,
5.391,0.134,
5.392,0.134,
5.39307,0.134,
5.394,0.136,
5.395,0.136,
5.396,0.136,
5.397,0.136,
5.398,0.138,
5.399,0.138,
5.4,0.138,
5.401,0.14,
5.402,0.14,
5.403,0.14,
5.404,0.14,
5.405,0.142,
5.406,0.142,
5.407,0.142,
5.408,0.144,
5.409,0.144,
5.41,0.144,
5.41142,0.146,
5.41226,0.146,
5.41315,0.146,
5.414,0.146,
5.415,0.148,
5.416,0.148,
5.417,0.148,
5.418,0.148,
5.41911,0.15,
5.42095,0.15,
5.4221,0.152,
5.42265,0.152,
5.42317,0.152,
5.424,0.152,
5.425,0.152,
5.426,0.154,
5.427,0.154,
5.428,0.156,
5.43057,0.156,
5.43181,0.156,
5.43246,0.156,
5.43305,0.158,
5.43367,0.158,
5.43426,0.158,
5.435,0.158,
5.436,0.158,
5.437,0.16,
5.438,0.16,
5.439,0.16,
5.44,0.162,
5.441,0.162,
5.442,0.162,
5.443,0.162,
5.444,0.164,
5.445,0.164,
5.446,0.164,
5.44716,0.166,
5.448,0.166,
5.449,0.166,
5.45031,0.168,
5.45146,0.168,
5.45225,0.168,
5.453,0.168,
5.454,0.168,
5.455,0.17,
5.456,0.17,
5.457,0.17,
5.458,0.172,
5.459,0.172,
5.46,0.172,
5.461,0.172,
5.462,0.174,
5.463,0.174,
5.464,0.174,
5.465,0.176,
5.466,0.176,
5.467,0.176,
5.468,0.176,
5.469,0.178,
5.47,0.178,
5.47109,0.18,
5.47235,0.18,
5.473,0.18,
5.474,0.18,
5.475,0.18,
5.476,0.182,
5.477,0.182,
5.478,0.182,
5.479,0.184,
5.4801,0.184,
5.481,0.184,
5.482,0.184,
5.483,0.186,
5.484,0.186,
5.485,0.186,
5.48655,0.188,
5.48783,0.188,
5.4887,0.19,
5.49066,0.19,
5.49162,0.19,
5.49213,0.19,
5.49291,0.192,
5.49397,0.192,
5.49458,0.192,
5.49517,0.192,
5.496,0.192,
5.497,0.194,
5.498,0.194,
5.499,0.194,
5.5,0.196,
5.50182,0.196,
5.50413,0.198,
5.50525,0.198,
5.50618,0.198,
5.50675,0.198,
5.50739,0.2,
5.508,0.2,
5.50863,0.2,
5.50925,0.2,
5.51,0.2,
5.5113,0.202,
5.51291,0.202,
5.51344,0.202,
5.514,0.202,
5.515,0.204,
5.516,0.204,
5.517,0.204,
5.518,0.204,
5.519,0.206,
5.52,0.206,
5.521,0.206,
5.522,0.208,
5.52426,0.21,
5.52613,0.21,
5.5275,0.212,
5.52996,0.212,
5.53239,0.214,
5.53386,0.214,
5.53463,0.214,
5.5362,0.216,
5.53771,0.216,
5.53932,0.218,
5.54031,0.218,
5.54113,0.218,
5.54175,0.218,
5.54246,0.218,
5.54305,0.22,
5.5436,0.22,
5.54409,0.22,
5.54462,0.22,
5.54518,0.22,
5.5458,0.22,
5.54629,0.22,
5.5468,0.222,
5.54734,0.222,
5.54792,0.222,
5.54845,0.222,
5.54899,0.222,
5.54946,0.222,
5.55,0.222,
5.551,0.224,
5.552,0.224,
5.553,0.224,
5.554,0.226,
5.555,0.226,
5.556,0.226,
5.557,0.226,
5.558,0.228,
5.559,0.228,
5.56,0.228,
5.56114,0.23,
5.562,0.23,
5.56305,0.23,
5.564,0.23,
5.565,0.232,
5.566,0.232,
5.567,0.232,
5.568,0.234,
5.569,0.234,
5.57,0.234,
5.571,0.234,
5.572,0.236,
5.573,0.236,
5.574,0.236,
5.575,0.238,
5.576,0.238,
5.577,0.238,
5.578,0.238,
5.579,0.24,
5.58,0.24,
5.581,0.24,
5.582,0.242,
5.583,0.242,
5.584,0.242,
5.585,0.242,
5.586,0.244,
5.587,0.244,
5.588,0.244,
5.589,0.244,
5.59,0.246,
5.591,0.246,
5.592,0.246,
5.593,0.248,
5.594,0.248,
5.595,0.248,
5.596,0.248,
5.597,0.25,
5.598,0.25,
5.599,0.25,
5.6,0.252,
5.601,0.252,
5.602,0.252,
5.603,0.252,
5.604,0.254,
5.605,0.254,
5.606,0.254,
5.607,0.256,
5.608,0.256,
5.609,0.256,
5.61,0.256,
5.611,0.258,
5.612,0.258,
5.613,0.258,
5.614,0.26,
5.615,0.26,
5.616,0.26,
5.617,0.26,
5.618,0.262,
5.619,0.262,
5.62,0.262,
5.621,0.264,
5.622,0.264,
5.623,0.264,
5.624,0.264,
5.625,0.266,
5.626,0.266,
5.627,0.266,
5.628,0.268,
5.629,0.268,
5.63,0.268,
5.63175,0.27,
5.63257,0.27,
5.63392,0.27,
5.63479,0.27,
5.63558,0.272,
5.63632,0.272,
5.637,0.272,
5.638,0.272,
5.63908,0.274,
5.64033,0.274,
5.641,0.274,
5.642,0.274,
5.643,0.276,
5.644,0.276,
5.645,0.276,
5.646,0.278,
5.647,0.278,
5.648,0.278,
5.64907,0.278,
5.65009,0.28,
5.65141,0.28,
5.65246,0.28,
5.653,0.28,
5.654,0.282,
5.655,0.282,
5.656,0.284,
5.65801,0.284,
5.6592,0.284,
5.65972,0.284,
5.66028,0.286,
5.661,0.286,
5.662,0.286,
5.663,0.286,
5.664,0.288,
5.665,0.288,
5.666,0.288,
5.667,0.288,
5.668,0.29,
5.669,0.29,
5.67,0.29,
5.671,0.292,
5.672,0.292,
5.673,0.292,
5.674,0.292,
5.675,0.294,
5.676,0.294,
5.67832,0.296,
5.67911,0.296,
5.67967,0.296,
5.68017,0.296,
5.681,0.296,
5.682,0.298,
5.683,0.298,
5.684,0.298,
5.685,0.298,
5.686,0.3,
5.68704,0.3,
5.68801,0.3,
5.689,0.302,
5.69,0.302,
5.691,0.302,
5.692,0.302,
5.693,0.304,
5.694,0.304,
5.695,0.304,
5.696,0.306,
5.697,0.306,
5.698,0.306,
5.699,0.306,
5.7,0.308,
5.701,0.308,
5.702,0.31,
5.70378,0.31,
5.70585,0.312,
5.70723,0.312,
5.70808,0.312,
5.70867,0.312,
5.70926,0.312,
5.70989,0.312,
5.71051,0.314,
5.71113,0.314,
5.712,0.314,
5.713,0.314,
5.714,0.316,
5.715,0.316,
5.716,0.316,
5.717,0.316,
5.718,0.318,
5.719,0.318,
5.72,0.318,
5.721,0.32,
5.72215,0.32,
5.72306,0.32,
5.724,0.32,
5.725,0.322,
5.726,0.322,
5.727,0.322,
5.728,0.324,
5.729,0.324,
5.73,0.324,
5.73105,0.326,
5.73225,0.326,
5.733,0.326,
5.734,0.326,
5.735,0.328,
5.736,0.328,
5.73712,0.328,
5.738,0.328,
5.739,0.33,
5.74,0.33,
5.741,0.33,
5.742,0.33,
5.74316,0.33,
5.74432,0.33,
5.74574,0.33,
5.74687,0.33,
5.74752,0.33,
5.74801,0.33,
5.749,0.33,
5.75,0.33,
5.751,0.33,
5.752,0.33,
5.753,0.33,
5.754,0.33,
5.755,0.33,
5.756,0.33,
5.757,0.33,
5.758,0.33,
5.759,0.33,
5.76,0.33,
5.761,0.33,
5.762,0.33,
5.763,0.33,
5.764,0.33,
5.765,0.33,
5.766,0.33,
5.767,0.33,
5.768,0.33,
5.769,0.33,
5.77,0.33,
5.771,0.33,
5.772,0.33,
5.773,0.33,
5.774,0.33,
5.775,0.33,
5.776,0.33,
5.777,0.33,
5.778,0.33,
5.779,0.33,
5.78,0.33,
5.781,0.33,
5.782,0.33,
5.783,0.33,
5.784,0.33,
5.785,0.33,
5.786,0.33,
5.787,0.33,
5.788,0.33,
5.789,0.33,
5.79,0.33,
5.791,0.33,
5.792,0.33,
5.793,0.33,
5.794,0.33,
5.795,0.33,
5.796,0.33,
5.797,0.33,
5.798,0.33,
5.799,0.33,
5.8,0.33,
5.801,0.33,
5.802,0.33,
5.803,0.33,
5.804,0.33,
5.805,0.33,
5.806,0.33,
5.807,0.33,
5.808,0.33,
5.809,0.33,
5.81,0.33,
5.811,0.33,
5.812,0.33,
5.813,0.33,
5.814,0.33,
5.815,0.33,
5.816,0.33,
5.817,0.33,
5.818,0.33,
5.819,0.33,
5.82,0.33,
5.821,0.33,
5.822,0.33,
5.823,0.33,
5.824,0.33,
5.825,0.33,
5.826,0.33,
5.827,0.33,
5.828,0.33,
5.829,0.33,
5.83014,0.33,
5.831,0.33,
5.832,0.33,
5.833,0.33,
5.834,0.33,
5.835,0.33,
5.836,0.33,
5.837,0.33,
5.838,0.33,
5.839,0.33,
5.84,0.33,
5.841,0.33,
5.842,0.33,
5.843,0.33,
5.844,0.33,
5.845,0.33,
5.846,0.33,
5.847,0.33,
5.848,0.33,
5.849,0.33,
5.85,0.33,
5.851,0.33,
5.852,0.33,
5.853,0.33,
5.854,0.33,
5.855,0.33,
5.856,0.33,
5.857,0.33,
5.858,0.33,
5.859,0.33,
5.86,0.33,
5.861,0.33,
5.862,0.33,
5.863,0.33,
5.864,0.33,
5.865,0.33,
5.866,0.33,
5.867,0.33,
5.868,0.33,
5.869,0.33,
5.87,0.33,
5.871,0.33,
5.872,0.33,
5.873,0.33,
5.874,0.33,
5.875,0.33,
5.876,0.33,
5.877,0.33,
5.878,0.33,
5.879,0.33,
5.88,0.33,
5.881,0.33,
5.882,0.33,
5.883,0.33,
5.884,0.33,
5.885,0.33,
5.886,0.33,
5.887,0.33,
5.888,0.33,
5.889,0.33,
5.89,0.33,
5.891,0.33,
5.892,0.33,
5.893,0.33,
5.894,0.33,
5.895,0.33,
5.896,0.33,
5.897,0.33,
5.898,0.33,
5.899,0.33,
5.9002,0.33,
5.901,0.33,
5.902,0.33,
5.903,0.33,
5.904,0.33,
5.905,0.33,
5.906,0.33,
5.907,0.33,
5.908,0.33,
5.909,0.33,
5.91,0.33,
5.911,0.33,
5.912,0.33,
5.913,0.33,
5.914,0.33,
5.915,0.33,
5.916,0.33,
5.917,0.33,
5.918,0.33,
5.919,0.33,
5.92,0.33,
5.92149,0.33,
5.92227,0.33,
5.923,0.33,
5.924,0.33,
5.925,0.33,
5.926,0.33,
5.927,0.33,
5.928,0.33,
5.929,0.33,
5.93,0.33,
5.931,0.33,
5.932,0.33,
5.933,0.33,
5.934,0.33,
5.935,0.33,
5.936,0.33,
5.937,0.33,
5.938,0.33,
5.939,0.33,
5.94,0.33,
5.941,0.33,
5.942,0.33,
5.943,0.33,
5.94451,0.33,
5.94565,0.33,
5.94618,0.33,
5.94704,0.33,
5.948,0.33,
5.949,0.33,
5.95,0.33,
5.951,0.33,
5.952,0.33,
5.953,0.33,
5.954,0.33,
5.955,0.33,
5.956,0.33,
5.957,0.33,
5.958,0.33,
5.959,0.33,
5.96,0.33,
5.961,0.33,
5.962,0.33,
5.963,0.33,
5.964,0.33,
5.965,0.33,
5.966,0.33,
5.967,0.33,
5.968,0.33,
5.969,0.33,
5.97,0.33,
5.97132,0.33,
5.972,0.33,
5.973,0.33,
5.974,0.33,
5.975,0.33,
5.976,0.33,
5.977,0.33,
5.978,0.33,
5.979,0.33,
5.98,0.33,
5.981,0.33,
5.982,0.33,
5.983,0.33,
5.984,0.33,
5.985,0.33,
5.986,0.33,
5.987,0.33,
5.988,0.33,
5.989,0.33,
5.99,0.33,
5.991,0.33,
5.992,0.33,
5.993,0.33,
5.994,0.33,
5.995,0.33,
5.996,0.33,
5.997,0.33,
5.998,0.33,
5.999,0.33,
6,0.33,
6.001,0.33,
6.002,0.33,
6.003,0.33,
6.004,0.33,
6.005,0.33,
6.006,0.33,
6.007,0.33,
6.008,0.33,
6.009,0.33,
6.01,0.33,
6.011,0.33,
6.012,0.33,
6.01357,0.33,
6.01409,0.33,
6.015,0.33,
6.016,0.33,
6.017,0.33,
6.018,0.33,
6.019,0.33,
6.02,0.33,
6.021,0.33,
6.022,0.33,
6.023,0.33,
6.024,0.33,
6.025,0.33,
6.026,0.33,
6.027,0.33,
6.028,0.33,
6.029,0.33,
6.03,0.33,
6.031,0.33,
6.032,0.33,
6.033,0.33,
6.034,0.33,
6.035,0.33,
6.036,0.33,
6.037,0.33,
6.038,0.33,
6.039,0.33,
6.04,0.33,
6.041,0.33,
6.042,0.33,
6.043,0.33,
6.044,0.33,
6.045,0.33,
6.046,0.33,
6.047,0.33,
6.048,0.33,
6.049,0.33,
6.05,0.33,
6.051,0.33,
6.052,0.33,
6.053,0.33,
6.054,0.33,
6.055,0.33,
6.056,0.33,
6.057,0.33,
6.058,0.33,
6.059,0.33,
6.06,0.33,
6.061,0.33,
6.062,0.33,
6.063,0.33,
6.064,0.33,
6.065,0.33,
6.066,0.33,
6.067,0.33,
6.068,0.33,
6.069,0.33,
6.07,0.33,
6.071,0.33,
6.072,0.33,
6.073,0.33,
6.074,0.33,
6.075,0.33,
6.076,0.33,
6.077,0.33,
6.078,0.33,
6.079,0.33,
6.08,0.33,
6.081,0.33,
6.082,0.33,
6.083,0.33,
6.084,0.33,
6.085,0.33,
6.086,0.33,
6.087,0.33,
6.088,0.33,
6.089,0.33,
6.09,0.33,
6.093,0.33,
6.09394,0.33,
6.09527,0.33,
6.09697,0.33,
6.09906,0.33,
6.10004,0.33,
6.10147,0.33,
6.10308,0.33,
6.10412,0.33,
6.1049,0.33,
6.10543,0.33,
6.10595,0.33,
6.10649,0.33,
6.10697,0.33,
6.10754,0.33,
6.10802,0.33,
6.10853,0.33,
6.10907,0.33,
6.10957,0.33,
6.11007,0.33,
6.111,0.33,
6.112,0.33,
6.113,0.33,
6.114,0.33,
6.115,0.33,
6.116,0.33,
6.117,0.33,
6.118,0.33,
6.119,0.33,
6.12,0.33,
6.121,0.33,
6.122,0.33,
6.123,0.33,
6.124,0.33,
6.125,0.33,
6.12663,0.33,
6.12807,0.33,
6.12912,0.33,
6.12964,0.33,
6.13014,0.33,
6.131,0.33,
6.132,0.33,
6.133,0.33,
6.134,0.33,
6.135,0.33,
6.13601,0.33,
6.137,0.33,
6.138,0.33,
6.139,0.33,
6.14,0.33,
6.141,0.33,
6.142,0.33,
6.143,0.33,
6.144,0.33,
6.145,0.33,
6.146,0.33,
6.147,0.33,
6.148,0.33,
6.149,0.33,
6.15,0.33,
6.151,0.33,
6.152,0.33,
6.15385,0.33,
6.15604,0.33,
6.15765,0.33,
6.15817,0.33,
6.15868,0.33,
6.15919,0.33,
6.15969,0.33,
6.16021,0.33,
6.161,0.33,
6.162,0.33,
6.163,0.33,
6.164,0.33,
6.165,0.33,
6.166,0.33,
6.167,0.33,
6.168,0.33,
6.169,0.33,
6.17,0.33,
6.171,0.33,
6.172,0.33,
6.173,0.33,
6.174,0.33,
6.175,0.33,
6.176,0.33,
6.177,0.33,
6.178,0.33,
6.179,0.33,
6.18,0.33,
6.181,0.33,
6.182,0.33,
6.183,0.33,
6.184,0.33,
6.185,0.33,
6.186,0.33,
6.187,0.33,
6.188,0.33,
6.189,0.33,
6.19,0.33,
6.191,0.33,
6.192,0.33,
6.193,0.33,
6.194,0.33,
6.195,0.33,
6.196,0.33,
6.197,0.33,
6.198,0.33,
6.199,0.33,
6.2,0.33,
6.201,0.33,
6.202,0.33,
6.203,0.33,
6.204,0.33,
6.205,0.33,
6.206,0.33,
6.207,0.33,
6.208,0.33,
6.209,0.33,
6.21,0.33,
6.211,0.33,
6.212,0.33,
6.213,0.33,
6.21413,0.33,
6.21588,0.33,
6.218,0.33,
6.22109,0.33,
6.22277,0.33,
6.2254,0.33,
6.22727,0.33,
6.22861,0.33,
6.22955,0.33,
6.23043,0.33,
6.23098,0.33,
6.23156,0.33,
6.23218,0.33,
6.23278,0.33,
6.23346,0.33,
6.23409,0.33,
6.23597,0.33,
6.23746,0.33,
6.23995,0.33,
6.24104,0.33,
6.24164,0.33,
6.24226,0.33,
6.24289,0.33,
6.24356,0.33,
6.24419,0.33,
6.24475,0.33,
6.24523,0.33,
6.24601,0.33,
6.24655,0.33,
6.24712,0.33,
6.24883,0.33,
6.24966,0.33,
6.25044,0.33,
6.25106,0.33,
6.25168,0.33,
6.25219,0.33,
6.2527,0.33,
6.25324,0.33,
6.25373,0.33,
6.25433,0.33,
6.25534,0.33,
6.25585,0.33,
6.25637,0.33,
6.257,0.33,
6.258,0.33,
6.25931,0.33,
6.26126,0.33,
6.26233,0.33,
6.2636,0.33,
6.26419,0.33,
6.26477,0.33,
6.26629,0.33,
6.26717,0.33,
6.26773,0.33,
6.26891,0.33,
6.27043,0.33,
6.27176,0.33,
6.27234,0.33,
6.27293,0.33,
6.2735,0.33,
6.27403,0.33,
6.275,0.33,
6.276,0.33,
6.277,0.33,
6.278,0.33,
6.279,0.33,
6.28,0.33,
6.281,0.33,
6.282,0.33,
6.283,0.33,
6.284,0.33,
6.285,0.33,
6.286,0.33,
6.287,0.33,
6.288,0.33,
6.289,0.33,
6.29,0.33,
6.291,0.33,
6.292,0.33,
6.293,0.33,
6.294,0.33,
6.295,0.33,
6.296,0.33,
6.297,0.33,
6.298,0.33,
6.299,0.33,
6.3,0.33,
6.301,0.33,
6.302,0.33,
6.303,0.33,
6.304,0.33,
6.305,0.33,
6.306,0.33,
6.307,0.33,
6.308,0.33,
6.309,0.33,
6.31,0.33,
6.311,0.33,
6.312,0.33,
6.313,0.33,
6.314,0.33,
6.315,0.33,
6.316,0.33,
6.317,0.33,
6.318,0.33,
6.319,0.33,
6.32,0.33,
6.321,0.33,
6.322,0.33,
6.32303,0.33,
6.324,0.33,
6.325,0.33,
6.326,0.33,
6.327,0.33,
6.328,0.33,
6.329,0.33,
6.33015,0.33,
6.33144,0.33,
6.33217,0.33,
6.333,0.33,
6.334,0.33,
6.335,0.33,
6.336,0.33,
6.337,0.33,
6.338,0.33,
6.339,0.33,
6.34,0.33,
6.341,0.33,
6.342,0.33,
6.343,0.33,
6.344,0.33,
6.345,0.33,
6.346,0.33,
6.347,0.33,
6.348,0.33,
6.349,0.33,
6.35,0.33,
6.35162,0.33,
6.35317,0.33,
6.35375,0.33,
6.35425,0.33,
6.355,0.33,
6.356,0.33,
6.357,0.33,
6.358,0.33,
6.359,0.33,
6.36,0.33,
6.361,0.33,
6.362,0.33,
6.363,0.33,
6.364,0.33,
6.365,0.33,
6.366,0.33,
6.367,0.33,
6.368,0.33,
6.369,0.33,
6.37,0.33,
6.371,0.33,
6.372,0.33,
6.3735,0.33,
6.37519,0.33,
6.37666,0.33,
6.37744,0.33,
6.37892,0.33,
6.38064,0.33,
6.38125,0.33,
6.38174,0.33,
6.38226,0.33,
6.38278,0.33,
6.3833,0.33,
6.38402,0.33,
6.385,0.33,
6.386,0.33,
6.38705,0.33,
6.388,0.33,
6.389,0.33,
6.39,0.33,
6.391,0.33,
6.392,0.33,
6.393,0.33,
6.394,0.33,
6.395,0.33,
6.396,0.33,
6.397,0.33,
6.398,0.33,
6.399,0.33,
6.4,0.33,
6.401,0.33,
6.402,0.33,
6.403,0.33,
6.404,0.33,
6.405,0.33,
6.406,0.33,
6.407,0.33,
6.408,0.33,
6.409,0.33,
6.41,0.33,
6.411,0.33,
6.412,0.33,
6.413,0.33,
6.414,0.33,
6.415,0.33,
6.416,0.33,
6.417,0.33,
6.418,0.33,
6.419,0.33,
6.42075,0.33,
6.42144,0.33,
6.422,0.33,
6.423,0.33,
6.424,0.33,
6.42546,0.33,
6.42715,0.33,
6.42883,0.33,
6.43055,0.33,
6.43227,0.33,
6.4334,0.33,
6.43475,0.33,
6.43571,0.33,
6.43711,0.33,
6.43768,0.33,
6.43831,0.33,
6.43893,0.33,
6.43945,0.33,
6.43994,0.33,
6.44045,0.33,
6.44095,0.33,
6.44153,0.33,
6.44295,0.33,
6.44439,0.33,
6.44536,0.33,
6.44591,0.33,
6.44644,0.33,
6.44705,0.33,
6.448,0.33,
6.449,0.33,
6.45,0.33,
6.451,0.33,
6.452,0.33,
6.453,0.33,
6.454,0.33,
6.455,0.33,
6.456,0.33,
6.457,0.33,
6.458,0.33,
6.459,0.33,
6.46,0.33,
6.461,0.33,
6.462,0.33,
6.463,0.33,
6.464,0.33,
6.465,0.33,
6.4663,0.33,
6.467,0.33,
6.468,0.33,
6.469,0.33,
6.47,0.33,
6.471,0.33,
6.472,0.33,
6.47348,0.33,
6.474,0.33,
6.475,0.33,
6.476,0.33,
6.477,0.33,
6.478,0.33,
6.479,0.33,
6.48,0.33,
6.481,0.33,
6.482,0.33,
6.483,0.33,
6.484,0.33,
6.485,0.33,
6.486,0.33,
6.487,0.33,
6.488,0.33,
6.489,0.33,
6.49048,0.33,
6.49134,0.33,
6.49367,0.33,
6.49569,0.33,
6.49777,0.33,
6.49973,0.33,
6.50024,0.33,
6.50074,0.33,
6.50126,0.33,
6.50178,0.33,
6.50232,0.33,
6.50283,0.33,
6.50334,0.33,
6.50386,0.33,
6.50438,0.33,
6.505,0.33,
6.506,0.33,
6.507,0.33,
6.508,0.33,
6.509,0.33,
6.51016,0.33,
6.511,0.33,
6.512,0.33,
6.513,0.33,
6.514,0.33,
6.515,0.33,
6.516,0.33,
6.517,0.33,
6.518,0.33,
6.519,0.33,
6.52,0.33,
6.521,0.33,
6.522,0.33,
6.523,0.33,
6.524,0.33,
6.525,0.33,
6.526,0.33,
6.527,0.33,
6.528,0.33,
6.529,0.33,
6.53,0.33,
6.531,0.33,
6.532,0.33,
6.533,0.33,
6.534,0.33,
6.535,0.33,
6.536,0.33,
6.537,0.33,
6.538,0.33,
6.539,0.33,
6.54,0.33,
6.541,0.33,
6.542,0.33,
6.543,0.33,
6.544,0.33,
6.545,0.33,
6.546,0.33,
6.547,0.33,
6.548,0.33,
6.549,0.33,
6.55,0.33,
6.551,0.33,
6.552,0.33,
6.553,0.33,
6.554,0.33,
6.555,0.33,
6.556,0.33,
6.557,0.33,
6.558,0.33,
6.559,0.33,
6.56,0.33,
6.561,0.33,
6.562,0.33,
6.563,0.33,
6.564,0.33,
6.565,0.33,
6.566,0.33,
6.567,0.33,
6.568,0.33,
6.569,0.33,
6.57,0.33,
6.571,0.33,
6.572,0.33,
6.573,0.33,
6.574,0.33,
6.575,0.33,
6.576,0.33,
6.577,0.33,
6.578,0.33,
6.579,0.33,
6.58,0.33,
6.581,0.33,
6.582,0.33,
6.583,0.33,
6.584,0.33,
6.585,0.33,
6.586,0.33,
6.587,0.33,
6.58826,0.33,
6.5892,0.33,
6.59076,0.33,
6.5914,0.33,
6.592,0.33,
6.593,0.33,
6.594,0.33,
6.595,0.33,
6.59708,0.33,
6.59848,0.33,
6.60033,0.33,
6.60228,0.33,
6.60331,0.33,
6.60386,0.33,
6.60443,0.33,
6.60524,0.33,
6.6058,0.33,
6.60634,0.33,
6.60685,0.33,
6.60738,0.33,
6.608,0.33,
6.60901,0.33,
6.61,0.33,
6.611,0.33,
6.612,0.33,
6.613,0.33,
6.614,0.33,
6.615,0.33,
6.616,0.33,
6.617,0.33,
6.618,0.33,
6.619,0.33,
6.62,0.33,
6.621,0.33,
6.622,0.33,
6.623,0.33,
6.624,0.33,
6.625,0.33,
6.62623,0.33,
6.62783,0.33,
6.62941,0.33,
6.63082,0.33,
6.63163,0.33,
6.63313,0.33,
6.63403,0.33,
6.63461,0.33,
6.63517,0.33,
6.63572,0.33,
6.63628,0.33,
6.63739,0.33,
6.63945,0.33,
6.64138,0.33,
6.64241,0.33,
6.64293,0.33,
6.64344,0.33,
6.644,0.33,
6.64451,0.33,
6.64503,0.33,
6.646,0.33,
6.647,0.33,
6.648,0.33,
6.649,0.33,
6.65,0.33,
6.651,0.33,
6.652,0.33,
6.653,0.33,
6.654,0.33,
6.655,0.33,
6.656,0.33,
6.657,0.33,
6.658,0.33,
6.659,0.33,
6.66,0.33,
6.661,0.33,
6.662,0.33,
6.663,0.33,
6.664,0.33,
6.665,0.33,
6.666,0.33,
6.667,0.33,
6.668,0.33,
6.669,0.33,
6.67,0.33,
6.671,0.33,
6.672,0.33,
6.673,0.33,
6.674,0.33,
6.675,0.33,
6.676,0.33,
6.677,0.33,
6.678,0.33,
6.679,0.33,
6.68,0.33,
6.681,0.33,
6.682,0.33,
6.683,0.33,
6.684,0.33,
6.685,0.33,
6.686,0.33,
6.687,0.33,
6.688,0.33,
6.689,0.33,
6.69,0.33,
6.691,0.33,
6.692,0.33,
6.693,0.33,
6.694,0.33,
6.695,0.33,
6.696,0.33,
6.697,0.33,
6.698,0.33,
6.699,0.33,
6.7,0.33,
6.701,0.33,
6.702,0.33,
6.703,0.33,
6.704,0.33,
6.705,0.33,
6.706,0.33,
6.707,0.33,
6.708,0.33,
6.709,0.33,
6.71,0.33,
6.711,0.33,
6.712,0.33,
6.713,0.33,
6.714,0.33,
6.715,0.33,
6.716,0.33,
6.717,0.33,
6.718,0.33,
6.719,0.33,
6.72,0.33,
6.721,0.33,
6.722,0.33,
6.723,0.33,
6.724,0.33,
6.725,0.33,
6.726,0.33,
6.727,0.33,
6.728,0.33,
6.729,0.33,
6.73,0.33,
6.731,0.33,
6.732,0.33,
6.73303,0.33,
6.734,0.33,
6.735,0.33,
6.736,0.33,
6.737,0.33,
6.738,0.33,
6.739,0.33,
6.74,0.33,
6.741,0.33,
6.742,0.33,
6.743,0.33,
6.744,0.33,
6.745,0.33,
6.746,0.33,
6.74708,0.33,
6.748,0.33,
6.749,0.33,
6.75,0.33,
6.75143,0.33,
6.75281,0.33,
6.75444,0.33,
6.75531,0.33,
6.75583,0.33,
6.75633,0.33,
6.757,0.33,
6.758,0.33,
6.759,0.33,
6.76104,0.33,
6.763,0.33,
6.76452,0.33,
6.76532,0.33,
6.76627,0.33,
6.7669,0.33,
6.76752,0.33,
6.76815,0.33,
6.76877,0.33,
6.76966,0.33,
6.77111,0.33,
6.77314,0.33,
6.77414,0.33,
6.77466,0.33,
6.77516,0.33,
6.77567,0.33,
6.77618,0.33,
6.777,0.33,
6.778,0.33,
6.77921,0.33,
6.78085,0.33,
6.78139,0.33,
6.782,0.33,
6.783,0.33,
6.784,0.33,
6.785,0.33,
6.78625,0.33,
6.787,0.33,
6.788,0.33,
6.789,0.33,
6.79,0.33,
6.791,0.33,
6.792,0.33,
6.793,0.33,
6.794,0.33,
6.795,0.33,
6.796,0.33,
6.79701,0.33,
6.798,0.33,
6.799,0.33,
6.8,0.33,
6.801,0.33,
6.802,0.33,
6.803,0.33,
6.804,0.33,
6.805,0.33,
6.806,0.33,
6.807,0.33,
6.80869,0.33,
6.80932,0.33,
6.81,0.33,
6.811,0.33,
6.812,0.33,
6.813,0.33,
6.814,0.33,
6.815,0.33,
6.816,0.33,
6.817,0.33,
6.818,0.33,
6.819,0.33,
6.82,0.33,
6.821,0.33,
6.822,0.33,
6.823,0.33,
6.824,0.33,
6.825,0.33,
6.826,0.33,
6.827,0.33,
6.828,0.33,
6.829,0.33,
6.83,0.33,
6.831,0.33,
6.832,0.33,
6.833,0.33,
6.834,0.33,
6.835,0.33,
6.83712,0.33,
6.83858,0.33,
6.83945,0.33,
6.83999,0.33,
6.84051,0.33,
6.84102,0.33,
6.842,0.33,
6.843,0.33,
6.844,0.33,
6.845,0.33,
6.846,0.33,
6.847,0.33,
6.848,0.33,
6.849,0.33,
6.85,0.33,
6.851,0.33,
6.852,0.33,
6.853,0.33,
6.854,0.33,
6.855,0.33,
6.856,0.33,
6.857,0.33,
6.858,0.33,
6.859,0.33,
6.86054,0.33,
6.8614,0.33,
6.86202,0.33,
6.863,0.33,
6.864,0.33,
6.865,0.33,
6.866,0.33,
6.867,0.33,
6.868,0.33,
6.869,0.33,
6.87,0.33,
6.871,0.33,
6.872,0.33,
6.873,0.33,
6.874,0.33,
6.875,0.33,
6.876,0.33,
6.877,0.33,
6.878,0.33,
6.879,0.33,
6.88,0.33,
6.881,0.33,
6.882,0.33,
6.883,0.33,
6.884,0.33,
6.885,0.33,
6.886,0.33,
6.887,0.33,
6.888,0.33,
6.889,0.33,
6.89,0.33,
6.891,0.33,
6.892,0.33,
6.893,0.33,
6.894,0.33,
6.895,0.33,
6.89691,0.33,
6.89751,0.33,
6.89802,0.33,
6.899,0.33,
6.9,0.33,
6.901,0.33,
6.90233,0.33,
6.903,0.33,
6.904,0.33,
6.905,0.33,
6.906,0.33,
6.907,0.33,
6.90894,0.33,
6.91018,0.33,
6.91072,0.33,
6.91124,0.33,
6.91285,0.33,
6.91408,0.33,
6.91462,0.33,
6.91513,0.33,
6.916,0.33,
6.917,0.33,
6.918,0.33,
6.919,0.33,
6.92,0.33,
6.921,0.33,
6.922,0.33,
6.923,0.33,
6.924,0.33,
6.925,0.33,
6.926,0.33,
6.927,0.33,
6.928,0.33,
6.929,0.33,
6.93,0.33,
6.931,0.33,
6.932,0.33,
6.933,0.33,
6.934,0.33,
6.935,0.33,
6.936,0.33,
6.937,0.33,
6.938,0.33,
6.939,0.33,
6.94,0.33,
6.941,0.33,
6.94241,0.33,
6.943,0.33,
6.944,0.33,
6.945,0.33,
6.946,0.33,
6.947,0.33,
6.948,0.33,
6.949,0.33,
6.95,0.33,
6.951,0.33,
6.952,0.33,
6.953,0.33,
6.954,0.33,
6.955,0.33,
6.956,0.33,
6.957,0.33,
6.958,0.33,
6.959,0.33,
6.96,0.33,
6.961,0.33,
6.962,0.33,
6.963,0.33,
6.964,0.33,
6.965,0.33,
6.966,0.33,
6.96724,0.33,
6.968,0.33,
6.969,0.33,
6.97,0.33,
6.971,0.33,
6.97211,0.33,
6.973,0.33,
6.9751,0.33,
6.97646,0.33,
6.97833,0.33,
6.98056,0.33,
6.98166,0.33,
6.98228,0.33,
6.98334,0.33,
6.9839,0.33,
6.98453,0.33,
6.98516,0.33,
6.98578,0.33,
6.98637,0.33,
6.98692,0.33,
6.98747,0.33,
6.98807,0.33,
6.989,0.33,
6.99,0.33,
6.991,0.33,
6.992,0.33,
6.993,0.33,
6.994,0.33,
6.995,0.33,
6.996,0.33,
6.997,0.33,
6.998,0.33,
6.999,0.33,
7,0.33,
7.001,0.33,
7.002,0.33,
7.003,0.33,
7.004,0.33,
7.005,0.33,
7.006,0.33,
7.007,0.33,
7.008,0.33,
7.009,0.33,
7.01,0.33,
7.011,0.33,
7.012,0.33,
7.013,0.33,
7.014,0.33,
7.015,0.33,
7.016,0.33,
7.017,0.33,
7.018,0.33,
7.019,0.33,
7.02,0.33,
7.021,0.33,
7.022,0.33,
7.023,0.33,
7.024,0.33,
7.025,0.33,
7.026,0.33,
7.027,0.33,
7.028,0.33,
7.029,0.33,
7.03,0.33,
7.031,0.33,
7.032,0.33,
7.033,0.33,
7.034,0.33,
7.035,0.33,
7.036,0.33,
7.037,0.33,
7.038,0.33,
7.039,0.33,
7.04,0.33,
7.041,0.33,
7.042,0.33,
7.043,0.33,
7.044,0.33,
7.045,0.33,
7.046,0.33,
7.047,0.33,
7.048,0.33,
7.049,0.33,
7.05,0.33,
7.051,0.33,
7.052,0.33,
7.053,0.33,
7.054,0.33,
7.055,0.33,
7.056,0.33,
7.057,0.33,
7.058,0.33,
7.059,0.33,
7.06,0.33,
7.061,0.33,
7.062,0.33,
7.063,0.33,
7.064,0.33,
7.065,0.33,
7.066,0.33,
7.067,0.33,
7.068,0.33,
7.069,0.33,
7.07,0.33,
7.071,0.33,
7.072,0.33,
7.073,0.33,
7.074,0.33,
7.075,0.33,
7.076,0.33,
7.077,0.33,
7.078,0.33,
7.079,0.33,
7.08,0.33,
7.081,0.33,
7.082,0.33,
7.083,0.33,
7.084,0.33,
7.085,0.33,
7.086,0.33,
7.087,0.33,
7.088,0.33,
7.089,0.33,
7.09,0.33,
7.091,0.33,
7.092,0.33,
7.093,0.33,
7.094,0.33,
7.095,0.33,
7.096,0.33,
7.097,0.33,
7.098,0.33,
7.099,0.33,
7.1,0.33,
7.101,0.33,
7.102,0.33,
7.103,0.33,
7.104,0.33,
7.105,0.33,
7.106,0.33,
7.107,0.33,
7.108,0.33,
7.109,0.33,
7.11,0.33,
7.111,0.33,
7.112,0.33,
7.113,0.33,
7.114,0.33,
7.115,0.33,
