Setpoint_X,Setpoint_Y,INE,ISW,ISE,INW,ONE,ONW,OSE,OSW,CIR
184,184,6400,5869,6805,6751,763,746,717,720,0
184,286,6434,5822,6856,6720,778,745,717,720,0
286,286,6437,5804,6861,6725,779,746,717,720,0
286,184,6464,5801,6870,6706,779,745,717,720,0
388,184,6498,5787,6862,6743,779,745,717,720,0
491,184,6528,5780,6823,6820,779,745,717,720,0
491,286,6517,5768,6775,6805,778,746,717,720,0
388,286,6510,5917,6614,6839,777,745,717,720,0
388,388,6561,5845,6634,6733,779,746,717,720,0
491,388,6596,5843,6641,6726,779,746,718,721,0
491,491,6529,5874,6609,6747,779,746,717,720,0
388,491,6530,5854,6677,6730,779,745,717,720,0
286,491,6477,5867,6677,6765,778,745,717,720,0
286,388,6462,5827,6801,6740,778,746,717,720,0
184,388,6442,5805,6849,6734,778,745,717,720,0
184,491,6398,5767,6905,6725,779,746,717,720,0
184,593,6375,5741,6962,6721,779,746,717,720,0
286,593,6348,5735,6962,6745,779,745,717,720,0
286,695,6390,5762,6928,6716,779,746,717,720,0
184,695,6310,5825,6849,6718,779,745,717,720,0
184,798,6369,5842,6841,6727,778,746,717,720,0
184,900,6404,5894,6797,6653,778,745,717,720,0
286,900,6408,5906,6792,6615,779,746,717,720,0
286,798,6409,5941,6767,6550,778,746,717,720,0
388,798,6395,5976,6766,6580,778,746,717,720,0
388,900,6408,5885,6815,6654,778,745,717,720,0
491,900,6352,5967,6746,6641,778,745,717,720,0
491,798,6442,5836,6792,6717,778,745,717,720,0
491,695,6479,5803,6783,6728,778,746,717,720,0
388,695,6478,5875,6719,6694,778,745,717,720,0
388,593,6475,5896,6663,6789,778,745,717,720,0
491,593,6524,5903,6656,6718,778,745,717,720,0
593,593,6518,5928,6646,6711,778,745,717,720,0
695,593,6480,5925,6653,6723,779,745,717,720,0
695,695,6501,5919,6657,6693,779,745,717,720,0
593,695,6478,5950,6621,6697,780,746,717,721,0
593,798,6484,5927,6637,6670,779,745,717,720,0
593,900,6476,5939,6628,6671,779,746,717,720,0
695,900,6484,5907,6634,6712,779,745,717,720,0
695,798,6511,5886,6669,6749,779,745,717,720,0
798,798,6468,5922,6654,6723,779,746,717,720,0
798,900,6402,5964,6645,6721,779,745,717,720,0
900,900,6417,5976,6633,6713,779,746,717,720,0
900,798,6433,6051,6575,6661,779,745,717,720,0
900,695,6488,6059,6625,6530,779,746,717,720,0
798,695,6437,6065,6559,6605,778,746,717,720,0
798,593,6441,6086,6544,6592,778,746,717,720,0
900,593,6429,6098,6518,6610,778,746,717,720,0
900,491,6432,6082,6524,6606,779,746,717,720,0
900,388,6436,6060,6575,6579,778,746,717,720,0
798,388,6442,6057,6589,6610,779,746,717,720,0
798,491,6441,6043,6605,6574,780,746,717,720,0
695,491,6430,6058,6609,6617,779,745,717,720,0
593,491,6429,6017,6638,6649,779,746,717,720,0
593,388,6431,5991,6660,6653,780,745,717,720,0
695,388,6440,5993,6648,6685,779,745,717,720,0
695,286,6446,5948,6668,6687,779,745,717,720,0
593,286,6383,6029,6572,6721,779,745,717,720,0
593,184,6451,5962,6627,6688,779,745,718,720,0
695,184,6481,5993,6581,6646,780,745,717,720,0
798,184,6510,6008,6526,6711,780,746,717,720,0
798,286,6532,6002,6538,6701,780,746,717,720,0
900,286,6484,6098,6454,6705,780,746,717,720,0
900,184,6543,6032,6492,6721,779,746,717,720,0
1002,184,6532,6002,6483,6690,779,746,717,720,0
1105,184,6549,6030,6453,6666,779,745,717,720,0
1105,286,6528,6079,6413,6649,778,745,717,720,0
1002,286,6502,6120,6375,6667,778,745,717,721,0
1002,388,6489,6135,6363,6645,778,745,717,720,0
1002,491,6566,6102,6432,6611,778,745,717,720,0
1105,491,6538,6121,6436,6550,778,745,717,720,0
1105,388,6475,6131,6448,6572,778,746,717,720,0
1207,388,6455,6098,6470,6609,778,745,717,720,0
1207,491,6441,6094,6482,6593,778,746,717,720,0
1309,491,6447,6140,6434,6620,778,745,717,720,0
1309,388,6442,6166,6421,6551,777,745,717,720,0
1309,286,6464,6158,6385,6593,778,745,717,720,0
1207,286,6470,6238,6299,6554,778,746,717,720,0
1207,184,6495,6256,6311,6456,778,746,717,720,0
1309,184,6526,6246,6334,6420,778,745,717,720,0
1412,184,6530,6250,6314,6467,778,746,717,720,0
1412,286,6499,6282,6290,6473,779,746,717,721,0
1514,286,6519,6241,6308,6536,778,746,717,720,0
1514,184,6494,6215,6308,6538,778,746,717,720,0
1616,184,6474,6255,6234,6571,778,746,717,720,0
1719,184,6562,6206,6267,6560,778,745,717,720,0
1719,286,6518,6331,6105,6568,778,746,717,720,0
1616,286,6565,6286,6151,6544,778,745,717,720,0
1616,388,6546,6355,6068,6478,778,745,717,720,0
1719,388,6495,6389,6006,6472,779,746,717,720,0
1719,491,6461,6435,5990,6478,778,745,717,720,0
1616,491,6488,6392,6072,6500,778,746,717,720,0
1514,491,6500,6351,6190,6449,778,746,717,720,0
1514,388,6445,6330,6201,6526,779,746,717,721,0
1412,388,6488,6229,6312,6486,779,746,717,720,0
1412,491,6498,6185,6380,6530,778,746,717,720,0
1412,593,6449,6197,6364,6543,778,746,717,720,0
1412,695,6463,6179,6389,6529,778,746,717,720,0
1514,695,6471,6235,6300,6578,779,746,717,720,0
1514,593,6474,6228,6282,6554,778,746,717,720,0
1616,593,6426,6329,6185,6524,778,745,717,720,0
1719,593,6507,6313,6192,6479,778,745,717,720,0
1719,695,6502,6346,6147,6469,779,745,717,720,0
1616,695,6483,6389,6076,6484,778,745,717,720,0
1616,798,6557,6370,6122,6444,778,745,717,720,0
1719,798,6575,6322,6191,6428,778,746,717,720,0
1719,900,6520,6375,6104,6507,778,746,718,720,0
1616,900,6531,6295,6153,6550,778,745,717,720,0
1514,900,6526,6281,6201,6555,778,746,717,720,0
1514,798,6529,6295,6227,6510,778,746,717,720,0
1412,798,6602,6221,6278,6548,778,745,717,720,0
1412,900,6525,6243,6216,6581,778,746,717,720,0
1309,900,6540,6258,6267,6493,778,746,718,720,0
1207,900,6507,6271,6254,6500,778,745,717,720,0
1207,798,6491,6239,6268,6502,779,746,717,720,0
1309,798,6514,6252,6293,6484,778,746,717,720,0
1309,695,6555,6197,6350,6498,778,746,717,721,0
1309,593,6478,6228,6318,6528,778,745,717,720,0
1207,593,6559,6157,6391,6486,778,745,717,720,0
1207,695,6551,6170,6346,6521,778,746,717,720,0
1105,695,6532,6195,6331,6525,778,746,717,720,0
1105,593,6572,6167,6367,6495,778,746,717,721,0
1002,593,6541,6177,6369,6494,778,745,717,720,0
1002,695,6528,6103,6433,6582,778,745,717,720,0
1002,798,6498,6094,6447,6565,778,745,717,720,0
1105,798,6521,6064,6497,6521,778,746,718,721,0
1105,900,6454,6122,6450,6611,778,746,717,720,0
1002,900,6555,6091,6521,6500,778,746,717,720,0
1002,1002,6492,6129,6407,6599,778,745,717,721,0
1105,1002,6485,6123,6399,6604,778,745,717,720,0
1105,1105,6512,6077,6429,6616,778,746,717,720,0
1002,1105,6523,6091,6399,6618,777,745,717,720,0
1002,1207,6596,6079,6421,6582,778,746,717,720,0
1002,1309,6542,6142,6395,6532,778,746,717,720,0
1105,1309,6478,6203,6343,6534,778,746,717,720,0
1105,1207,6542,6100,6410,6601,778,745,717,720,0
1207,1207,6510,6119,6388,6620,778,745,717,720,0
1207,1309,6522,6135,6379,6618,778,745,717,720,0
1309,1309,6521,6156,6376,6558,778,745,717,720,0
1309,1207,6559,6176,6360,6532,778,746,717,720,0
1309,1105,6656,6148,6371,6492,778,745,717,720,0
1207,1105,6525,6227,6276,6588,778,745,717,720,0
1207,1002,6488,6245,6236,6588,779,745,717,720,0
1309,1002,6562,6229,6324,6466,778,746,717,720,0
1412,1002,6511,6259,6307,6462,779,746,717,720,0
1412,1105,6511,6231,6336,6454,779,746,717,721,0
1514,1105,6511,6255,6362,6396,778,745,717,720,0
1514,1002,6537,6244,6380,6394,779,746,716,720,0
1616,1002,6510,6261,6326,6445,778,746,717,720,0
1719,1002,6480,6318,6227,6493,778,745,717,720,0
1719,1105,6507,6317,6189,6459,778,745,717,720,0
1616,1105,6513,6317,6158,6456,779,746,718,721,0
1616,1207,6490,6373,6108,6435,779,746,717,720,0
1719,1207,6485,6385,6078,6477,779,746,717,720,0
1719,1309,6491,6373,6104,6446,778,746,717,720,0
1616,1309,6458,6375,6115,6427,779,745,717,720,0
1514,1309,6494,6343,6174,6418,778,746,717,720,0
1514,1207,6444,6371,6179,6482,778,745,717,720,0
1412,1207,6528,6256,6308,6462,778,746,717,720,0
1412,1309,6518,6262,6292,6506,778,745,717,720,0
1412,1412,6538,6219,6285,6559,778,746,717,720,0
1412,1514,6482,6189,6263,6590,779,746,717,720,0
1514,1514,6514,6201,6249,6610,778,746,717,720,0
1514,1412,6532,6238,6230,6608,778,746,717,720,0
1616,1412,6483,6315,6140,6558,779,746,718,721,0
1719,1412,6624,6263,6222,6470,778,745,717,720,0
1719,1514,6584,6310,6152,6481,778,745,717,720,0
1616,1514,6550,6371,6086,6476,778,745,716,720,0
1616,1616,6539,6379,6078,6487,778,746,717,720,0
1719,1616,6521,6307,6127,6501,778,745,717,720,0
1719,1719,6537,6291,6148,6491,778,746,717,720,0
1616,1719,6550,6305,6198,6453,778,745,717,720,0
1514,1719,6476,6303,6190,6519,778,745,717,720,0
1514,1616,6493,6271,6251,6518,778,746,717,720,0
1412,1616,6492,6249,6278,6506,778,745,717,720,0
1412,1719,6577,6219,6371,6389,778,745,717,720,0
1309,1719,6433,6262,6269,6479,778,746,717,720,0
1207,1719,6494,6229,6353,6452,779,746,717,720,0
1207,1616,6478,6223,6357,6441,778,746,717,721,0
1309,1616,6479,6287,6361,6340,778,745,717,720,0
1309,1514,6425,6267,6309,6475,778,745,717,720,0
1309,1412,6427,6270,6319,6447,778,746,717,720,0
1207,1412,6461,6218,6320,6556,778,745,717,720,0
1207,1514,6481,6229,6295,6544,778,746,717,720,0
1105,1514,6547,6170,6384,6499,778,745,717,720,0
1105,1412,6544,6182,6354,6524,778,745,717,720,0
1002,1412,6493,6184,6323,6591,778,746,717,720,0
1002,1514,6495,6145,6356,6631,778,746,717,720,0
1002,1616,6486,6114,6387,6644,778,745,717,720,0
1105,1616,6553,6109,6471,6517,777,746,717,720,0
1105,1719,6464,6181,6376,6597,778,746,717,721,0
1002,1719,6503,6131,6414,6604,777,746,717,720,0
900,1719,6515,6142,6427,6600,778,746,717,720,0
900,1616,6479,6166,6389,6598,778,745,717,720,0
798,1616,6539,6155,6457,6531,777,745,717,720,0
798,1719,6529,6122,6465,6548,778,746,717,720,0
695,1719,6475,6087,6492,6572,778,745,717,720,0
593,1719,6492,5997,6607,6540,778,746,717,720,0
593,1616,6475,6015,6633,6524,779,745,717,720,0
695,1616,6370,5985,6671,6629,779,745,717,720,0
695,1514,6387,5972,6709,6643,779,746,717,720,0
593,1514,6386,6006,6702,6622,779,746,717,720,0
593,1412,6397,5953,6726,6628,779,746,717,720,0
695,1412,6438,5993,6664,6656,779,745,717,720,0
798,1412,6461,6055,6562,6642,779,745,717,720,0
798,1514,6493,5994,6559,6639,779,745,717,720,0
900,1514,6523,6007,6531,6630,778,746,717,720,0
900,1412,6518,6102,6452,6599,778,745,717,720,0
900,1309,6523,6096,6424,6568,777,746,717,720,0
798,1309,6499,6094,6428,6560,778,746,718,720,0
798,1207,6543,6117,6511,6494,778,746,717,720,0
900,1207,6463,6085,6492,6593,778,745,717,720,0
900,1105,6437,6088,6491,6664,779,745,717,720,0
900,1002,6492,6007,6553,6661,779,745,717,720,0
798,1002,6532,5971,6594,6619,779,746,717,720,0
798,1105,6496,6003,6564,6685,779,746,717,720,0
695,1105,6504,5967,6546,6648,779,745,717,720,0
695,1002,6435,6022,6503,6661,779,745,717,720,0
593,1002,6443,6047,6531,6600,779,746,717,720,0
593,1105,6410,6027,6570,6577,778,746,717,720,0
593,1207,6399,6101,6551,6512,778,745,717,720,0
695,1207,6450,6063,6607,6474,779,746,717,720,0
695,1309,6406,6002,6649,6606,779,745,717,720,0
593,1309,6398,5951,6677,6649,779,745,717,720,0
491,1309,6402,5915,6691,6673,779,745,717,720,0
388,1309,6439,5900,6689,6649,778,746,717,720,0
388,1207,6403,5940,6685,6628,779,746,717,720,0
491,1207,6434,5950,6686,6636,778,746,717,720,0
491,1105,6498,5918,6738,6561,778,746,717,720,0
491,1002,6457,5945,6731,6564,778,746,717,720,0
388,1002,6492,5911,6740,6611,778,746,717,720,0
388,1105,6454,5914,6733,6636,778,746,717,720,0
286,1105,6485,5913,6710,6638,778,746,717,720,0
286,1002,6490,5925,6695,6648,778,745,717,720,0
184,1002,6497,5866,6738,6689,778,746,717,721,0
184,1105,6476,5789,6790,6746,779,746,717,720,0
184,1207,6472,5779,6793,6784,778,745,717,720,0
286,1207,6494,5791,6812,6770,779,746,717,720,0
286,1309,6449,5762,6833,6734,779,745,717,720,0
184,1309,6451,5765,6857,6736,779,746,717,720,0
184,1412,6475,5824,6828,6701,779,745,717,720,0
184,1514,6445,5810,6794,6773,778,745,717,720,0
286,1514,6479,5784,6816,6759,778,745,717,720,0
286,1412,6454,5804,6783,6742,778,745,717,720,0
388,1412,6484,5840,6773,6661,778,745,717,720,0
491,1412,6483,5878,6731,6669,778,746,717,720,0
491,1514,6476,5907,6704,6712,778,745,717,720,0
388,1514,6467,5913,6697,6643,778,746,717,720,0
388,1616,6446,5909,6722,6680,778,746,717,720,0
491,1616,6463,5912,6732,6616,778,746,717,720,0
491,1719,6443,5907,6733,6619,778,745,717,720,0
388,1719,6441,5897,6778,6636,778,746,717,720,0
286,1719,6382,5866,6806,6684,778,746,717,720,0
286,1616,6387,5854,6837,6667,778,746,717,720,0
184,1616,6390,5829,6852,6688,778,746,717,721,0
184,1719,6359,5824,6867,6665,778,746,717,720,0
184,1821,6338,5845,6851,6680,778,745,717,720,0
286,1821,6295,5942,6808,6588,778,746,717,720,0
286,1924,6389,5839,6885,6648,779,746,717,720,0
184,1924,6395,5884,6832,6656,778,745,717,720,0
184,2026,6360,5843,6822,6699,778,745,717,720,0
184,2128,6399,5797,6835,6745,778,746,717,720,0
286,2128,6421,5804,6803,6751,778,746,717,720,0
286,2026,6428,5805,6774,6748,778,746,717,720,0
388,2026,6491,5779,6809,6747,777,745,716,720,0
388,2128,6437,5814,6768,6755,778,745,717,720,0
491,2128,6448,5835,6748,6706,778,745,717,720,0
491,2026,6444,5911,6687,6669,778,746,717,721,0
491,1924,6483,5906,6705,6708,778,746,717,720,0
388,1924,6485,5885,6691,6681,777,745,717,720,0
388,1821,6493,5910,6688,6691,778,746,717,720,0
491,1821,6491,5868,6701,6688,778,745,717,720,0
593,1821,6516,5873,6745,6684,778,745,717,720,0
593,1924,6449,5884,6738,6676,778,746,717,720,0
695,1924,6435,5969,6718,6618,779,746,717,720,0
695,1821,6416,5932,6718,6651,779,745,717,720,0
798,1821,6438,5945,6727,6619,779,745,717,720,0
900,1821,6452,6016,6652,6571,780,745,717,720,0
900,1924,6450,6029,6608,6559,779,746,717,720,0
798,1924,6443,6023,6582,6566,778,745,717,720,0
798,2026,6474,6060,6554,6559,778,746,718,721,0
900,2026,6459,6052,6535,6590,778,746,717,721,0
900,2128,6413,6074,6534,6554,778,746,717,721,0
798,2128,6396,6054,6557,6575,778,746,717,720,0
695,2128,6433,6054,6624,6531,779,745,717,720,0
695,2026,6405,6010,6671,6595,779,745,717,720,0
593,2026,6387,5982,6702,6643,779,745,717,720,0
593,2128,6311,6015,6664,6655,779,746,717,720,0
593,2231,6409,5945,6727,6646,778,746,717,720,0
593,2333,6411,5934,6717,6671,778,746,717,720,0
695,2333,6416,5903,6701,6673,778,745,717,720,0
695,2231,6406,5928,6668,6690,779,745,717,720,0
798,2231,6476,5953,6638,6626,779,745,717,720,0
900,2231,6466,6011,6553,6630,780,746,718,721,0
900,2333,6560,6010,6614,6540,779,746,717,720,0
798,2333,6457,6064,6506,6597,778,746,717,720,0
798,2435,6459,6073,6490,6617,778,745,717,720,0
900,2435,6462,6027,6523,6639,778,746,717,720,0
900,2538,6547,5969,6605,6591,779,746,717,720,0
798,2538,6487,5995,6567,6563,779,745,717,720,0
695,2538,6432,5993,6604,6671,779,745,717,720,0
695,2435,6415,5940,6671,6708,779,746,717,720,0
593,2435,6409,5943,6711,6629,779,746,717,720,0
593,2538,6353,5969,6695,6659,779,746,717,720,0
491,2538,6410,5964,6758,6539,778,745,717,720,0
388,2538,6356,5958,6737,6597,779,746,717,720,0
388,2435,6359,5959,6749,6601,779,745,716,720,0
491,2435,6398,5916,6787,6641,778,745,717,720,0
491,2333,6398,5922,6782,6603,778,746,717,720,0
491,2231,6417,5905,6797,6600,778,746,717,721,0
388,2231,6445,5877,6777,6649,778,745,717,720,0
388,2333,6469,5906,6745,6624,778,746,717,720,0
286,2333,6442,5915,6731,6671,778,746,717,720,0
286,2231,6439,5930,6742,6630,778,746,717,720,0
184,2231,6433,5898,6761,6690,778,746,717,720,0
184,2333,6438,5843,6804,6715,778,746,717,720,0
184,2435,6445,5833,6822,6731,778,745,717,720,0
286,2435,6440,5827,6862,6702,778,745,717,720,0
286,2538,6456,5802,6888,6670,779,745,717,720,0
184,2538,6469,5787,6876,6668,779,746,717,720,0
184,2640,6449,5835,6822,6705,779,745,717,720,0
184,2742,6405,5844,6801,6733,778,745,717,720,0
286,2742,6452,5845,6826,6705,778,745,717,720,0
286,2640,6426,5877,6788,6687,778,745,717,720,0
388,2640,6437,5847,6806,6688,778,746,717,720,0
491,2640,6420,5863,6783,6697,778,746,717,720,0
491,2742,6448,5872,6781,6621,778,746,717,720,0
388,2742,6407,5925,6737,6600,778,746,717,720,0
388,2845,6428,5980,6722,6552,778,746,717,720,0
491,2845,6402,5958,6733,6571,778,745,717,720,0
491,2947,6458,5902,6795,6561,778,745,717,720,0
388,2947,6400,5917,6792,6628,778,745,717,720,0
286,2947,6397,5871,6816,6691,778,745,717,720,0
286,2845,6387,5836,6857,6666,778,746,717,720,0
184,2845,6418,5816,6889,6641,778,745,717,720,0
184,2947,6357,5830,6899,6653,777,745,717,720,0
184,3049,6402,5838,6922,6608,778,746,717,720,0
286,3049,6389,5823,6924,6647,778,746,717,720,0
286,3152,6422,5825,6931,6646,778,747,717,720,0
184,3152,6382,5926,6863,6524,778,745,717,720,0
184,3254,6326,5900,6811,6683,778,745,717,720,0
184,3357,6409,5856,6838,6699,778,746,717,720,0
286,3357,6454,5820,6842,6711,778,745,717,720,0
286,3254,6433,5851,6808,6676,778,746,717,720,0
388,3254,6406,5850,6803,6684,778,745,717,720,0
388,3357,6434,5837,6813,6677,778,745,716,719,0
491,3357,6446,5848,6799,6688,778,745,717,719,0
491,3254,6445,5889,6765,6650,778,745,717,720,0
491,3152,6447,5905,6752,6622,778,746,717,720,0
388,3152,6468,5912,6738,6607,778,746,717,720,0
388,3049,6449,5937,6722,6603,778,746,717,720,0
491,3049,6461,5956,6737,6530,778,746,717,720,0
593,3049,6398,5939,6714,6634,778,746,717,720,0
695,3049,6422,5918,6764,6635,778,746,717,720,0
695,3152,6363,6027,6684,6509,779,745,717,720,0
593,3152,6348,5996,6677,6635,779,746,717,720,0
593,3254,6413,5960,6710,6623,779,745,717,720,0
593,3357,6397,5989,6693,6577,779,746,718,720,0
695,3357,6416,5994,6685,6577,779,745,717,720,0
695,3254,6418,5970,6694,6595,779,745,717,720,0
798,3254,6393,5971,6698,6597,779,746,717,720,0
798,3357,6395,5967,6699,6605,779,746,717,720,0
900,3357,6401,5975,6693,6594,779,746,717,720,0
900,3254,6408,6017,6620,6623,779,745,717,720,0
900,3152,6439,6069,6587,6563,779,746,717,721,0
798,3152,6400,6079,6556,6561,779,746,717,720,0
798,3049,6441,6064,6562,6547,778,745,717,720,0
900,3049,6468,6040,6564,6590,778,746,717,720,0
900,2947,6435,6045,6553,6570,778,745,717,720,0
900,2845,6426,6040,6568,6560,778,746,717,720,0
798,2845,6406,6083,6539,6590,779,746,717,720,0
798,2947,6474,6045,6613,6509,779,745,717,720,0
695,2947,6437,6043,6593,6602,779,745,717,720,0
593,2947,6434,6011,6654,6611,779,745,717,720,0
593,2845,6398,6005,6670,6615,779,745,717,720,0
695,2845,6414,5966,6697,6633,779,745,717,720,0
695,2742,6385,5971,6690,6643,779,746,717,720,0
593,2742,6418,5963,6718,6619,779,746,717,720,0
593,2640,6440,5909,6747,6610,779,746,717,720,0
695,2640,6391,5968,6658,6697,780,746,717,720,0
798,2640,6408,6009,6623,6664,779,745,717,720,0
798,2742,6440,6007,6623,6609,779,745,717,720,0
900,2742,6476,6034,6621,6556,779,745,717,720,0
900,2640,6469,6082,6583,6501,779,746,717,721,0
1002,2640,6460,6040,6540,6634,778,746,717,720,0
1002,2742,6510,6033,6541,6611,778,746,717,720,0
1105,2742,6506,6069,6517,6579,778,746,717,720,0
1105,2640,6487,6086,6471,6578,777,745,717,720,0
1207,2640,6507,6104,6448,6581,777,745,717,720,0
1309,2640,6546,6080,6483,6543,777,746,717,720,0
1309,2742,6477,6161,6386,6574,778,745,717,720,0
1207,2742,6499,6207,6374,6528,778,745,717,720,0
1207,2845,6512,6209,6370,6472,778,746,717,720,0
1309,2845,6511,6199,6358,6529,778,746,717,720,0
1309,2947,6466,6242,6303,6523,779,746,717,720,0
1207,2947,6427,6255,6300,6524,779,745,717,720,0
1105,2947,6460,6177,6392,6530,778,746,717,720,0
1105,2845,6446,6163,6431,6500,778,745,717,720,0
1002,2845,6465,6114,6494,6453,777,745,717,720,0
1002,2947,6421,6150,6489,6512,777,746,717,720,0
1002,3049,6379,6171,6479,6558,777,746,717,720,0
1105,3049,6390,6147,6500,6551,777,746,717,720,0
1105,3152,6401,6158,6493,6541,777,746,717,720,0
1002,3152,6417,6154,6475,6548,778,746,717,720,0
1002,3254,6453,6124,6522,6431,778,745,717,720,0
1002,3357,6429,6161,6472,6445,778,746,717,720,0
1105,3357,6462,6124,6470,6497,778,746,717,720,0
1105,3254,6470,6136,6457,6473,778,745,717,720,0
1207,3254,6438,6172,6448,6477,778,745,717,720,0
1207,3357,6438,6157,6452,6503,778,746,717,720,0
1309,3357,6515,6167,6469,6477,778,745,717,720,0
1309,3254,6452,6158,6414,6544,777,745,717,720,0
1309,3152,6509,6146,6446,6515,777,746,717,720,0
1207,3152,6479,6144,6399,6589,778,745,717,720,0
1207,3049,6512,6146,6365,6595,778,745,717,720,0
1309,3049,6515,6152,6374,6552,778,746,716,720,0
1412,3049,6467,6185,6329,6568,778,746,717,720,0
1514,3049,6516,6182,6373,6511,778,745,717,720,0
1514,3152,6490,6222,6320,6534,778,746,717,720,0
1412,3152,6543,6235,6330,6484,778,746,717,720,0
1412,3254,6513,6237,6302,6516,778,745,717,720,0
1412,3357,6489,6274,6245,6511,778,746,717,720,0
1514,3357,6455,6306,6190,6539,779,746,717,721,0
1514,3254,6514,6247,6268,6525,778,746,717,720,0
1616,3254,6494,6217,6304,6461,778,746,717,720,0
1616,3357,6564,6212,6363,6412,778,746,717,720,0
1719,3357,6497,6265,6264,6484,778,745,717,720,0
1719,3254,6465,6326,6223,6461,778,745,717,720,0
1719,3152,6409,6402,6155,6420,778,745,717,720,0
1616,3152,6448,6379,6178,6358,778,745,717,720,0
1616,3049,6418,6383,6139,6376,778,745,717,720,0
1719,3049,6455,6375,6144,6356,778,745,717,721,0
1719,2947,6402,6389,6093,6396,778,746,717,720,0
1719,2845,6486,6320,6213,6373,778,745,717,720,0
1616,2845,6410,6358,6192,6412,778,746,717,720,0
1616,2947,6449,6317,6227,6428,778,746,717,720,0
1514,2947,6469,6325,6231,6423,778,745,717,720,0
1412,2947,6462,6320,6255,6425,778,746,717,720,0
1412,2845,6552,6252,6363,6349,778,746,717,720,0
1514,2845,6469,6260,6298,6438,778,746,717,720,0
1514,2742,6528,6223,6317,6449,778,746,717,720,0
1412,2742,6555,6197,6342,6437,778,746,717,720,0
1412,2640,6489,6195,6284,6521,778,746,717,720,0
1514,2640,6473,6224,6231,6580,778,745,717,720,0
1616,2640,6500,6267,6193,6529,778,746,717,720,0
1616,2742,6548,6279,6215,6476,777,746,717,720,0
1719,2742,6557,6260,6223,6476,778,745,717,720,0
1719,2640,6521,6315,6134,6503,778,745,717,721,0
1719,2538,6543,6301,6168,6486,778,745,717,720,0
1616,2538,6523,6277,6159,6506,778,745,717,720,0
1616,2435,6510,6288,6162,6488,778,745,717,720,0
1719,2435,6562,6250,6244,6457,778,745,717,720,0
1719,2333,6501,6280,6155,6506,778,745,717,721,0
1719,2231,6529,6275,6253,6403,778,746,717,720,0
1616,2231,6406,6407,6165,6437,778,746,717,720,0
1616,2333,6489,6327,6253,6422,778,746,717,720,0
1514,2333,6437,6364,6202,6449,777,746,717,720,0
1514,2231,6451,6341,6225,6459,778,746,717,720,0
1412,2231,6448,6315,6257,6440,778,746,717,720,0
1412,2333,6422,6339,6224,6436,777,745,717,720,0
1412,2435,6462,6269,6295,6439,778,746,717,720,0
1514,2435,6456,6284,6314,6404,778,746,717,720,0
1514,2538,6441,6294,6289,6442,778,745,716,720,0
1412,2538,6398,6286,6281,6438,778,746,717,720,0
1309,2538,6488,6285,6326,6393,778,746,717,720,0
1309,2435,6459,6293,6280,6451,778,745,717,720,0
1207,2435,6492,6259,6295,6464,778,746,717,720,0
1207,2538,6468,6224,6331,6493,778,746,718,721,0
1105,2538,6513,6210,6322,6507,779,746,717,720,0
1002,2538,6482,6170,6365,6565,778,745,717,720,0
1002,2435,6507,6120,6429,6573,778,746,717,720,0
1105,2435,6493,6098,6477,6561,778,746,717,720,0
1105,2333,6502,6104,6473,6562,778,745,717,720,0
1002,2333,6477,6133,6445,6572,778,746,717,720,0
1002,2231,6481,6128,6450,6561,777,745,717,720,0
1105,2231,6489,6109,6432,6577,777,745,717,720,0
1207,2231,6508,6080,6451,6581,777,745,717,720,0
1207,2333,6493,6211,6330,6552,778,745,717,720,0
1309,2333,6524,6158,6328,6575,777,746,717,721,0
1309,2231,6514,6184,6322,6551,778,745,717,720,0
1309,2128,6519,6187,6306,6519,778,746,717,720,0
1309,2026,6511,6231,6295,6488,778,746,717,720,0
1207,2026,6536,6209,6367,6459,778,745,717,720,0
1207,2128,6539,6185,6386,6465,778,746,717,720,0
1105,2128,6476,6197,6384,6517,778,745,717,720,0
1002,2128,6443,6192,6425,6481,777,745,717,720,0
1002,2026,6444,6107,6463,6528,777,746,717,720,0
1105,2026,6461,6112,6510,6495,777,746,717,720,0
1105,1924,6452,6118,6494,6517,778,746,717,720,0
1002,1924,6434,6163,6480,6459,777,746,717,720,0
1002,1821,6463,6105,6473,6492,777,746,717,720,0
1105,1821,6420,6208,6414,6448,778,745,717,720,0
1207,1821,6490,6200,6391,6495,778,745,717,720,0
1207,1924,6485,6240,6345,6467,779,746,717,720,0
1309,1924,6536,6193,6364,6457,778,746,717,720,0
1309,1821,6570,6187,6363,6453,779,746,717,720,0
1412,1821,6497,6194,6313,6536,778,746,717,720,0
1514,1821,6526,6234,6254,6561,778,746,717,720,0
1514,1924,6510,6241,6239,6561,778,746,717,720,0
1412,1924,6519,6265,6237,6537,778,745,717,720,0
1412,2026,6542,6268,6254,6507,778,746,717,720,0
1412,2128,6552,6280,6248,6490,778,745,717,720,0
1514,2128,6479,6293,6238,6514,778,745,717,720,0
1514,2026,6501,6258,6272,6493,778,746,717,720,0
1616,2026,6459,6264,6258,6519,778,746,717,720,0
1616,2128,6462,6278,6235,6538,778,746,717,720,0
1719,2128,6514,6261,6275,6466,778,746,717,720,0
1719,2026,6480,6298,6225,6482,777,746,717,721,0
1719,1924,6500,6302,6209,6438,778,745,717,720,0
1616,1924,6528,6318,6193,6401,778,745,717,720,0
1616,1821,6459,6362,6121,6418,778,745,717,720,0
1719,1821,6465,6382,6132,6418,778,746,717,720,0
1821,1821,6524,6318,6227,6404,779,746,717,721,0
1924,1821,6500,6320,6214,6399,778,746,717,720,0
1924,1924,6575,6295,6230,6390,778,746,717,720,0
1821,1924,6479,6345,6126,6440,778,745,717,720,0
1821,2026,6472,6389,6081,6462,778,745,717,720,0
1821,2128,6499,6394,6082,6408,778,746,717,721,0
1924,2128,6426,6443,6007,6445,779,746,717,720,0
1924,2026,6534,6388,6104,6362,778,746,717,720,0
2026,2026,6545,6403,6132,6274,779,746,717,720,0
2026,2128,6543,6388,6074,6355,779,745,717,720,0
2128,2128,6519,6387,6059,6372,779,745,717,720,0
2128,2026,6466,6445,5979,6385,779,746,717,720,0
2128,1924,6542,6427,6022,6370,779,746,717,720,0
2026,1924,6461,6497,5909,6389,779,746,718,721,0
2026,1821,6482,6493,5927,6375,779,746,717,720,0
2128,1821,6493,6496,5921,6382,779,746,717,720,0
2231,1821,6457,6504,5898,6383,779,745,717,720,0
2231,1924,6463,6524,5912,6359,778,745,717,720,0
2333,1924,6471,6507,5946,6316,779,745,717,720,0
2333,1821,6474,6464,5949,6357,778,745,717,720,0
2435,1821,6446,6480,5932,6302,778,746,717,720,0
2538,1821,6486,6534,5896,6306,778,745,717,720,0
2538,1924,6505,6555,5854,6272,777,745,717,720,0
2435,1924,6459,6578,5799,6262,778,746,717,720,0
2435,2026,6457,6579,5795,6227,778,745,717,720,0
2538,2026,6475,6580,5775,6222,778,745,717,720,0
2538,2128,6473,6596,5786,6231,779,746,718,721,0
2435,2128,6399,6579,5770,6291,778,746,717,720,0
2333,2128,6473,6537,5841,6281,778,745,717,720,0
2333,2026,6450,6536,5859,6291,778,745,717,720,0
2231,2026,6492,6471,5942,6304,777,746,717,720,0
2231,2128,6445,6486,5939,6326,778,746,717,720,0
2231,2231,6470,6489,5961,6327,778,746,717,720,0
2231,2333,6474,6501,5935,6334,778,746,717,720,0
2333,2333,6477,6490,5915,6334,778,746,717,720,0
2333,2231,6526,6527,5898,6242,778,745,717,720,0
2435,2231,6450,6576,5784,6349,777,745,717,720,0
2538,2231,6504,6590,5804,6257,778,745,717,720,0
2538,2333,6473,6578,5768,6265,779,746,717,720,0
2435,2333,6490,6599,5742,6255,779,746,717,721,0
2435,2435,6471,6616,5739,6252,779,746,717,720,0
2538,2435,6483,6590,5764,6260,778,745,717,720,0
2538,2538,6561,6550,5831,6280,777,746,717,720,0
2435,2538,6494,6573,5794,6314,778,745,717,720,0
2333,2538,6496,6521,5865,6299,778,745,717,720,0
2333,2435,6488,6509,5892,6339,778,746,717,720,0
2231,2435,6497,6467,5919,6292,778,745,717,720,0
2231,2538,6485,6475,5960,6296,778,746,717,720,0
2128,2538,6461,6514,5926,6315,778,745,717,720,0
2026,2538,6492,6478,6028,6251,777,745,717,720,0
2026,2435,6435,6517,5975,6302,778,746,717,720,0
2128,2435,6428,6528,5949,6327,777,746,717,720,0
2128,2333,6464,6497,6000,6318,779,745,717,720,0
2128,2231,6498,6473,6029,6317,778,746,717,720,0
2026,2231,6385,6524,5914,6391,778,745,717,720,0
2026,2333,6514,6444,6021,6334,779,745,717,721,0
1924,2333,6472,6465,5961,6367,778,746,717,720,0
1924,2231,6491,6475,5982,6359,778,746,717,720,0
1821,2231,6473,6482,5958,6379,779,746,717,721,0
1821,2333,6510,6489,5974,6387,779,745,717,720,0
1821,2435,6509,6445,6018,6348,779,746,717,720,0
1924,2435,6542,6362,6095,6375,779,745,717,720,0
1924,2538,6496,6370,6070,6434,778,745,717,720,0
1821,2538,6432,6437,6000,6439,778,745,717,720,0
1821,2640,6560,6354,6071,6400,778,746,717,720,0
1821,2742,6541,6405,6029,6387,779,745,717,720,0
1924,2742,6492,6451,5998,6403,779,745,717,720,0
1924,2640,6509,6448,5953,6410,779,746,717,720,0
2026,2640,6485,6484,5938,6378,778,745,717,720,0
2128,2640,6462,6490,5915,6386,778,746,717,720,0
2128,2742,6486,6474,5937,6363,778,745,717,720,0
2026,2742,6469,6477,5948,6341,778,746,717,720,0
2026,2845,6487,6477,5951,6329,778,746,717,720,0
2128,2845,6460,6503,5941,6316,778,745,717,720,0
2128,2947,6533,6448,6045,6290,778,746,717,720,0
2026,2947,6380,6554,5893,6348,778,745,717,720,0
1924,2947,6443,6503,5982,6308,779,746,717,720,0
1924,2845,6411,6492,5996,6294,779,746,717,720,0
1821,2845,6487,6430,6079,6290,778,745,717,720,0
1821,2947,6485,6478,6137,6212,778,745,717,720,0
1821,3049,6468,6381,6132,6329,778,745,717,720,0
1924,3049,6458,6388,6119,6364,779,745,717,720,0
1924,3152,6474,6386,6132,6331,778,745,717,720,0
1821,3152,6467,6384,6109,6345,779,746,717,720,0
1821,3254,6515,6381,6097,6306,779,745,717,721,0
1821,3357,6530,6441,6075,6256,779,746,717,721,0
1924,3357,6505,6435,6023,6330,778,745,717,720,0
1924,3254,6515,6433,5989,6381,779,746,717,720,0
2026,3254,6503,6442,5976,6386,779,746,717,720,0
2026,3357,6491,6452,5978,6373,779,746,717,720,0
2128,3357,6470,6468,5935,6384,778,746,717,720,0
2128,3254,6471,6476,5923,6374,778,745,717,720,0
2128,3152,6496,6484,5947,6343,778,745,717,720,0
2026,3152,6467,6490,5914,6346,778,746,717,720,0
2026,3049,6455,6504,5911,6337,778,745,717,720,0
2128,3049,6482,6481,5935,6361,778,745,717,720,0
2231,3049,6509,6464,5989,6304,778,746,717,720,0
2333,3049,6480,6463,5971,6342,778,745,717,721,0
2333,3152,6579,6398,6086,6279,778,745,717,720,0
2231,3152,6454,6518,5949,6284,777,746,717,720,0
2231,3254,6486,6513,5940,6235,778,746,717,720,0
2231,3357,6491,6548,5916,6230,778,746,717,721,0
2333,3357,6464,6563,5861,6223,778,746,717,720,0
2333,3254,6473,6582,5848,6199,778,746,717,721,0
2435,3254,6421,6606,5815,6245,778,746,717,720,0
2435,3357,6427,6592,5835,6250,778,746,717,720,0
2538,3357,6407,6615,5813,6232,778,745,717,720,0
2538,3254,6445,6600,5843,6233,778,746,717,720,0
2538,3152,6435,6577,5843,6255,778,746,717,720,0
2435,3152,6453,6593,5807,6237,778,746,717,720,0
2435,3049,6473,6583,5826,6249,778,746,718,720,0
2538,3049,6462,6595,5800,6242,778,746,717,720,0
2538,2947,6474,6610,5792,6233,778,746,717,720,0
2538,2845,6454,6584,5817,6246,779,746,717,720,0
2435,2845,6457,6586,5812,6261,778,745,717,720,0
2435,2947,6483,6563,5864,6270,778,745,717,720,0
2333,2947,6444,6595,5817,6308,778,745,717,720,0
2231,2947,6516,6549,5890,6264,778,746,717,720,0
2231,2845,6481,6572,5872,6282,777,745,717,720,0
2333,2845,6428,6564,5843,6290,778,746,717,720,0
2333,2742,6531,6452,5996,6269,778,746,717,720,0
2231,2742,6546,6432,6020,6268,778,746,717,721,0
2231,2640,6469,6494,5943,6287,778,745,717,720,0
2333,2640,6426,6549,5851,6308,778,746,717,720,0
2435,2640,6532,6547,5909,6271,778,746,717,720,0
2435,2742,6471,6577,5810,6322,778,746,717,720,0
2538,2742,6462,6633,5833,6266,778,746,717,720,0
2538,2640,6432,6583,5793,6289,778,745,717,720,0
2640,2640,6479,6603,5795,6260,778,746,717,720,0
2640,2742,6508,6568,5830,6225,779,746,718,720,0
2742,2742,6498,6583,5793,6212,779,746,717,720,0
2742,2640,6480,6617,5734,6227,779,745,717,720,0
2845,2640,6463,6640,5693,6259,779,745,717,720,0
2947,2640,6490,6635,5727,6215,779,747,717,720,0
2947,2742,6470,6634,5705,6222,778,746,717,720,0
2845,2742,6467,6671,5666,6206,778,746,717,721,0
2845,2845,6460,6677,5648,6167,778,746,717,720,0
2947,2845,6463,6713,5606,6169,778,745,717,720,0
2947,2947,6473,6685,5620,6157,778,746,717,720,0
2845,2947,6485,6640,5680,6157,777,746,717,720,0
2742,2947,6437,6670,5660,6197,778,746,717,720,0
2742,2845,6518,6661,5757,6131,778,746,717,720,0
2640,2845,6454,6661,5686,6224,779,746,718,721,0
2640,2947,6491,6654,5721,6168,779,745,717,720,0
2640,3049,6488,6613,5787,6168,778,745,717,720,0
2742,3049,6445,6647,5749,6201,778,746,717,720,0
2742,3152,6485,6631,5754,6190,778,746,717,720,0
2640,3152,6444,6696,5669,6166,779,745,717,720,0
2640,3254,6426,6673,5671,6205,779,746,717,720,0
2640,3357,6421,6683,5645,6226,778,746,717,720,0
2742,3357,6503,6662,5714,6160,778,746,717,720,0
2742,3254,6449,6674,5673,6186,778,746,717,720,0
2845,3254,6442,6669,5686,6179,778,746,717,720,0
2845,3357,6431,6691,5676,6187,778,746,717,720,0
2947,3357,6425,6717,5641,6201,778,745,717,720,0
2947,3254,6419,6690,5657,6203,779,746,718,721,0
2947,3152,6459,6699,5681,6169,779,746,717,720,0
2845,3152,6441,6696,5644,6204,779,746,717,720,0
2845,3049,6452,6643,5654,6207,779,746,717,720,0
2947,3049,6497,6620,5693,6181,778,745,717,720,0
3049,3049,6472,6654,5655,6170,778,746,717,720,0
3152,3049,6468,6717,5623,6138,778,746,717,720,0
3152,3152,6532,6731,5676,6085,778,745,717,719,0
3049,3152,6528,6701,5643,6138,777,746,717,720,0
3049,3254,6447,6781,5526,6167,777,745,717,720,0
3049,3357,6461,6765,5538,6177,777,746,717,720,0
3152,3357,6513,6727,5593,6148,777,746,717,720,0
3152,3254,6442,6775,5517,6188,777,746,717,720,0
3254,3254,6474,6752,5580,6149,778,746,718,721,0
3254,3357,6434,6780,5531,6164,777,746,717,720,0
3357,3357,6511,6687,5648,6091,777,745,717,720,0
3357,3254,6384,6809,5519,6098,777,745,717,720,0
3357,3152,6423,6832,5515,6055,777,746,717,720,0
3254,3152,6461,6830,5518,6012,778,746,717,720,0
3254,3049,6495,6814,5543,5980,778,746,717,720,0
3357,3049,6457,6800,5502,6025,778,746,717,720,0
3357,2947,6455,6790,5526,6029,778,745,717,720,0
3357,2845,6418,6788,5516,6050,779,745,717,720,0
3254,2845,6358,6831,5483,6073,778,745,717,720,0
3254,2947,6453,6780,5590,6056,778,745,717,720,0
3152,2947,6421,6803,5571,6062,777,746,717,720,0
3049,2947,6398,6782,5565,6082,777,745,717,720,0
3049,2845,6415,6775,5574,6096,777,745,717,720,0
3152,2845,6414,6799,5556,6145,777,746,717,720,0
3152,2742,6450,6766,5561,6157,777,745,717,720,0
3049,2742,6427,6770,5525,6157,777,745,717,720,0
3049,2640,6464,6742,5563,6178,777,746,717,720,0
3152,2640,6493,6727,5583,6177,777,746,717,720,0
3254,2640,6524,6726,5605,6156,777,745,717,720,0
3254,2742,6584,6689,5659,6118,777,746,717,720,0
3357,2742,6485,6759,5540,6137,777,745,717,720,0
3357,2640,6445,6761,5490,6180,777,745,717,720,0
3357,2538,6461,6739,5481,6191,777,745,717,720,0
3254,2538,6433,6763,5470,6183,778,746,717,720,0
3254,2435,6435,6736,5491,6168,778,746,717,721,0
3357,2435,6511,6714,5541,6147,777,745,717,719,0
3357,2333,6425,6716,5510,6155,777,745,717,720,0
3357,2231,6581,6670,5658,6066,777,745,717,720,0
3254,2231,6403,6763,5509,6124,777,746,717,720,0
3254,2333,6460,6768,5536,6102,777,746,717,720,0
3152,2333,6409,6795,5527,6097,777,746,717,720,0
3152,2231,6406,6812,5507,6098,777,745,717,720,0
3049,2231,6397,6774,5541,6103,777,746,717,720,0
3049,2333,6346,6801,5523,6109,777,746,717,720,0
3049,2435,6460,6708,5616,6086,777,746,717,720,0
3152,2435,6478,6722,5618,6081,777,746,717,720,0
3152,2538,6392,6790,5552,6118,777,746,717,720,0
3049,2538,6417,6785,5581,6103,777,746,717,720,0
2947,2538,6392,6825,5515,6128,777,746,717,720,0
2947,2435,6472,6747,5633,6079,777,745,717,720,0
2845,2435,6434,6786,5568,6141,777,746,717,720,0
2845,2538,6454,6755,5535,6148,777,746,717,720,0
2742,2538,6509,6655,5679,6142,777,746,717,720,0
2640,2538,6463,6672,5630,6215,778,747,718,720,0
2640,2435,6473,6670,5650,6236,778,746,717,720,0
2742,2435,6463,6690,5668,6248,779,745,717,720,0
2742,2333,6480,6651,5687,6277,778,746,717,719,0
2640,2333,6483,6646,5683,6275,778,745,717,720,0
2640,2231,6502,6648,5709,6230,778,746,717,720,0
2742,2231,6438,6721,5611,6266,779,746,718,720,0
2845,2231,6491,6679,5644,6235,778,746,717,720,0
2845,2333,6374,6728,5526,6255,778,745,717,720,0
2947,2333,6535,6678,5637,6196,777,745,717,720,0
2947,2231,6560,6664,5610,6234,777,746,717,720,0
2947,2128,6530,6709,5598,6196,777,745,717,720,0
2947,2026,6483,6733,5561,6207,778,746,717,720,0
2845,2026,6418,6778,5523,6189,777,746,717,720,0
2845,2128,6534,6655,5707,6105,777,746,717,720,0
2742,2128,6474,6695,5650,6154,778,746,717,720,0
2640,2128,6470,6665,5676,6212,779,746,717,720,0
2640,2026,6439,6674,5663,6238,779,746,717,720,0
2742,2026,6461,6655,5670,6248,778,746,717,720,0
2742,1924,6445,6663,5700,6233,779,746,717,720,0
2640,1924,6430,6697,5655,6226,778,745,717,720,0
2640,1821,6450,6691,5696,6174,779,746,717,720,0
2742,1821,6455,6722,5676,6150,779,745,717,720,0
2845,1821,6483,6677,5685,6148,777,745,717,720,0
2845,1924,6447,6747,5608,6150,778,746,717,720,0
2947,1924,6466,6750,5574,6170,777,746,717,720,0
2947,1821,6477,6739,5580,6191,778,746,717,720,0
3049,1821,6478,6737,5570,6222,777,746,717,720,0
3152,1821,6557,6742,5620,6143,778,746,716,720,0
3152,1924,6537,6709,5599,6178,777,746,717,720,0
3049,1924,6563,6706,5610,6171,777,745,717,720,0
3049,2026,6498,6752,5532,6193,777,746,717,720,0
3049,2128,6487,6768,5505,6198,777,746,717,720,0
3152,2128,6488,6731,5583,6179,777,745,716,720,0
3152,2026,6516,6725,5579,6173,777,746,717,720,0
3254,2026,6487,6735,5557,6188,777,746,717,720,0
3254,2128,6463,6748,5521,6203,777,746,717,720,0
3357,2128,6464,6747,5561,6165,778,746,717,720,0
3357,2026,6457,6770,5566,6115,777,746,717,720,0
3357,1924,6403,6792,5471,6117,778,746,717,721,0
3254,1924,6444,6789,5510,6098,777,745,717,720,0
3254,1821,6451,6811,5497,6085,778,746,717,720,0
3357,1821,6452,6801,5489,6092,777,745,717,720,0
3357,1719,6514,6717,5584,6063,778,745,717,720,0
3357,1616,6424,6771,5519,6115,777,746,717,720,0
3254,1616,6485,6763,5610,6060,778,747,717,720,0
3254,1719,6437,6767,5557,6114,777,746,717,720,0
3152,1719,6446,6756,5579,6130,777,745,717,720,0
3049,1719,6473,6734,5614,6122,777,746,717,720,0
3049,1616,6477,6740,5588,6166,778,746,717,720,0
3152,1616,6467,6736,5566,6181,777,746,717,720,0
3152,1514,6463,6734,5575,6158,777,746,717,720,0
3049,1514,6449,6747,5541,6193,777,745,717,720,0
3049,1412,6487,6715,5555,6177,777,745,717,720,0
3152,1412,6456,6708,5540,6191,777,745,717,720,0
3254,1412,6530,6692,5601,6141,777,746,717,720,0
3254,1514,6536,6689,5575,6139,777,745,717,720,0
3357,1514,6445,6739,5514,6167,777,746,717,720,0
3357,1412,6503,6740,5515,6146,778,746,718,721,0
3357,1309,6481,6718,5509,6160,777,746,717,720,0
3254,1309,6454,6747,5521,6137,778,746,717,720,0
3254,1207,6508,6764,5555,6088,777,745,717,719,0
3357,1207,6434,6724,5517,6159,777,746,717,720,0
3357,1105,6440,6737,5519,6132,777,746,717,720,0
3357,1002,6526,6661,5637,6095,777,746,717,720,0
3254,1002,6448,6739,5548,6123,777,745,717,721,0
3254,1105,6481,6735,5588,6086,777,745,717,720,0
3152,1105,6445,6751,5541,6133,777,746,717,720,0
3152,1002,6456,6737,5555,6126,777,745,717,720,0
3049,1002,6454,6724,5565,6133,777,745,717,720,0
3049,1105,6455,6713,5582,6147,778,746,717,720,0
3049,1207,6476,6712,5569,6166,778,746,717,720,0
3152,1207,6446,6733,5542,6171,777,746,717,720,0
3152,1309,6405,6770,5522,6172,778,746,717,720,0
3049,1309,6492,6730,5589,6138,777,745,717,720,0
2947,1309,6477,6723,5560,6155,777,746,717,720,0
2845,1309,6465,6730,5552,6178,777,746,717,720,0
2845,1207,6547,6709,5635,6152,778,745,717,720,0
2947,1207,6513,6718,5594,6156,777,746,717,720,0
2947,1105,6531,6654,5595,6194,778,745,717,720,0
2947,1002,6551,6580,5671,6201,778,746,717,720,0
2845,1002,6531,6639,5671,6172,778,745,717,720,0
2845,1105,6543,6619,5660,6201,778,746,717,720,0
2742,1105,6498,6649,5604,6245,778,746,717,720,0
2742,1002,6470,6683,5587,6247,779,746,717,720,0
2640,1002,6431,6687,5567,6225,778,745,717,720,0
2640,1105,6517,6618,5695,6182,778,746,717,720,0
2640,1207,6445,6618,5647,6244,778,745,717,720,0
2742,1207,6498,6628,5678,6223,779,745,717,720,0
2742,1309,6472,6641,5642,6260,779,746,717,720,0
2640,1309,6468,6599,5727,6245,778,745,717,720,0
2640,1412,6486,6651,5695,6197,778,746,717,720,0
2640,1514,6467,6637,5675,6225,778,745,717,720,0
2742,1514,6475,6633,5676,6210,778,745,717,720,0
2742,1412,6458,6627,5680,6195,778,745,717,720,0
2845,1412,6453,6632,5695,6166,778,745,716,720,0
2947,1412,6425,6657,5607,6193,778,745,717,720,0
2947,1514,6487,6665,5663,6119,778,745,717,720,0
2845,1514,6518,6651,5667,6111,777,746,716,720,0
2845,1616,6463,6684,5594,6153,777,745,717,720,0
2947,1616,6453,6708,5567,6175,778,746,717,720,0
2947,1719,6472,6716,5582,6146,778,745,717,720,0
2845,1719,6528,6646,5674,6112,778,745,717,720,0
2742,1719,6457,6689,5637,6157,778,746,717,720,0
2742,1616,6434,6682,5628,6188,778,746,717,720,0
2640,1616,6449,6680,5638,6199,779,745,717,720,0
2640,1719,6504,6643,5692,6185,779,746,717,720,0
2538,1719,6398,6697,5635,6254,779,746,717,720,0
2435,1719,6478,6671,5662,6250,779,745,717,720,0
2435,1616,6479,6601,5719,6262,778,746,717,720,0
2538,1616,6520,6600,5759,6215,778,745,717,720,0
2538,1514,6488,6626,5757,6217,778,746,717,720,0
2538,1412,6508,6588,5782,6221,778,745,717,720,0
2435,1412,6520,6599,5757,6227,778,745,717,720,0
2435,1514,6498,6594,5719,6265,778,745,717,720,0
2333,1514,6496,6608,5699,6268,778,745,717,720,0
2333,1412,6467,6639,5673,6271,779,746,717,720,0
2231,1412,6536,6558,5792,6204,779,745,717,720,0
2231,1514,6486,6559,5811,6212,778,745,717,720,0
2231,1616,6480,6568,5808,6263,778,746,717,720,0
2333,1616,6483,6545,5860,6270,777,745,717,720,0
2333,1719,6477,6522,5872,6255,778,745,717,720,0
2231,1719,6472,6555,5859,6268,778,746,717,720,0
2128,1719,6490,6531,5860,6282,777,746,717,720,0
2128,1616,6487,6517,5843,6305,778,746,717,720,0
2026,1616,6474,6547,5801,6289,778,745,717,720,0
2026,1719,6493,6533,5823,6283,777,745,717,720,0
1924,1719,6458,6538,5795,6331,777,745,717,720,0
1821,1719,6462,6487,5885,6307,778,745,717,720,0
1821,1616,6496,6459,5943,6329,778,746,717,720,0
1924,1616,6513,6447,5993,6342,779,746,717,720,0
1924,1514,6509,6379,6044,6407,779,745,717,720,0
1821,1514,6573,6335,6088,6344,778,746,717,720,0
1821,1412,6519,6405,6037,6362,779,746,717,720,0
1924,1412,6523,6385,5996,6418,778,746,717,720,0
2026,1412,6524,6417,5910,6408,779,745,717,720,0
2026,1514,6579,6369,5961,6326,778,746,717,720,0
2128,1514,6495,6512,5785,6387,778,745,717,720,0
2128,1412,6558,6489,5837,6309,778,746,717,720,0
2128,1309,6520,6525,5794,6293,778,746,717,720,0
2128,1207,6504,6545,5792,6270,777,746,717,720,0
2026,1207,6491,6542,5796,6315,777,745,717,720,0
2026,1309,6460,6510,5822,6323,778,745,717,720,0
1924,1309,6477,6445,5907,6363,778,745,717,720,0
1821,1309,6456,6496,5916,6337,779,746,717,720,0
1821,1207,6496,6403,6026,6331,779,745,717,720,0
1924,1207,6463,6412,6006,6348,779,746,717,720,0
1924,1105,6489,6371,6033,6341,779,745,717,720,0
1821,1105,6526,6378,6013,6344,779,747,718,721,0
1821,1002,6487,6413,5994,6346,778,745,717,720,0
1924,1002,6455,6452,5942,6336,778,746,717,720,0
2026,1002,6442,6462,5884,6321,777,745,717,720,0
2026,1105,6562,6436,5962,6243,778,746,717,720,0
2128,1105,6461,6483,5830,6340,777,745,717,720,0
2128,1002,6474,6471,5844,6388,778,745,717,720,0
2231,1002,6470,6493,5768,6425,778,745,717,720,0
2333,1002,6534,6474,5811,6395,778,745,717,720,0
2333,1105,6497,6509,5780,6389,778,746,717,720,0
2231,1105,6556,6488,5812,6367,778,746,717,720,0
2231,1207,6550,6539,5798,6325,777,745,717,720,0
2231,1309,6520,6546,5780,6337,778,746,717,720,0
2333,1309,6526,6504,5815,6311,778,746,717,720,0
2333,1207,6505,6539,5788,6305,778,745,717,720,0
2435,1207,6510,6511,5841,6277,778,746,717,720,0
2435,1309,6552,6492,5856,6264,778,745,717,720,0
2538,1309,6548,6488,5841,6284,778,745,717,720,0
2538,1207,6525,6507,5837,6234,778,745,717,720,0
2538,1105,6475,6571,5761,6229,778,745,717,720,0
2435,1105,6560,6546,5775,6206,779,746,717,720,0
2435,1002,6547,6564,5753,6230,779,745,717,720,0
2538,1002,6430,6640,5654,6239,779,746,717,720,0
2538,900,6454,6609,5705,6213,779,745,717,720,0
2435,900,6498,6570,5763,6170,778,745,717,720,0
2435,798,6463,6572,5778,6209,778,746,717,720,0
2538,798,6487,6548,5808,6233,779,745,717,720,0
2538,695,6463,6559,5785,6250,778,746,717,720,0
2538,593,6459,6561,5775,6279,778,745,717,720,0
2435,593,6516,6508,5832,6230,778,746,717,720,0
2435,695,6508,6514,5789,6262,778,746,717,720,0
2333,695,6611,6474,5903,6144,778,745,717,720,0
2333,593,6611,6449,5862,6216,779,745,717,720,0
2231,593,6452,6557,5743,6296,778,745,717,720,0
2231,695,6472,6512,5793,6307,778,746,717,720,0
2231,798,6501,6519,5792,6346,778,746,717,720,0
2333,798,6511,6545,5790,6337,777,745,717,720,0
2333,900,6499,6523,5822,6370,777,745,717,720,0
2231,900,6565,6475,5904,6345,777,745,717,720,0
2128,900,6525,6495,5844,6387,778,746,717,721,0
2128,798,6464,6551,5756,6404,778,746,717,720,0
2026,798,6486,6521,5782,6402,778,746,717,720,0
2026,900,6582,6426,5908,6349,778,745,717,720,0
1924,900,6523,6427,5884,6403,777,745,717,720,0
1821,900,6562,6386,5977,6317,778,745,717,720,0
1821,798,6444,6458,5917,6370,778,746,717,720,0
1924,798,6455,6433,5969,6404,779,745,717,720,0
1924,695,6472,6399,6001,6383,779,746,717,720,0
1821,695,6453,6420,5975,6414,778,745,717,720,0
1821,593,6477,6390,6029,6397,779,746,717,720,0
1924,593,6544,6346,6035,6413,778,745,717,720,0
2026,593,6548,6393,5991,6390,779,745,717,720,0
2026,695,6503,6405,5939,6402,778,745,717,720,0
2128,695,6491,6451,5831,6393,778,745,717,720,0
2128,593,6501,6484,5823,6366,778,746,717,720,0
2128,491,6480,6522,5808,6310,778,745,717,720,0
2128,388,6517,6570,5827,6238,777,746,717,720,0
2026,388,6494,6581,5781,6304,778,746,717,720,0
2026,491,6501,6474,5882,6350,778,746,717,720,0
1924,491,6430,6472,5898,6377,778,746,717,720,0
1821,491,6495,6411,5928,6410,778,746,717,720,0
1821,388,6481,6381,5956,6464,779,746,717,720,0
1924,388,6504,6373,6020,6447,779,746,717,720,0
1924,286,6564,6332,6064,6436,779,746,717,721,0
1821,286,6504,6400,5974,6455,779,746,717,720,0
1821,184,6505,6429,5978,6380,779,746,717,721,0
1924,184,6486,6471,5930,6351,778,746,717,720,0
2026,184,6470,6471,5901,6343,778,746,717,720,0
2026,286,6560,6410,5935,6346,777,745,717,720,0
2128,286,6497,6448,5894,6362,777,745,717,720,0
2128,184,6525,6431,5916,6369,778,745,717,720,0
2231,184,6478,6492,5834,6400,778,746,717,720,0
2333,184,6465,6532,5792,6386,778,746,717,720,0
2333,286,6499,6539,5811,6338,778,745,717,720,0
2231,286,6444,6573,5752,6367,777,745,717,720,0
2231,388,6526,6544,5849,6268,777,746,717,720,0
2231,491,6501,6518,5845,6312,777,745,718,720,0
2333,491,6508,6530,5841,6269,778,746,717,720,0
2333,388,6488,6515,5813,6312,777,745,716,720,0
2435,388,6485,6543,5786,6311,778,745,717,720,0
2435,491,6463,6559,5753,6322,778,746,717,720,0
2538,491,6511,6523,5811,6303,777,745,717,720,0
2538,388,6559,6509,5850,6244,778,745,717,720,0
2538,286,6566,6496,5831,6227,778,746,717,720,0
2435,286,6569,6534,5778,6287,778,745,718,720,0
2435,184,6518,6574,5705,6318,779,745,717,720,0
2538,184,6501,6578,5662,6345,778,745,717,720,0
2640,184,6527,6571,5693,6335,778,745,717,720,0
2640,286,6497,6562,5704,6326,779,745,717,720,0
2742,286,6522,6554,5727,6311,778,745,717,720,0
2742,184,6538,6582,5704,6308,778,745,717,720,0
2845,184,6507,6607,5675,6285,778,746,717,720,0
2947,184,6507,6643,5650,6239,778,746,717,720,0
2947,286,6468,6637,5617,6239,778,745,716,720,0
2845,286,6578,6609,5639,6232,778,746,717,720,0
2845,388,6499,6657,5565,6253,777,746,717,720,0
2947,388,6530,6679,5584,6209,777,746,717,720,0
2947,491,6463,6692,5529,6239,778,746,717,720,0
2845,491,6497,6641,5627,6182,778,746,717,720,0
2742,491,6473,6638,5649,6202,778,746,717,720,0
2742,388,6507,6668,5713,6148,778,746,717,720,0
2640,388,6468,6627,5702,6226,778,745,717,720,0
2640,491,6440,6691,5698,6193,779,745,717,720,0
2640,593,6479,6614,5734,6197,778,746,717,720,0
2742,593,6490,6568,5754,6258,779,745,717,720,0
2742,695,6449,6631,5638,6317,779,745,717,720,0
2640,695,6480,6615,5665,6274,779,746,717,720,0
2640,798,6489,6604,5669,6248,778,746,717,719,0
2640,900,6511,6609,5662,6249,778,745,717,720,0
2742,900,6523,6650,5649,6218,778,746,717,720,0
2742,798,6553,6619,5694,6194,778,746,717,720,0
2845,798,6452,6694,5617,6250,778,746,717,720,0
2845,900,6519,6620,5649,6271,778,746,717,720,0
2947,900,6556,6613,5674,6266,778,745,717,720,0
2947,798,6561,6598,5645,6296,778,745,717,720,0
2947,695,6570,6568,5673,6287,778,746,717,720,0
2845,695,6535,6621,5628,6262,778,746,717,720,0
2845,593,6548,6655,5578,6258,778,746,717,720,0
2947,593,6578,6639,5619,6233,778,745,717,720,0
3049,593,6572,6674,5647,6179,778,745,717,720,0
3152,593,6460,6769,5509,6204,777,745,717,720,0
3152,695,6482,6720,5554,6188,777,745,717,720,0
3049,695,6462,6728,5535,6199,777,746,717,720,0
3049,798,6442,6747,5520,6207,777,746,717,720,0
3049,900,6505,6709,5597,6163,777,745,717,720,0
3152,900,6472,6696,5594,6189,777,746,717,720,0
3152,798,6536,6696,5635,6143,777,745,717,720,0
3254,798,6531,6684,5664,6110,777,746,717,720,0
3254,900,6466,6724,5597,6136,777,745,717,720,0
3357,900,6430,6745,5555,6140,777,746,717,720,0
3357,798,6469,6712,5544,6108,777,746,717,720,0
3357,695,6431,6739,5514,6106,777,745,717,720,0
3254,695,6451,6774,5479,6098,778,745,717,720,0
3254,593,6476,6735,5472,6136,778,746,717,720,0
3357,593,6538,6696,5550,6100,778,745,717,720,0
3357,491,6426,6728,5449,6186,777,746,717,721,0
3357,388,6463,6690,5472,6173,777,745,717,720,0
3254,388,6471,6713,5487,6198,777,746,717,720,0
3254,491,6499,6705,5506,6191,777,746,717,720,0
3152,491,6521,6683,5526,6197,777,746,717,720,0
3049,491,6517,6701,5515,6192,777,746,717,721,0
3049,388,6524,6708,5525,6185,777,746,717,720,0
3152,388,6539,6679,5561,6194,779,747,717,721,0
3152,286,6525,6663,5553,6219,778,746,717,720,0
3049,286,6503,6671,5537,6228,777,746,717,720,0
3049,184,6593,6599,5662,6178,778,746,717,720,0
3152,184,6582,6614,5637,6184,777,745,717,720,0
3254,184,6504,6682,5556,6214,777,746,717,720,0
3254,286,6468,6709,5527,6205,777,745,717,720,0
3357,286,6486,6718,5516,6186,777,745,717,720,0
3357,184,6441,6712,5495,6192,778,745,717,720,0
